{"level":"info","time":"2025-01-17T18:35:35+01:00","message":"Logger Initialized & Started"}
{"level":"info","time":"2025-01-17T18:37:06+01:00","message":"Logger Initialized & Started"}
{"level":"info","time":"2025-01-17T18:39:21+01:00","message":"Logger Initialized & Started"}
{"level":"info","time":"2025-01-17T18:39:57+01:00","message":"Logger Initialized & Started"}
{"level":"info","time":"2025-01-17T18:41:59+01:00","message":"Logger Initialized & Started"}
{"level":"info","time":"2025-01-17T18:44:28+01:00","message":"Logger Initialized & Started"}
{"level":"info","time":"2025-01-17T18:44:31+01:00","message":"Application AgniOne Demo Application - 1.0.0.0 loaded"}
{"level":"info","time":"2025-01-17T18:44:33+01:00","message":"logger instance created with file /media/ajith/data2/Developments/GO/RnD/AgniOne/agni/Agni/log/AgniOne_demo_http.log"}
{"level":"info","time":"2025-01-17T18:44:35+01:00","message":"logger instance created with file /media/ajith/data2/Developments/GO/RnD/AgniOne/agni/Agni/log/AgniOne_demo_http.log"}
{"level":"info","time":"2025-01-17T18:44:39+01:00","message":"Found 1 pool setting for appunit Http _demo"}
{"level":"info","time":"2025-01-17T18:46:32+01:00","message":"Logger Initialized & Started"}
{"level":"info","time":"2025-01-17T18:46:32+01:00","message":"logger instance created with file /media/ajith/data2/Developments/GO/RnD/AgniOne/agni/Agni/log/AgniOne_demo_http.log"}
{"level":"info","time":"2025-01-17T18:46:32+01:00","message":"Application AgniOne Demo Application - 1.0.0.0 loaded"}
{"level":"info","time":"2025-01-17T18:46:32+01:00","message":"Found 1 pool setting for appunit Http _demo"}
{"level":"warn","time":"2025-01-17T18:46:32+01:00","message":"No Application Units loaded"}
{"level":"error","time":"2025-01-17T18:46:32+01:00","message":"Failed to load ZappUnit Http _demo - /media/ajith/data2/Developments/GO/RnD/AgniOne/agni/Agni/apps/units/demohttp.so. plugin.Open(\"/media/ajith/data2/Developments/GO/RnD/AgniOne/agni/Agni/apps/units/demohttp\"): plugin was built with a different version of package internal/abi"}
{"level":"info","time":"2025-01-17T18:46:33+01:00","message":"HTTP monitoring started on 0.0.0.0:8080"}
{"level":"info","time":"2025-01-17T18:46:33+01:00","message":"starting HTTP monitoring ......"}
{"level":"info","time":"2025-01-17T18:49:02+01:00","message":"Logger Initialized & Started"}
{"level":"info","time":"2025-01-17T18:49:02+01:00","message":"Application AgniOne Demo Application - 1.0.0.0 loaded"}
{"level":"info","time":"2025-01-17T18:49:02+01:00","message":"logger instance created with file /media/ajith/data2/Developments/GO/RnD/AgniOne/agni/Agni/log/AgniOne_demo_http.log"}
{"level":"info","time":"2025-01-17T18:49:02+01:00","message":"Found 1 pool setting for appunit Http _demo"}
{"level":"info","time":"2025-01-17T18:49:02+01:00","message":"Loading the 0 appunit of pool [1] of Http _demo"}
{"level":"info","time":"2025-01-17T18:49:02+01:00","message":" - Starting ....."}
{"level":"info","time":"2025-01-17T18:49:02+01:00","message":"Loaded & started 1 pool of appunits"}
{"level":"info","time":"2025-01-17T18:49:02+01:00","message":"Starting (0) of [1] - Http _demo.............\nAppunit info -> "}
{"level":"info","time":"2025-01-17T18:49:02+01:00","message":"Started ------ (0) of [1] - Http _demo successfully"}
{"level":"info","time":"2025-01-17T18:49:02+01:00","message":" - Starting the ........... DONE"}
{"level":"info","time":"2025-01-17T18:49:02+01:00","message":"Started\t1 out of 1 pool of appunit Http _demo\n"}
{"level":"info","time":"2025-01-17T18:49:02+01:00","message":"starting the DoGet routine"}
{"level":"error","time":"2025-01-17T18:49:02+01:00","message":" - DoPost Failed to get the HTTP client plugin unexpected type from module symbols <nil>"}
{"level":"error","time":"2025-01-17T18:49:02+01:00","message":"  - Failed to get the HTTP client plugin unexpected type from module symbols <nil>"}
{"level":"info","time":"2025-01-17T18:49:03+01:00","message":"HTTP monitoring started on 0.0.0.0:8080"}
{"level":"info","time":"2025-01-17T18:49:03+01:00","message":"starting HTTP monitoring ......"}
{"level":"info","time":"2025-01-17T18:49:12+01:00","message":" - Stopping HTTPZAU demo........... DONE"}
{"level":"info","time":"2025-01-17T18:49:12+01:00","message":"Application Framework stopped called......"}
{"level":"info","time":"2025-01-17T18:49:12+01:00","message":"Found AppUnits 1 in pool"}
{"level":"info","time":"2025-01-17T18:49:12+01:00","message":"AppUnit - [0] Stop called"}
{"level":"info","time":"2025-01-17T18:49:12+01:00","message":" - Stopping HTTPZAU demo......"}
{"level":"info","time":"2025-01-17T18:49:13+01:00","message":"Stopping HTTP monitoring server........"}
{"level":"info","time":"2025-01-17T18:49:13+01:00","message":"Application Framework stopped called........ DONE"}
{"level":"info","time":"2025-01-17T18:49:13+01:00","message":"Stopping HTTP monitoring server........ DONE"}
{"level":"info","time":"2025-01-17T18:50:16+01:00","message":"Logger Initialized & Started"}
{"level":"info","time":"2025-01-17T18:50:16+01:00","message":"logger instance created with file /media/ajith/data2/Developments/GO/RnD/AgniOne/agni/Agni/log/AgniOne_demo_http.log"}
{"level":"info","time":"2025-01-17T18:50:16+01:00","message":"Application AgniOne Demo Application - 1.0.0.0 loaded"}
{"level":"info","time":"2025-01-17T18:50:16+01:00","message":"Found 1 pool setting for appunit Http _demo"}
{"level":"info","time":"2025-01-17T18:50:16+01:00","message":"Loading the 0 appunit of pool [1] of Http _demo"}
{"level":"info","time":"2025-01-17T18:50:16+01:00","message":"Starting (0) of [1] - Http _demo.............\nAppunit info -> "}
{"level":"info","time":"2025-01-17T18:50:16+01:00","message":"Loaded & started 1 pool of appunits"}
{"level":"info","time":"2025-01-17T18:50:16+01:00","message":" - Starting ....."}
{"level":"info","time":"2025-01-17T18:50:16+01:00","message":"Started ------ (0) of [1] - Http _demo successfully"}
{"level":"info","time":"2025-01-17T18:50:16+01:00","message":" - Starting the ........... DONE"}
{"level":"info","time":"2025-01-17T18:50:16+01:00","message":"Started\t1 out of 1 pool of appunit Http _demo\n"}
{"level":"info","time":"2025-01-17T18:50:16+01:00","message":"starting the DoGet routine"}
{"level":"info","time":"2025-01-17T18:50:17+01:00","message":"HTTP monitoring started on 0.0.0.0:8080"}
{"level":"info","time":"2025-01-17T18:50:17+01:00","message":"starting HTTP monitoring ......"}
{"level":"info","time":"2025-01-17T18:50:20+01:00","message":" - DoPost Result :: Status code: 200"}
{"level":"info","time":"2025-01-17T18:50:20+01:00","message":" - Headers :\r\nDate:Fri, 17 Jan 2025 17:50:20 GMT\nConnection:keep-alive\nAccess-Control-Allow-Origin:*\nAccess-Control-Allow-Credentials:true\n"}
{"level":"info","time":"2025-01-17T18:50:20+01:00","message":" - [0] - GET Result :: Status code: 200"}
{"level":"info","time":"2025-01-17T18:50:20+01:00","message":" - Headers :\r\nAccess-Control-Allow-Origin:*\nAccess-Control-Allow-Credentials:true\nDate:Fri, 17 Jan 2025 17:50:20 GMT\nConnection:keep-alive\n"}
{"level":"info","time":"2025-01-17T18:50:22+01:00","message":" - [1] - GET Result :: Status code: 200"}
{"level":"info","time":"2025-01-17T18:50:22+01:00","message":" - Headers :\r\nDate:Fri, 17 Jan 2025 17:50:22 GMT\nConnection:keep-alive\nAccess-Control-Allow-Origin:*\nAccess-Control-Allow-Credentials:true\n"}
{"level":"info","time":"2025-01-17T18:50:22+01:00","message":" - DoPost Result :: Status code: 200"}
{"level":"info","time":"2025-01-17T18:50:22+01:00","message":" - Headers :\r\nDate:Fri, 17 Jan 2025 17:50:22 GMT\nConnection:keep-alive\nAccess-Control-Allow-Origin:*\nAccess-Control-Allow-Credentials:true\n"}
{"level":"info","time":"2025-01-17T18:50:25+01:00","message":" - DoPost Result :: Status code: 200"}
{"level":"info","time":"2025-01-17T18:50:25+01:00","message":" - Headers :\r\nDate:Fri, 17 Jan 2025 17:50:25 GMT\nConnection:keep-alive\nAccess-Control-Allow-Origin:*\nAccess-Control-Allow-Credentials:true\n"}
{"level":"info","time":"2025-01-17T18:50:26+01:00","message":" - [2] - GET Result :: Status code: 200"}
{"level":"info","time":"2025-01-17T18:50:26+01:00","message":" - Headers :\r\nDate:Fri, 17 Jan 2025 17:50:26 GMT\nConnection:keep-alive\nAccess-Control-Allow-Origin:*\nAccess-Control-Allow-Credentials:true\n"}
{"level":"info","time":"2025-01-17T18:50:28+01:00","message":" - [3] - GET Result :: Status code: 200"}
{"level":"info","time":"2025-01-17T18:50:28+01:00","message":" - Headers :\r\nDate:Fri, 17 Jan 2025 17:50:28 GMT\nConnection:keep-alive\nAccess-Control-Allow-Origin:*\nAccess-Control-Allow-Credentials:true\n"}
{"level":"info","time":"2025-01-17T18:50:28+01:00","message":" - DoPost Result :: Status code: 200"}
{"level":"info","time":"2025-01-17T18:50:28+01:00","message":" - Headers :\r\nDate:Fri, 17 Jan 2025 17:50:28 GMT\nConnection:keep-alive\nAccess-Control-Allow-Origin:*\nAccess-Control-Allow-Credentials:true\n"}
{"level":"info","time":"2025-01-17T18:50:31+01:00","message":" - Stopping HTTPZAU demo........... DONE"}
{"level":"info","time":"2025-01-17T18:50:31+01:00","message":"Found AppUnits 1 in pool"}
{"level":"info","time":"2025-01-17T18:50:31+01:00","message":"Application Framework stopped called......"}
{"level":"info","time":"2025-01-17T18:50:31+01:00","message":"AppUnit - [0] Stop called"}
{"level":"info","time":"2025-01-17T18:50:31+01:00","message":" - Stopping HTTPZAU demo......"}
{"level":"info","time":"2025-01-17T18:50:31+01:00","message":"Application Framework stopped called........ DONE"}
{"level":"info","time":"2025-01-17T18:50:31+01:00","message":"Stopping HTTP monitoring server........"}
{"level":"info","time":"2025-01-17T18:50:31+01:00","message":"Stopping HTTP monitoring server........ DONE"}
{"level":"info","time":"2025-01-17T18:50:31+01:00","message":" - DoPost Result :: Status code: 200"}
{"level":"info","time":"2025-01-17T18:50:31+01:00","message":" - Headers :\r\nAccess-Control-Allow-Origin:*\nAccess-Control-Allow-Credentials:true\nDate:Fri, 17 Jan 2025 17:50:31 GMT\nConnection:keep-alive\n"}
{"level":"info","time":"2025-01-17T18:50:31+01:00","message":" - demo http stopped. stopper channel closed "}
{"level":"info","time":"2025-01-17T18:50:31+01:00","message":" - [4] - GET Result :: Status code: 200"}
{"level":"info","time":"2025-01-17T18:50:31+01:00","message":" - Headers :\r\nDate:Fri, 17 Jan 2025 17:50:31 GMT\nConnection:keep-alive\nAccess-Control-Allow-Origin:*\nAccess-Control-Allow-Credentials:true\n"}
{"level":"info","time":"2025-01-17T18:50:31+01:00","message":" - demo http stopped"}
{"level":"info","time":"2025-04-22T13:08:40+02:00","message":"Logger Initialized & Started"}
{"level":"info","time":"2025-04-22T13:08:40+02:00","message":"logger instance created with file /media/ajith/work/dev/go/Git_Lab2/agnione//log/AgniOne_demo_http.log"}
{"level":"info","time":"2025-04-22T13:08:40+02:00","message":"Application AgniOne Demo Application - 1.0.0.0 loaded"}
{"level":"info","time":"2025-04-22T13:08:40+02:00","message":"Found 1 pool setting for appunit Http_demo"}
{"level":"error","time":"2025-04-22T13:08:40+02:00","message":"Failed to load AgniOne Http_demo - /media/ajith/work/dev/go/Git_Lab2/agnione/apps/units/demohttp.so. plugin.Open(\"/media/ajith/work/dev/go/Git_Lab2/agnione/apps/units/demohttp\"): plugin was built with a different version of package internal/abi"}
{"level":"warn","time":"2025-04-22T13:08:40+02:00","message":"No AgniOne Units loaded"}
{"level":"info","time":"2025-04-22T13:08:41+02:00","message":"starting HTTP monitoring ......"}
{"level":"error","time":"2025-04-22T13:08:41+02:00","message":"HTTP Monitor :: failed to read CORS entries. /media/ajith/work/dev/go/Git_Lab2/agnione/config/cors.config - open /media/ajith/work/dev/go/Git_Lab2/agnione/config/cors.config: no such file or directory"}
{"level":"info","time":"2025-04-22T13:08:41+02:00","message":"HTTP monitoring started on :8080"}
{"level":"info","time":"2025-04-22T13:08:43+02:00","message":"broadcasting status via SSE stopped"}
{"level":"info","time":"2025-04-22T13:12:25+02:00","message":"Logger Initialized & Started"}
{"level":"info","time":"2025-04-22T13:12:25+02:00","message":"logger instance created with file /media/ajith/work/dev/go/Git_Lab2/agnione//log/AgniOne_demo_http.log"}
{"level":"info","time":"2025-04-22T13:12:25+02:00","message":"Application AgniOne Demo Application - 1.0.0.0 loaded"}
{"level":"info","time":"2025-04-22T13:12:25+02:00","message":"Found 1 pool setting for appunit Http_demo"}
{"level":"warn","time":"2025-04-22T13:12:26+02:00","message":"No AgniOne Units loaded"}
{"level":"error","time":"2025-04-22T13:12:26+02:00","message":"Failed to load AgniOne Http_demo - /media/ajith/work/dev/go/Git_Lab2/agnione/apps/units/demohttp.so. plugin.Open(\"/media/ajith/work/dev/go/Git_Lab2/agnione/apps/units/demohttp\"): plugin was built with a different version of package internal/abi"}
{"level":"info","time":"2025-04-22T13:12:27+02:00","message":"starting HTTP monitoring ......"}
{"level":"error","time":"2025-04-22T13:12:27+02:00","message":"HTTP Monitor :: failed to read CORS entries. /media/ajith/work/dev/go/Git_Lab2/agnione/config/cors.config - open /media/ajith/work/dev/go/Git_Lab2/agnione/config/cors.config: no such file or directory"}
{"level":"info","time":"2025-04-22T13:12:27+02:00","message":"HTTP monitoring started on :8080"}
{"level":"info","time":"2025-04-22T13:12:29+02:00","message":"broadcasting status via SSE stopped"}
{"level":"info","time":"2025-04-22T13:15:20+02:00","message":"Logger Initialized & Started"}
{"level":"info","time":"2025-04-22T13:15:20+02:00","message":"logger instance created with file /media/ajith/work/dev/go/Git_Lab2/agnione//log/AgniOne_demo_http.log"}
{"level":"info","time":"2025-04-22T13:15:20+02:00","message":"Found 1 pool setting for appunit Http_demo"}
{"level":"info","time":"2025-04-22T13:15:20+02:00","message":"Application AgniOne Demo Application - 1.0.0.0 loaded"}
{"level":"warn","time":"2025-04-22T13:15:21+02:00","message":"No AgniOne Units loaded"}
{"level":"error","time":"2025-04-22T13:15:21+02:00","message":"Failed to load AgniOne Http_demo - /media/ajith/work/dev/go/Git_Lab2/agnione/apps/units/demohttp.so. plugin.Open(\"/media/ajith/work/dev/go/Git_Lab2/agnione/apps/units/demohttp\"): plugin was built with a different version of package internal/abi"}
{"level":"info","time":"2025-04-22T13:15:22+02:00","message":"starting HTTP monitoring ......"}
{"level":"info","time":"2025-04-22T13:15:22+02:00","message":"HTTP monitoring started on :8080"}
{"level":"info","time":"2025-04-22T13:15:24+02:00","message":"broadcasting status via SSE stopped"}
{"level":"info","time":"2025-04-22T13:17:16+02:00","message":"Logger Initialized & Started"}
{"level":"info","time":"2025-04-22T13:17:16+02:00","message":"logger instance created with file /media/ajith/work/dev/go/Git_Lab2/agnione//log/AgniOne_demo_http.log"}
{"level":"info","time":"2025-04-22T13:17:16+02:00","message":"Found 1 pool setting for appunit Http_demo"}
{"level":"info","time":"2025-04-22T13:17:16+02:00","message":"Application AgniOne Demo Application - 1.0.0.0 loaded"}
{"level":"error","time":"2025-04-22T13:17:16+02:00","message":"Failed to load AgniOne Http_demo - /media/ajith/work/dev/go/Git_Lab2/agnione/apps/units/demohttp.so. plugin.Open(\"/media/ajith/work/dev/go/Git_Lab2/agnione/apps/units/demohttp\"): plugin was built with a different version of package internal/abi"}
{"level":"warn","time":"2025-04-22T13:17:16+02:00","message":"No AgniOne Units loaded"}
{"level":"info","time":"2025-04-22T13:17:17+02:00","message":"starting HTTP monitoring ......"}
{"level":"info","time":"2025-04-22T13:17:17+02:00","message":"HTTP monitoring started on :8080"}
{"level":"info","time":"2025-04-22T13:17:19+02:00","message":"broadcasting status via SSE stopped"}
{"level":"info","time":"2025-04-22T13:20:16+02:00","message":"Logger Initialized & Started"}
{"level":"info","time":"2025-04-22T13:20:16+02:00","message":"logger instance created with file /media/ajith/work/dev/go/Git_Lab2/agnione//log/AgniOne_demo_http.log"}
{"level":"info","time":"2025-04-22T13:20:16+02:00","message":"Found 1 pool setting for appunit Http_demo"}
{"level":"info","time":"2025-04-22T13:20:16+02:00","message":"Application AgniOne Demo Application - 1.0.0.0 loaded"}
{"level":"warn","time":"2025-04-22T13:20:17+02:00","message":"No AgniOne Units loaded"}
{"level":"error","time":"2025-04-22T13:20:17+02:00","message":"Failed to load AgniOne Http_demo - /media/ajith/work/dev/go/Git_Lab2/agnione/apps/units/demohttp.so. unexpected type from module symbols <nil>"}
{"level":"info","time":"2025-04-22T13:20:18+02:00","message":"starting HTTP monitoring ......"}
{"level":"info","time":"2025-04-22T13:20:18+02:00","message":"HTTP monitoring started on :8080"}
{"level":"info","time":"2025-04-22T13:20:20+02:00","message":"broadcasting status via SSE stopped"}
{"level":"info","time":"2025-04-22T13:21:46+02:00","message":"Logger Initialized & Started"}
{"level":"info","time":"2025-04-22T13:21:46+02:00","message":"logger instance created with file /media/ajith/work/dev/go/Git_Lab2/agnione//log/AgniOne_demo_http.log"}
{"level":"info","time":"2025-04-22T13:21:46+02:00","message":"Application AgniOne Demo Application - 1.0.0.0 loaded"}
{"level":"info","time":"2025-04-22T13:21:46+02:00","message":"Found 1 pool setting for appunit Http_demo"}
{"level":"warn","time":"2025-04-22T13:21:46+02:00","message":"No AgniOne Units loaded"}
{"level":"error","time":"2025-04-22T13:21:46+02:00","message":"Failed to load AgniOne Http_demo - /media/ajith/work/dev/go/Git_Lab2/agnione/apps/units/demohttp.so. unexpected type from module symbols <nil>"}
{"level":"info","time":"2025-04-22T13:21:47+02:00","message":"starting HTTP monitoring ......"}
{"level":"info","time":"2025-04-22T13:21:47+02:00","message":"HTTP monitoring started on :8080"}
{"level":"info","time":"2025-04-22T13:21:49+02:00","message":"broadcasting status via SSE stopped"}
{"level":"info","time":"2025-04-22T13:22:48+02:00","message":"Logger Initialized & Started"}
{"level":"info","time":"2025-04-22T13:22:48+02:00","message":"logger instance created with file /media/ajith/work/dev/go/Git_Lab2/agnione//log/AgniOne_demo_http.log"}
{"level":"info","time":"2025-04-22T13:22:48+02:00","message":"Application AgniOne Demo Application - 1.0.0.0 loaded"}
{"level":"info","time":"2025-04-22T13:22:52+02:00","message":"Found 1 pool setting for appunit Http_demo"}
{"level":"info","time":"2025-04-22T13:39:55+02:00","message":"Logger Initialized & Started"}
{"level":"info","time":"2025-04-22T13:39:55+02:00","message":"logger instance created with file /media/ajith/work/dev/go/Git_Lab2/agnione//log/AgniOne_demo_http.log"}
{"level":"info","time":"2025-04-22T13:39:58+02:00","message":"Application AgniOne Demo Application - 1.0.0.0 loaded"}
{"level":"info","time":"2025-04-22T13:40:00+02:00","message":"Found 1 pool setting for appunit Http_demo"}
{"level":"info","time":"2025-04-22T13:40:27+02:00","message":"Loading the 0 appunit of pool [1] of Http_demo"}
{"level":"info","time":"2025-04-22T13:40:27+02:00","message":"Loaded & started 1 pool of appunits"}
{"level":"info","time":"2025-04-22T13:40:27+02:00","message":"Starting (0) of [1] - Http_demo.............\nAppunit info -> "}
{"level":"info","time":"2025-04-22T13:40:43+02:00","message":" - Starting ....."}
{"level":"info","time":"2025-04-22T13:40:43+02:00","message":"Started ------ (0) of [1] - Http_demo successfully"}
{"level":"info","time":"2025-04-22T13:40:43+02:00","message":" - Starting the ........... DONE"}
{"level":"info","time":"2025-04-22T13:40:43+02:00","message":"Started\t1 out of 1 pool of appunit Http_demo\n"}
{"level":"info","time":"2025-04-22T13:40:43+02:00","message":"starting the DoGet routine"}
{"level":"info","time":"2025-04-22T13:40:43+02:00","message":"starting HTTP monitoring ......"}
{"level":"info","time":"2025-04-22T13:40:43+02:00","message":"HTTP monitoring started on :8080"}
{"level":"info","time":"2025-04-22T13:40:45+02:00","message":"broadcasting status via SSE stopped"}
{"level":"info","time":"2025-04-22T13:40:47+02:00","message":" - [0] - GET Result :: Status code: 200"}
{"level":"info","time":"2025-04-22T13:40:47+02:00","message":" - Headers :\r\nDate:Tue, 22 Apr 2025 11:40:47 GMT\nConnection:keep-alive\nAccess-Control-Allow-Origin:*\nAccess-Control-Allow-Credentials:true\n"}
{"level":"info","time":"2025-04-22T13:40:48+02:00","message":" - DoPost Result :: Status code: 200"}
{"level":"info","time":"2025-04-22T13:40:48+02:00","message":" - Headers :\r\nConnection:keep-alive\nAccess-Control-Allow-Origin:*\nAccess-Control-Allow-Credentials:true\nDate:Tue, 22 Apr 2025 11:40:47 GMT\n"}
{"level":"info","time":"2025-04-22T13:40:50+02:00","message":" - [1] - GET Result :: Status code: 200"}
{"level":"info","time":"2025-04-22T13:40:50+02:00","message":" - Headers :\r\nAccess-Control-Allow-Credentials:true\nDate:Tue, 22 Apr 2025 11:40:49 GMT\nConnection:keep-alive\nAccess-Control-Allow-Origin:*\n"}
{"level":"info","time":"2025-04-22T13:40:51+02:00","message":" - DoPost Result :: Status code: 200"}
{"level":"info","time":"2025-04-22T13:40:51+02:00","message":" - Headers :\r\nDate:Tue, 22 Apr 2025 11:40:51 GMT\nConnection:keep-alive\nAccess-Control-Allow-Origin:*\nAccess-Control-Allow-Credentials:true\n"}
{"level":"info","time":"2025-04-22T13:40:53+02:00","message":" - [2] - GET Result :: Status code: 200"}
{"level":"info","time":"2025-04-22T13:40:53+02:00","message":" - Headers :\r\nDate:Tue, 22 Apr 2025 11:40:52 GMT\nConnection:keep-alive\nAccess-Control-Allow-Origin:*\nAccess-Control-Allow-Credentials:true\n"}
{"level":"info","time":"2025-04-22T13:40:53+02:00","message":" - DoPost Result :: Status code: 200"}
{"level":"info","time":"2025-04-22T13:40:53+02:00","message":" - Headers :\r\nDate:Tue, 22 Apr 2025 11:40:53 GMT\nConnection:keep-alive\nAccess-Control-Allow-Origin:*\nAccess-Control-Allow-Credentials:true\n"}
{"level":"info","time":"2025-04-22T13:40:56+02:00","message":" - DoPost Result :: Status code: 200"}
{"level":"info","time":"2025-04-22T13:40:56+02:00","message":" - Headers :\r\nDate:Tue, 22 Apr 2025 11:40:55 GMT\nConnection:keep-alive\nAccess-Control-Allow-Origin:*\nAccess-Control-Allow-Credentials:true\n"}
{"level":"info","time":"2025-04-22T13:40:57+02:00","message":" - [3] - GET Result :: Status code: 200"}
{"level":"info","time":"2025-04-22T13:40:57+02:00","message":" - Headers :\r\nDate:Tue, 22 Apr 2025 11:40:57 GMT\nConnection:keep-alive\nAccess-Control-Allow-Origin:*\nAccess-Control-Allow-Credentials:true\n"}
{"level":"info","time":"2025-04-22T13:40:59+02:00","message":" - [4] - GET Result :: Status code: 200"}
{"level":"info","time":"2025-04-22T13:40:59+02:00","message":" - Headers :\r\nDate:Tue, 22 Apr 2025 11:40:58 GMT\nConnection:keep-alive\nAccess-Control-Allow-Origin:*\nAccess-Control-Allow-Credentials:true\n"}
{"level":"info","time":"2025-04-22T13:40:59+02:00","message":" - DoPost Result :: Status code: 200"}
{"level":"info","time":"2025-04-22T13:40:59+02:00","message":" - Headers :\r\nDate:Tue, 22 Apr 2025 11:40:59 GMT\nConnection:keep-alive\nAccess-Control-Allow-Origin:*\nAccess-Control-Allow-Credentials:true\n"}
{"level":"info","time":"2025-04-22T13:41:02+02:00","message":" - DoPost Result :: Status code: 200"}
{"level":"info","time":"2025-04-22T13:41:02+02:00","message":" - Headers :\r\nDate:Tue, 22 Apr 2025 11:41:02 GMT\nConnection:keep-alive\nAccess-Control-Allow-Origin:*\nAccess-Control-Allow-Credentials:true\n"}
{"level":"info","time":"2025-04-22T13:41:03+02:00","message":" - [5] - GET Result :: Status code: 200"}
{"level":"info","time":"2025-04-22T13:41:03+02:00","message":" - Headers :\r\nAccess-Control-Allow-Credentials:true\nDate:Tue, 22 Apr 2025 11:41:03 GMT\nConnection:keep-alive\nAccess-Control-Allow-Origin:*\n"}
{"level":"info","time":"2025-04-22T13:41:05+02:00","message":" - DoPost Result :: Status code: 502"}
{"level":"info","time":"2025-04-22T13:41:05+02:00","message":" - Headers :\r\nDate:Tue, 22 Apr 2025 11:41:05 GMT\nConnection:keep-alive\n"}
{"level":"info","time":"2025-04-22T13:41:07+02:00","message":" - Headers :\r\nDate:Tue, 22 Apr 2025 11:41:07 GMT\nConnection:keep-alive\nAccess-Control-Allow-Origin:*\nAccess-Control-Allow-Credentials:true\n"}
{"level":"info","time":"2025-04-22T13:41:07+02:00","message":" - [6] - GET Result :: Status code: 200"}
{"level":"info","time":"2025-04-22T13:41:08+02:00","message":" - [7] - GET Result :: Status code: 200"}
{"level":"info","time":"2025-04-22T13:41:08+02:00","message":" - Headers :\r\nDate:Tue, 22 Apr 2025 11:41:07 GMT\nConnection:keep-alive\nAccess-Control-Allow-Origin:*\nAccess-Control-Allow-Credentials:true\n"}
{"level":"info","time":"2025-04-22T13:41:08+02:00","message":" - Headers :\r\nDate:Tue, 22 Apr 2025 11:41:08 GMT\nConnection:keep-alive\nAccess-Control-Allow-Origin:*\nAccess-Control-Allow-Credentials:true\n"}
{"level":"info","time":"2025-04-22T13:41:08+02:00","message":" - DoPost Result :: Status code: 200"}
{"level":"info","time":"2025-04-22T13:41:11+02:00","message":" - DoPost Result :: Status code: 200"}
{"level":"info","time":"2025-04-22T13:41:11+02:00","message":" - Headers :\r\nDate:Tue, 22 Apr 2025 11:41:10 GMT\nConnection:keep-alive\nAccess-Control-Allow-Origin:*\nAccess-Control-Allow-Credentials:true\n"}
{"level":"info","time":"2025-04-22T13:41:11+02:00","message":" - Headers :\r\nDate:Tue, 22 Apr 2025 11:41:11 GMT\nConnection:keep-alive\nAccess-Control-Allow-Origin:*\nAccess-Control-Allow-Credentials:true\n"}
{"level":"info","time":"2025-04-22T13:41:11+02:00","message":" - [8] - GET Result :: Status code: 200"}
{"level":"info","time":"2025-04-22T13:41:14+02:00","message":" - Headers :\r\nAccess-Control-Allow-Credentials:true\nDate:Tue, 22 Apr 2025 11:41:14 GMT\nConnection:keep-alive\nAccess-Control-Allow-Origin:*\n"}
{"level":"info","time":"2025-04-22T13:41:14+02:00","message":" - [9] - GET Result :: Status code: 200"}
{"level":"info","time":"2025-04-22T13:41:15+02:00","message":" - Headers :\r\nDate:Tue, 22 Apr 2025 11:41:15 GMT\nConnection:keep-alive\nAccess-Control-Allow-Origin:*\nAccess-Control-Allow-Credentials:true\n"}
{"level":"info","time":"2025-04-22T13:41:15+02:00","message":" - DoPost Result :: Status code: 200"}
{"level":"info","time":"2025-04-22T13:41:17+02:00","message":" - [10] - GET Result :: Status code: 200"}
{"level":"info","time":"2025-04-22T13:41:17+02:00","message":" - Headers :\r\nDate:Tue, 22 Apr 2025 11:41:16 GMT\nConnection:keep-alive\nAccess-Control-Allow-Origin:*\nAccess-Control-Allow-Credentials:true\n"}
{"level":"info","time":"2025-04-22T13:41:17+02:00","message":" - DoPost Result :: Status code: 200"}
{"level":"info","time":"2025-04-22T13:41:17+02:00","message":" - Headers :\r\nConnection:keep-alive\nAccess-Control-Allow-Origin:*\nAccess-Control-Allow-Credentials:true\nDate:Tue, 22 Apr 2025 11:41:17 GMT\n"}
{"level":"info","time":"2025-04-22T13:41:20+02:00","message":" - Headers :\r\nDate:Tue, 22 Apr 2025 11:41:20 GMT\nConnection:keep-alive\n"}
{"level":"info","time":"2025-04-22T13:41:20+02:00","message":" - [11] - GET Result :: Status code: 502"}
{"level":"info","time":"2025-04-22T13:41:21+02:00","message":" - DoPost Result :: Status code: 200"}
{"level":"info","time":"2025-04-22T13:41:21+02:00","message":" - Headers :\r\nDate:Tue, 22 Apr 2025 11:41:21 GMT\nConnection:keep-alive\nAccess-Control-Allow-Origin:*\nAccess-Control-Allow-Credentials:true\n"}
{"level":"info","time":"2025-04-22T13:41:23+02:00","message":" - DoPost Result :: Status code: 200"}
{"level":"info","time":"2025-04-22T13:41:23+02:00","message":" - Headers :\r\nDate:Tue, 22 Apr 2025 11:41:22 GMT\nConnection:keep-alive\nAccess-Control-Allow-Origin:*\nAccess-Control-Allow-Credentials:true\n"}
{"level":"info","time":"2025-04-22T13:41:23+02:00","message":" - [12] - GET Result :: Status code: 200"}
{"level":"info","time":"2025-04-22T13:41:23+02:00","message":" - Headers :\r\nDate:Tue, 22 Apr 2025 11:41:22 GMT\nConnection:keep-alive\nAccess-Control-Allow-Origin:*\nAccess-Control-Allow-Credentials:true\n"}
{"level":"info","time":"2025-04-22T13:41:26+02:00","message":" - DoPost Result :: Status code: 200"}
{"level":"info","time":"2025-04-22T13:41:26+02:00","message":" - Headers :\r\nDate:Tue, 22 Apr 2025 11:41:25 GMT\nConnection:keep-alive\nAccess-Control-Allow-Origin:*\nAccess-Control-Allow-Credentials:true\n"}
{"level":"info","time":"2025-04-22T13:41:26+02:00","message":" - [13] - GET Result :: Status code: 200"}
{"level":"info","time":"2025-04-22T13:41:26+02:00","message":" - Headers :\r\nDate:Tue, 22 Apr 2025 11:41:26 GMT\nConnection:keep-alive\nAccess-Control-Allow-Origin:*\nAccess-Control-Allow-Credentials:true\n"}
{"level":"info","time":"2025-04-22T13:41:29+02:00","message":" - [14] - GET Result :: Status code: 200"}
{"level":"info","time":"2025-04-22T13:41:29+02:00","message":" - Headers :\r\nDate:Tue, 22 Apr 2025 11:41:28 GMT\nConnection:keep-alive\nAccess-Control-Allow-Origin:*\nAccess-Control-Allow-Credentials:true\n"}
{"level":"info","time":"2025-04-22T13:41:29+02:00","message":" - Headers :\r\nDate:Tue, 22 Apr 2025 11:41:29 GMT\nConnection:keep-alive\nAccess-Control-Allow-Origin:*\nAccess-Control-Allow-Credentials:true\n"}
{"level":"info","time":"2025-04-22T13:41:29+02:00","message":" - DoPost Result :: Status code: 200"}
{"level":"info","time":"2025-04-22T13:41:32+02:00","message":" - [15] - GET Result :: Status code: 200"}
{"level":"info","time":"2025-04-22T13:41:32+02:00","message":" - Headers :\r\nDate:Tue, 22 Apr 2025 11:41:32 GMT\nConnection:keep-alive\nAccess-Control-Allow-Origin:*\nAccess-Control-Allow-Credentials:true\n"}
{"level":"info","time":"2025-04-22T13:41:32+02:00","message":" - DoPost Result :: Status code: 200"}
{"level":"info","time":"2025-04-22T13:41:32+02:00","message":" - Headers :\r\nDate:Tue, 22 Apr 2025 11:41:32 GMT\nConnection:keep-alive\nAccess-Control-Allow-Origin:*\nAccess-Control-Allow-Credentials:true\n"}
{"level":"info","time":"2025-04-22T13:41:35+02:00","message":" - DoPost Result :: Status code: 200"}
{"level":"info","time":"2025-04-22T13:41:35+02:00","message":" - Headers :\r\nDate:Tue, 22 Apr 2025 11:41:34 GMT\nConnection:keep-alive\nAccess-Control-Allow-Origin:*\nAccess-Control-Allow-Credentials:true\n"}
{"level":"info","time":"2025-04-22T13:41:35+02:00","message":" - Headers :\r\nDate:Tue, 22 Apr 2025 11:41:34 GMT\nConnection:keep-alive\nAccess-Control-Allow-Origin:*\nAccess-Control-Allow-Credentials:true\n"}
{"level":"info","time":"2025-04-22T13:41:35+02:00","message":" - [16] - GET Result :: Status code: 200"}
{"level":"info","time":"2025-04-22T13:41:38+02:00","message":" - [17] - GET Result :: Status code: 200"}
{"level":"info","time":"2025-04-22T13:41:38+02:00","message":" - Headers :\r\nDate:Tue, 22 Apr 2025 11:41:37 GMT\nConnection:keep-alive\nAccess-Control-Allow-Origin:*\nAccess-Control-Allow-Credentials:true\n"}
{"level":"info","time":"2025-04-22T13:41:38+02:00","message":" - DoPost Result :: Status code: 200"}
{"level":"info","time":"2025-04-22T13:41:38+02:00","message":" - Headers :\r\nDate:Tue, 22 Apr 2025 11:41:37 GMT\nConnection:keep-alive\nAccess-Control-Allow-Origin:*\nAccess-Control-Allow-Credentials:true\n"}
{"level":"info","time":"2025-04-22T13:41:41+02:00","message":" - [18] - GET Result :: Status code: 200"}
{"level":"info","time":"2025-04-22T13:41:41+02:00","message":" - Headers :\r\nConnection:keep-alive\nAccess-Control-Allow-Origin:*\nAccess-Control-Allow-Credentials:true\nDate:Tue, 22 Apr 2025 11:41:40 GMT\n"}
{"level":"info","time":"2025-04-22T13:41:41+02:00","message":" - DoPost Result :: Status code: 200"}
{"level":"info","time":"2025-04-22T13:41:41+02:00","message":" - Headers :\r\nDate:Tue, 22 Apr 2025 11:41:41 GMT\nConnection:keep-alive\nAccess-Control-Allow-Origin:*\nAccess-Control-Allow-Credentials:true\n"}
{"level":"info","time":"2025-04-22T13:41:44+02:00","message":" - [19] - GET Result :: Status code: 200"}
{"level":"info","time":"2025-04-22T13:41:44+02:00","message":" - Headers :\r\nDate:Tue, 22 Apr 2025 11:41:44 GMT\nConnection:keep-alive\nAccess-Control-Allow-Origin:*\nAccess-Control-Allow-Credentials:true\n"}
{"level":"info","time":"2025-04-22T13:41:45+02:00","message":" - DoPost Result :: Status code: 200"}
{"level":"info","time":"2025-04-22T13:41:45+02:00","message":" - Headers :\r\nDate:Tue, 22 Apr 2025 11:41:45 GMT\nConnection:keep-alive\nAccess-Control-Allow-Origin:*\nAccess-Control-Allow-Credentials:true\n"}
{"level":"info","time":"2025-04-22T13:41:47+02:00","message":" - DoPost Result :: Status code: 200"}
{"level":"info","time":"2025-04-22T13:41:47+02:00","message":" - Headers :\r\nDate:Tue, 22 Apr 2025 11:41:46 GMT\nConnection:keep-alive\nAccess-Control-Allow-Origin:*\nAccess-Control-Allow-Credentials:true\n"}
{"level":"info","time":"2025-04-22T13:41:47+02:00","message":" - [20] - GET Result :: Status code: 200"}
{"level":"info","time":"2025-04-22T13:41:47+02:00","message":" - Headers :\r\nDate:Tue, 22 Apr 2025 11:41:46 GMT\nConnection:keep-alive\nAccess-Control-Allow-Origin:*\nAccess-Control-Allow-Credentials:true\n"}
{"level":"info","time":"2025-04-22T13:41:50+02:00","message":" - [21] - GET Result :: Status code: 200"}
{"level":"info","time":"2025-04-22T13:41:50+02:00","message":" - Headers :\r\nConnection:keep-alive\nAccess-Control-Allow-Origin:*\nAccess-Control-Allow-Credentials:true\nDate:Tue, 22 Apr 2025 11:41:49 GMT\n"}
{"level":"info","time":"2025-04-22T13:41:50+02:00","message":" - Headers :\r\nAccess-Control-Allow-Credentials:true\nDate:Tue, 22 Apr 2025 11:41:50 GMT\nConnection:keep-alive\nAccess-Control-Allow-Origin:*\n"}
{"level":"info","time":"2025-04-22T13:41:50+02:00","message":" - DoPost Result :: Status code: 200"}
{"level":"info","time":"2025-04-22T13:41:53+02:00","message":" - DoPost Result :: Status code: 200"}
{"level":"info","time":"2025-04-22T13:41:53+02:00","message":" - Headers :\r\nAccess-Control-Allow-Origin:*\nAccess-Control-Allow-Credentials:true\nDate:Tue, 22 Apr 2025 11:41:52 GMT\nConnection:keep-alive\n"}
{"level":"info","time":"2025-04-22T13:41:53+02:00","message":" - [22] - GET Result :: Status code: 200"}
{"level":"info","time":"2025-04-22T13:41:53+02:00","message":" - Headers :\r\nDate:Tue, 22 Apr 2025 11:41:53 GMT\nConnection:keep-alive\nAccess-Control-Allow-Origin:*\nAccess-Control-Allow-Credentials:true\n"}
{"level":"info","time":"2025-04-22T13:41:56+02:00","message":" - DoPost Result :: Status code: 200"}
{"level":"info","time":"2025-04-22T13:41:56+02:00","message":" - Headers :\r\nDate:Tue, 22 Apr 2025 11:41:56 GMT\nConnection:keep-alive\nAccess-Control-Allow-Origin:*\nAccess-Control-Allow-Credentials:true\n"}
{"level":"info","time":"2025-04-22T13:41:57+02:00","message":" - Headers :\r\nDate:Tue, 22 Apr 2025 11:41:57 GMT\nConnection:keep-alive\nAccess-Control-Allow-Origin:*\nAccess-Control-Allow-Credentials:true\n"}
{"level":"info","time":"2025-04-22T13:41:57+02:00","message":" - [23] - GET Result :: Status code: 200"}
{"level":"info","time":"2025-04-22T13:41:59+02:00","message":" - DoPost Result :: Status code: 200"}
{"level":"info","time":"2025-04-22T13:41:59+02:00","message":" - Headers :\r\nDate:Tue, 22 Apr 2025 11:41:58 GMT\nConnection:keep-alive\nAccess-Control-Allow-Origin:*\nAccess-Control-Allow-Credentials:true\n"}
{"level":"info","time":"2025-04-22T13:41:59+02:00","message":" - [24] - GET Result :: Status code: 200"}
{"level":"info","time":"2025-04-22T13:41:59+02:00","message":" - Headers :\r\nConnection:keep-alive\nAccess-Control-Allow-Origin:*\nAccess-Control-Allow-Credentials:true\nDate:Tue, 22 Apr 2025 11:41:58 GMT\n"}
{"level":"info","time":"2025-04-22T13:42:02+02:00","message":" - [25] - GET Result :: Status code: 200"}
{"level":"info","time":"2025-04-22T13:42:02+02:00","message":" - Headers :\r\nDate:Tue, 22 Apr 2025 11:42:01 GMT\nConnection:keep-alive\nAccess-Control-Allow-Origin:*\nAccess-Control-Allow-Credentials:true\n"}
{"level":"info","time":"2025-04-22T13:42:02+02:00","message":" - DoPost Result :: Status code: 200"}
{"level":"info","time":"2025-04-22T13:42:02+02:00","message":" - Headers :\r\nDate:Tue, 22 Apr 2025 11:42:02 GMT\nConnection:keep-alive\nAccess-Control-Allow-Origin:*\nAccess-Control-Allow-Credentials:true\n"}
{"level":"info","time":"2025-04-22T13:42:05+02:00","message":" - Headers :\r\nDate:Tue, 22 Apr 2025 11:42:05 GMT\nConnection:keep-alive\nAccess-Control-Allow-Origin:*\nAccess-Control-Allow-Credentials:true\n"}
{"level":"info","time":"2025-04-22T13:42:05+02:00","message":" - DoPost Result :: Status code: 200"}
{"level":"info","time":"2025-04-22T13:42:06+02:00","message":" - [26] - GET Result :: Status code: 200"}
{"level":"info","time":"2025-04-22T13:42:06+02:00","message":" - Headers :\r\nAccess-Control-Allow-Credentials:true\nDate:Tue, 22 Apr 2025 11:42:06 GMT\nConnection:keep-alive\nAccess-Control-Allow-Origin:*\n"}
{"level":"info","time":"2025-04-22T13:42:08+02:00","message":" - DoPost Result :: Status code: 200"}
{"level":"info","time":"2025-04-22T13:42:08+02:00","message":" - Headers :\r\nAccess-Control-Allow-Credentials:true\nDate:Tue, 22 Apr 2025 11:42:07 GMT\nConnection:keep-alive\nAccess-Control-Allow-Origin:*\n"}
{"level":"info","time":"2025-04-22T13:42:08+02:00","message":" - [27] - GET Result :: Status code: 200"}
{"level":"info","time":"2025-04-22T13:42:08+02:00","message":" - Headers :\r\nConnection:keep-alive\nAccess-Control-Allow-Origin:*\nAccess-Control-Allow-Credentials:true\nDate:Tue, 22 Apr 2025 11:42:08 GMT\n"}
{"level":"info","time":"2025-04-22T13:42:11+02:00","message":" - [28] - GET Result :: Status code: 200"}
{"level":"info","time":"2025-04-22T13:42:11+02:00","message":" - Headers :\r\nDate:Tue, 22 Apr 2025 11:42:11 GMT\nConnection:keep-alive\nAccess-Control-Allow-Origin:*\nAccess-Control-Allow-Credentials:true\n"}
{"level":"info","time":"2025-04-22T13:42:12+02:00","message":" - DoPost Result :: Status code: 200"}
{"level":"info","time":"2025-04-22T13:42:12+02:00","message":" - Headers :\r\nDate:Tue, 22 Apr 2025 11:42:12 GMT\nConnection:keep-alive\nAccess-Control-Allow-Origin:*\nAccess-Control-Allow-Credentials:true\n"}
{"level":"info","time":"2025-04-22T13:42:14+02:00","message":" - Headers :\r\nDate:Tue, 22 Apr 2025 11:42:13 GMT\nConnection:keep-alive\nAccess-Control-Allow-Origin:*\nAccess-Control-Allow-Credentials:true\n"}
{"level":"info","time":"2025-04-22T13:42:14+02:00","message":" - DoPost Result :: Status code: 200"}
{"level":"info","time":"2025-04-22T13:42:14+02:00","message":" - [29] - GET Result :: Status code: 200"}
{"level":"info","time":"2025-04-22T13:42:14+02:00","message":" - Headers :\r\nDate:Tue, 22 Apr 2025 11:42:14 GMT\nConnection:keep-alive\nAccess-Control-Allow-Origin:*\nAccess-Control-Allow-Credentials:true\n"}
{"level":"info","time":"2025-04-22T13:42:17+02:00","message":" - DoPost Result :: Status code: 200"}
{"level":"info","time":"2025-04-22T13:42:17+02:00","message":" - Headers :\r\nDate:Tue, 22 Apr 2025 11:42:17 GMT\nConnection:keep-alive\nAccess-Control-Allow-Origin:*\nAccess-Control-Allow-Credentials:true\n"}
{"level":"info","time":"2025-04-22T13:42:18+02:00","message":" - [30] - GET Result :: Status code: 200"}
{"level":"info","time":"2025-04-22T13:42:18+02:00","message":" - Headers :\r\nDate:Tue, 22 Apr 2025 11:42:18 GMT\nConnection:keep-alive\nAccess-Control-Allow-Origin:*\nAccess-Control-Allow-Credentials:true\n"}
{"level":"info","time":"2025-04-22T13:42:20+02:00","message":" - Headers :\r\nDate:Tue, 22 Apr 2025 11:42:19 GMT\nConnection:keep-alive\nAccess-Control-Allow-Origin:*\nAccess-Control-Allow-Credentials:true\n"}
{"level":"info","time":"2025-04-22T13:42:20+02:00","message":" - [31] - GET Result :: Status code: 200"}
{"level":"info","time":"2025-04-22T13:42:21+02:00","message":" - DoPost Result :: Status code: 200"}
{"level":"info","time":"2025-04-22T13:42:21+02:00","message":" - Headers :\r\nDate:Tue, 22 Apr 2025 11:42:21 GMT\nConnection:keep-alive\nAccess-Control-Allow-Origin:*\nAccess-Control-Allow-Credentials:true\n"}
{"level":"info","time":"2025-04-22T13:42:23+02:00","message":" - [32] - GET Result :: Status code: 200"}
{"level":"info","time":"2025-04-22T13:42:23+02:00","message":" - Headers :\r\nDate:Tue, 22 Apr 2025 11:42:22 GMT\nConnection:keep-alive\nAccess-Control-Allow-Origin:*\nAccess-Control-Allow-Credentials:true\n"}
{"level":"info","time":"2025-04-22T13:42:23+02:00","message":" - Headers :\r\nConnection:keep-alive\nAccess-Control-Allow-Origin:*\nAccess-Control-Allow-Credentials:true\nDate:Tue, 22 Apr 2025 11:42:22 GMT\n"}
{"level":"info","time":"2025-04-22T13:42:23+02:00","message":" - DoPost Result :: Status code: 200"}
{"level":"info","time":"2025-04-22T13:42:26+02:00","message":" - DoPost Result :: Status code: 200"}
{"level":"info","time":"2025-04-22T13:42:26+02:00","message":" - Headers :\r\nDate:Tue, 22 Apr 2025 11:42:26 GMT\nConnection:keep-alive\nAccess-Control-Allow-Origin:*\nAccess-Control-Allow-Credentials:true\n"}
{"level":"info","time":"2025-04-22T13:42:26+02:00","message":" - [33] - GET Result :: Status code: 200"}
{"level":"info","time":"2025-04-22T13:42:26+02:00","message":" - Headers :\r\nDate:Tue, 22 Apr 2025 11:42:26 GMT\nConnection:keep-alive\nAccess-Control-Allow-Origin:*\nAccess-Control-Allow-Credentials:true\n"}
{"level":"info","time":"2025-04-22T13:42:29+02:00","message":" - [34] - GET Result :: Status code: 200"}
{"level":"info","time":"2025-04-22T13:42:29+02:00","message":" - Headers :\r\nDate:Tue, 22 Apr 2025 11:42:28 GMT\nConnection:keep-alive\nAccess-Control-Allow-Origin:*\nAccess-Control-Allow-Credentials:true\n"}
{"level":"info","time":"2025-04-22T13:42:29+02:00","message":" - DoPost Result :: Status code: 200"}
{"level":"info","time":"2025-04-22T13:42:29+02:00","message":" - Headers :\r\nAccess-Control-Allow-Origin:*\nAccess-Control-Allow-Credentials:true\nDate:Tue, 22 Apr 2025 11:42:29 GMT\nConnection:keep-alive\n"}
{"level":"info","time":"2025-04-22T13:42:32+02:00","message":" - DoPost Result :: Status code: 200"}
{"level":"info","time":"2025-04-22T13:42:32+02:00","message":" - Headers :\r\nAccess-Control-Allow-Origin:*\nAccess-Control-Allow-Credentials:true\nDate:Tue, 22 Apr 2025 11:42:31 GMT\nConnection:keep-alive\n"}
{"level":"info","time":"2025-04-22T13:42:34+02:00","message":" - [35] - GET Result :: Status code: 200"}
{"level":"info","time":"2025-04-22T13:42:34+02:00","message":" - Headers :\r\nDate:Tue, 22 Apr 2025 11:42:33 GMT\nConnection:keep-alive\nAccess-Control-Allow-Origin:*\nAccess-Control-Allow-Credentials:true\n"}
{"level":"info","time":"2025-04-22T13:42:35+02:00","message":" - DoPost Result :: Status code: 200"}
{"level":"info","time":"2025-04-22T13:42:35+02:00","message":" - Headers :\r\nAccess-Control-Allow-Credentials:true\nDate:Tue, 22 Apr 2025 11:42:34 GMT\nConnection:keep-alive\nAccess-Control-Allow-Origin:*\n"}
{"level":"info","time":"2025-04-22T13:42:35+02:00","message":" - [36] - GET Result :: Status code: 200"}
{"level":"info","time":"2025-04-22T13:42:35+02:00","message":" - Headers :\r\nAccess-Control-Allow-Credentials:true\nDate:Tue, 22 Apr 2025 11:42:35 GMT\nConnection:keep-alive\nAccess-Control-Allow-Origin:*\n"}
{"level":"info","time":"2025-04-22T13:42:38+02:00","message":" - Headers :\r\nAccess-Control-Allow-Origin:*\nAccess-Control-Allow-Credentials:true\nDate:Tue, 22 Apr 2025 11:42:37 GMT\nConnection:keep-alive\n"}
{"level":"info","time":"2025-04-22T13:42:38+02:00","message":" - [37] - GET Result :: Status code: 200"}
{"level":"info","time":"2025-04-22T13:42:38+02:00","message":" - DoPost Result :: Status code: 200"}
{"level":"info","time":"2025-04-22T13:42:38+02:00","message":" - Headers :\r\nAccess-Control-Allow-Origin:*\nAccess-Control-Allow-Credentials:true\nDate:Tue, 22 Apr 2025 11:42:38 GMT\nConnection:keep-alive\n"}
{"level":"info","time":"2025-04-22T13:42:41+02:00","message":" - [38] - GET Result :: Status code: 200"}
{"level":"info","time":"2025-04-22T13:42:41+02:00","message":" - Headers :\r\nConnection:keep-alive\nAccess-Control-Allow-Origin:*\nAccess-Control-Allow-Credentials:true\nDate:Tue, 22 Apr 2025 11:42:40 GMT\n"}
{"level":"info","time":"2025-04-22T13:42:41+02:00","message":" - DoPost Result :: Status code: 200"}
{"level":"info","time":"2025-04-22T13:42:41+02:00","message":" - Headers :\r\nDate:Tue, 22 Apr 2025 11:42:41 GMT\nConnection:keep-alive\nAccess-Control-Allow-Origin:*\nAccess-Control-Allow-Credentials:true\n"}
{"level":"info","time":"2025-04-22T13:42:44+02:00","message":" - Headers :\r\nDate:Tue, 22 Apr 2025 11:42:43 GMT\nConnection:keep-alive\nAccess-Control-Allow-Origin:*\nAccess-Control-Allow-Credentials:true\n"}
{"level":"info","time":"2025-04-22T13:42:44+02:00","message":" - [39] - GET Result :: Status code: 200"}
{"level":"info","time":"2025-04-22T13:42:44+02:00","message":" - DoPost Result :: Status code: 200"}
{"level":"info","time":"2025-04-22T13:42:44+02:00","message":" - Headers :\r\nDate:Tue, 22 Apr 2025 11:42:43 GMT\nConnection:keep-alive\nAccess-Control-Allow-Origin:*\nAccess-Control-Allow-Credentials:true\n"}
{"level":"info","time":"2025-04-22T13:42:47+02:00","message":" - [40] - GET Result :: Status code: 200"}
{"level":"info","time":"2025-04-22T13:42:47+02:00","message":" - Headers :\r\nAccess-Control-Allow-Credentials:true\nDate:Tue, 22 Apr 2025 11:42:46 GMT\nConnection:keep-alive\nAccess-Control-Allow-Origin:*\n"}
{"level":"info","time":"2025-04-22T13:42:47+02:00","message":" - DoPost Result :: Status code: 200"}
{"level":"info","time":"2025-04-22T13:42:47+02:00","message":" - Headers :\r\nAccess-Control-Allow-Origin:*\nAccess-Control-Allow-Credentials:true\nDate:Tue, 22 Apr 2025 11:42:47 GMT\nConnection:keep-alive\n"}
{"level":"info","time":"2025-04-22T13:42:50+02:00","message":" - [41] - GET Result :: Status code: 200"}
{"level":"info","time":"2025-04-22T13:42:50+02:00","message":" - Headers :\r\nDate:Tue, 22 Apr 2025 11:42:49 GMT\nConnection:keep-alive\nAccess-Control-Allow-Origin:*\nAccess-Control-Allow-Credentials:true\n"}
{"level":"info","time":"2025-04-22T13:42:50+02:00","message":" - DoPost Result :: Status code: 200"}
{"level":"info","time":"2025-04-22T13:42:50+02:00","message":" - Headers :\r\nConnection:keep-alive\nAccess-Control-Allow-Origin:*\nAccess-Control-Allow-Credentials:true\nDate:Tue, 22 Apr 2025 11:42:49 GMT\n"}
{"level":"info","time":"2025-04-22T13:42:53+02:00","message":" - [42] - GET Result :: Status code: 200"}
{"level":"info","time":"2025-04-22T13:42:53+02:00","message":" - Headers :\r\nConnection:keep-alive\nAccess-Control-Allow-Origin:*\nAccess-Control-Allow-Credentials:true\nDate:Tue, 22 Apr 2025 11:42:52 GMT\n"}
{"level":"info","time":"2025-04-22T13:42:53+02:00","message":" - Headers :\r\nDate:Tue, 22 Apr 2025 11:42:53 GMT\nConnection:keep-alive\nAccess-Control-Allow-Origin:*\nAccess-Control-Allow-Credentials:true\n"}
{"level":"info","time":"2025-04-22T13:42:53+02:00","message":" - DoPost Result :: Status code: 200"}
{"level":"info","time":"2025-04-22T13:42:56+02:00","message":" - [43] - GET Result :: Status code: 200"}
{"level":"info","time":"2025-04-22T13:42:56+02:00","message":" - Headers :\r\nDate:Tue, 22 Apr 2025 11:42:55 GMT\nConnection:keep-alive\nAccess-Control-Allow-Origin:*\nAccess-Control-Allow-Credentials:true\n"}
{"level":"info","time":"2025-04-22T13:42:56+02:00","message":" - Headers :\r\nDate:Tue, 22 Apr 2025 11:42:56 GMT\nConnection:keep-alive\nAccess-Control-Allow-Origin:*\nAccess-Control-Allow-Credentials:true\n"}
{"level":"info","time":"2025-04-22T13:42:56+02:00","message":" - DoPost Result :: Status code: 200"}
{"level":"info","time":"2025-04-22T13:42:59+02:00","message":" - DoPost Result :: Status code: 200"}
{"level":"info","time":"2025-04-22T13:42:59+02:00","message":" - Headers :\r\nDate:Tue, 22 Apr 2025 11:42:58 GMT\nConnection:keep-alive\nAccess-Control-Allow-Origin:*\nAccess-Control-Allow-Credentials:true\n"}
{"level":"info","time":"2025-04-22T13:42:59+02:00","message":" - [44] - GET Result :: Status code: 200"}
{"level":"info","time":"2025-04-22T13:42:59+02:00","message":" - Headers :\r\nDate:Tue, 22 Apr 2025 11:42:59 GMT\nConnection:keep-alive\nAccess-Control-Allow-Origin:*\nAccess-Control-Allow-Credentials:true\n"}
{"level":"info","time":"2025-04-22T13:43:02+02:00","message":" - DoPost Result :: Status code: 200"}
{"level":"info","time":"2025-04-22T13:43:02+02:00","message":" - Headers :\r\nDate:Tue, 22 Apr 2025 11:43:01 GMT\nConnection:keep-alive\nAccess-Control-Allow-Origin:*\nAccess-Control-Allow-Credentials:true\n"}
{"level":"info","time":"2025-04-22T13:43:02+02:00","message":" - [45] - GET Result :: Status code: 200"}
{"level":"info","time":"2025-04-22T13:43:02+02:00","message":" - Headers :\r\nAccess-Control-Allow-Origin:*\nAccess-Control-Allow-Credentials:true\nDate:Tue, 22 Apr 2025 11:43:01 GMT\nConnection:keep-alive\n"}
{"level":"info","time":"2025-04-22T13:43:05+02:00","message":" - Headers :\r\nConnection:keep-alive\nAccess-Control-Allow-Origin:*\nAccess-Control-Allow-Credentials:true\nDate:Tue, 22 Apr 2025 11:43:05 GMT\n"}
{"level":"info","time":"2025-04-22T13:43:05+02:00","message":" - DoPost Result :: Status code: 200"}
{"level":"info","time":"2025-04-22T13:43:05+02:00","message":" - [46] - GET Result :: Status code: 200"}
{"level":"info","time":"2025-04-22T13:43:05+02:00","message":" - Headers :\r\nDate:Tue, 22 Apr 2025 11:43:05 GMT\nConnection:keep-alive\nAccess-Control-Allow-Origin:*\nAccess-Control-Allow-Credentials:true\n"}
{"level":"info","time":"2025-04-22T13:43:08+02:00","message":" - [47] - GET Result :: Status code: 200"}
{"level":"info","time":"2025-04-22T13:43:08+02:00","message":" - Headers :\r\nDate:Tue, 22 Apr 2025 11:43:07 GMT\nConnection:keep-alive\nAccess-Control-Allow-Origin:*\nAccess-Control-Allow-Credentials:true\n"}
{"level":"info","time":"2025-04-22T13:43:08+02:00","message":" - DoPost Result :: Status code: 200"}
{"level":"info","time":"2025-04-22T13:43:08+02:00","message":" - Headers :\r\nDate:Tue, 22 Apr 2025 11:43:08 GMT\nConnection:keep-alive\nAccess-Control-Allow-Origin:*\nAccess-Control-Allow-Credentials:true\n"}
{"level":"info","time":"2025-04-22T13:43:11+02:00","message":" - DoPost Result :: Status code: 200"}
{"level":"info","time":"2025-04-22T13:43:11+02:00","message":" - Headers :\r\nDate:Tue, 22 Apr 2025 11:43:10 GMT\nConnection:keep-alive\nAccess-Control-Allow-Origin:*\nAccess-Control-Allow-Credentials:true\n"}
{"level":"info","time":"2025-04-22T13:43:12+02:00","message":" - [48] - GET Result :: Status code: 200"}
{"level":"info","time":"2025-04-22T13:43:12+02:00","message":" - Headers :\r\nAccess-Control-Allow-Origin:*\nAccess-Control-Allow-Credentials:true\nDate:Tue, 22 Apr 2025 11:43:12 GMT\nConnection:keep-alive\n"}
{"level":"info","time":"2025-04-22T13:43:14+02:00","message":" - DoPost Result :: Status code: 200"}
{"level":"info","time":"2025-04-22T13:43:14+02:00","message":" - Headers :\r\nAccess-Control-Allow-Credentials:true\nDate:Tue, 22 Apr 2025 11:43:13 GMT\nConnection:keep-alive\nAccess-Control-Allow-Origin:*\n"}
{"level":"info","time":"2025-04-22T13:43:15+02:00","message":" - Headers :\r\nConnection:keep-alive\nAccess-Control-Allow-Origin:*\nAccess-Control-Allow-Credentials:true\nDate:Tue, 22 Apr 2025 11:43:15 GMT\n"}
{"level":"info","time":"2025-04-22T13:43:15+02:00","message":" - [49] - GET Result :: Status code: 200"}
{"level":"info","time":"2025-04-22T13:43:17+02:00","message":" - [50] - GET Result :: Status code: 200"}
{"level":"info","time":"2025-04-22T13:43:17+02:00","message":" - Headers :\r\nDate:Tue, 22 Apr 2025 11:43:16 GMT\nConnection:keep-alive\nAccess-Control-Allow-Origin:*\nAccess-Control-Allow-Credentials:true\n"}
{"level":"info","time":"2025-04-22T13:43:17+02:00","message":" - Headers :\r\nAccess-Control-Allow-Origin:*\nAccess-Control-Allow-Credentials:true\nDate:Tue, 22 Apr 2025 11:43:17 GMT\nConnection:keep-alive\n"}
{"level":"info","time":"2025-04-22T13:43:17+02:00","message":" - DoPost Result :: Status code: 200"}
{"level":"info","time":"2025-04-22T13:43:20+02:00","message":" - DoPost Result :: Status code: 200"}
{"level":"info","time":"2025-04-22T13:43:20+02:00","message":" - Headers :\r\nDate:Tue, 22 Apr 2025 11:43:19 GMT\nConnection:keep-alive\nAccess-Control-Allow-Origin:*\nAccess-Control-Allow-Credentials:true\n"}
{"level":"info","time":"2025-04-22T13:43:20+02:00","message":" - [51] - GET Result :: Status code: 200"}
{"level":"info","time":"2025-04-22T13:43:20+02:00","message":" - Headers :\r\nDate:Tue, 22 Apr 2025 11:43:20 GMT\nConnection:keep-alive\nAccess-Control-Allow-Origin:*\nAccess-Control-Allow-Credentials:true\n"}
{"level":"info","time":"2025-04-22T13:43:23+02:00","message":" - [52] - GET Result :: Status code: 200"}
{"level":"info","time":"2025-04-22T13:43:23+02:00","message":" - Headers :\r\nDate:Tue, 22 Apr 2025 11:43:22 GMT\nConnection:keep-alive\nAccess-Control-Allow-Origin:*\nAccess-Control-Allow-Credentials:true\n"}
{"level":"info","time":"2025-04-22T13:43:23+02:00","message":" - DoPost Result :: Status code: 200"}
{"level":"info","time":"2025-04-22T13:43:23+02:00","message":" - Headers :\r\nDate:Tue, 22 Apr 2025 11:43:23 GMT\nConnection:keep-alive\nAccess-Control-Allow-Origin:*\nAccess-Control-Allow-Credentials:true\n"}
{"level":"info","time":"2025-04-22T13:43:26+02:00","message":" - DoPost Result :: Status code: 200"}
{"level":"info","time":"2025-04-22T13:43:26+02:00","message":" - Headers :\r\nConnection:keep-alive\nAccess-Control-Allow-Origin:*\nAccess-Control-Allow-Credentials:true\nDate:Tue, 22 Apr 2025 11:43:25 GMT\n"}
{"level":"info","time":"2025-04-22T13:43:26+02:00","message":" - Headers :\r\nAccess-Control-Allow-Origin:*\nAccess-Control-Allow-Credentials:true\nDate:Tue, 22 Apr 2025 11:43:26 GMT\nConnection:keep-alive\n"}
{"level":"info","time":"2025-04-22T13:43:26+02:00","message":" - [53] - GET Result :: Status code: 200"}
{"level":"info","time":"2025-04-22T13:43:29+02:00","message":" - Headers :\r\nAccess-Control-Allow-Origin:*\nAccess-Control-Allow-Credentials:true\nDate:Tue, 22 Apr 2025 11:43:28 GMT\nConnection:keep-alive\n"}
{"level":"info","time":"2025-04-22T13:43:29+02:00","message":" - [54] - GET Result :: Status code: 200"}
{"level":"info","time":"2025-04-22T13:43:29+02:00","message":" - DoPost Result :: Status code: 200"}
{"level":"info","time":"2025-04-22T13:43:29+02:00","message":" - Headers :\r\nDate:Tue, 22 Apr 2025 11:43:28 GMT\nConnection:keep-alive\nAccess-Control-Allow-Origin:*\nAccess-Control-Allow-Credentials:true\n"}
{"level":"info","time":"2025-04-22T13:43:32+02:00","message":" - DoPost Result :: Status code: 200"}
{"level":"info","time":"2025-04-22T13:43:32+02:00","message":" - Headers :\r\nDate:Tue, 22 Apr 2025 11:43:32 GMT\nConnection:keep-alive\nAccess-Control-Allow-Origin:*\nAccess-Control-Allow-Credentials:true\n"}
{"level":"info","time":"2025-04-22T13:43:33+02:00","message":" - [55] - GET Result :: Status code: 200"}
{"level":"info","time":"2025-04-22T13:43:33+02:00","message":" - Headers :\r\nDate:Tue, 22 Apr 2025 11:43:32 GMT\nConnection:keep-alive\nAccess-Control-Allow-Origin:*\nAccess-Control-Allow-Credentials:true\n"}
{"level":"info","time":"2025-04-22T13:43:35+02:00","message":" - [56] - GET Result :: Status code: 200"}
{"level":"info","time":"2025-04-22T13:43:35+02:00","message":" - Headers :\r\nDate:Tue, 22 Apr 2025 11:43:35 GMT\nConnection:keep-alive\nAccess-Control-Allow-Origin:*\nAccess-Control-Allow-Credentials:true\n"}
{"level":"info","time":"2025-04-22T13:43:36+02:00","message":" - DoPost Result :: Status code: 200"}
{"level":"info","time":"2025-04-22T13:43:36+02:00","message":" - Headers :\r\nAccess-Control-Allow-Origin:*\nAccess-Control-Allow-Credentials:true\nDate:Tue, 22 Apr 2025 11:43:36 GMT\nConnection:keep-alive\n"}
{"level":"info","time":"2025-04-22T13:43:38+02:00","message":" - DoPost Result :: Status code: 200"}
{"level":"info","time":"2025-04-22T13:43:38+02:00","message":" - Headers :\r\nDate:Tue, 22 Apr 2025 11:43:38 GMT\nConnection:keep-alive\nAccess-Control-Allow-Origin:*\nAccess-Control-Allow-Credentials:true\n"}
{"level":"info","time":"2025-04-22T13:43:38+02:00","message":" - [57] - GET Result :: Status code: 200"}
{"level":"info","time":"2025-04-22T13:43:38+02:00","message":" - Headers :\r\nDate:Tue, 22 Apr 2025 11:43:38 GMT\nConnection:keep-alive\nAccess-Control-Allow-Origin:*\nAccess-Control-Allow-Credentials:true\n"}
{"level":"info","time":"2025-04-22T13:43:41+02:00","message":" - [58] - GET Result :: Status code: 200"}
{"level":"info","time":"2025-04-22T13:43:41+02:00","message":" - Headers :\r\nDate:Tue, 22 Apr 2025 11:43:41 GMT\nConnection:keep-alive\nAccess-Control-Allow-Origin:*\nAccess-Control-Allow-Credentials:true\n"}
{"level":"info","time":"2025-04-22T13:43:41+02:00","message":" - DoPost Result :: Status code: 200"}
{"level":"info","time":"2025-04-22T13:43:41+02:00","message":" - Headers :\r\nDate:Tue, 22 Apr 2025 11:43:41 GMT\nConnection:keep-alive\nAccess-Control-Allow-Origin:*\nAccess-Control-Allow-Credentials:true\n"}
{"level":"info","time":"2025-04-22T13:43:44+02:00","message":" - [59] - GET Result :: Status code: 200"}
{"level":"info","time":"2025-04-22T13:43:44+02:00","message":" - Headers :\r\nDate:Tue, 22 Apr 2025 11:43:43 GMT\nConnection:keep-alive\nAccess-Control-Allow-Origin:*\nAccess-Control-Allow-Credentials:true\n"}
{"level":"info","time":"2025-04-22T13:43:45+02:00","message":" - DoPost Result :: Status code: 200"}
{"level":"info","time":"2025-04-22T13:43:45+02:00","message":" - Headers :\r\nDate:Tue, 22 Apr 2025 11:43:45 GMT\nConnection:keep-alive\nAccess-Control-Allow-Origin:*\nAccess-Control-Allow-Credentials:true\n"}
{"level":"info","time":"2025-04-22T13:43:47+02:00","message":" - [60] - GET Result :: Status code: 200"}
{"level":"info","time":"2025-04-22T13:43:47+02:00","message":" - Headers :\r\nDate:Tue, 22 Apr 2025 11:43:46 GMT\nConnection:keep-alive\nAccess-Control-Allow-Origin:*\nAccess-Control-Allow-Credentials:true\n"}
{"level":"info","time":"2025-04-22T13:43:47+02:00","message":" - DoPost Result :: Status code: 200"}
{"level":"info","time":"2025-04-22T13:43:47+02:00","message":" - Headers :\r\nAccess-Control-Allow-Credentials:true\nDate:Tue, 22 Apr 2025 11:43:47 GMT\nConnection:keep-alive\nAccess-Control-Allow-Origin:*\n"}
{"level":"info","time":"2025-04-22T13:43:50+02:00","message":" - [61] - GET Result :: Status code: 200"}
{"level":"info","time":"2025-04-22T13:43:50+02:00","message":" - Headers :\r\nAccess-Control-Allow-Credentials:true\nDate:Tue, 22 Apr 2025 11:43:49 GMT\nConnection:keep-alive\nAccess-Control-Allow-Origin:*\n"}
{"level":"info","time":"2025-04-22T13:43:50+02:00","message":" - DoPost Result :: Status code: 200"}
{"level":"info","time":"2025-04-22T13:43:50+02:00","message":" - Headers :\r\nAccess-Control-Allow-Origin:*\nAccess-Control-Allow-Credentials:true\nDate:Tue, 22 Apr 2025 11:43:49 GMT\nConnection:keep-alive\n"}
{"level":"info","time":"2025-04-22T13:43:53+02:00","message":" - [62] - GET Result :: Status code: 200"}
{"level":"info","time":"2025-04-22T13:43:53+02:00","message":" - Headers :\r\nDate:Tue, 22 Apr 2025 11:43:53 GMT\nConnection:keep-alive\nAccess-Control-Allow-Origin:*\nAccess-Control-Allow-Credentials:true\n"}
{"level":"info","time":"2025-04-22T13:43:53+02:00","message":" - Headers :\r\nDate:Tue, 22 Apr 2025 11:43:53 GMT\nConnection:keep-alive\nAccess-Control-Allow-Origin:*\nAccess-Control-Allow-Credentials:true\n"}
{"level":"info","time":"2025-04-22T13:43:53+02:00","message":" - DoPost Result :: Status code: 200"}
{"level":"info","time":"2025-04-22T13:43:56+02:00","message":" - DoPost Result :: Status code: 200"}
{"level":"info","time":"2025-04-22T13:43:56+02:00","message":" - Headers :\r\nAccess-Control-Allow-Credentials:true\nDate:Tue, 22 Apr 2025 11:43:55 GMT\nConnection:keep-alive\nAccess-Control-Allow-Origin:*\n"}
{"level":"info","time":"2025-04-22T13:43:56+02:00","message":" - [63] - GET Result :: Status code: 200"}
{"level":"info","time":"2025-04-22T13:43:56+02:00","message":" - Headers :\r\nAccess-Control-Allow-Credentials:true\nDate:Tue, 22 Apr 2025 11:43:56 GMT\nConnection:keep-alive\nAccess-Control-Allow-Origin:*\n"}
{"level":"info","time":"2025-04-22T13:43:59+02:00","message":" - [64] - GET Result :: Status code: 200"}
{"level":"info","time":"2025-04-22T13:43:59+02:00","message":" - Headers :\r\nAccess-Control-Allow-Credentials:true\nDate:Tue, 22 Apr 2025 11:43:59 GMT\nConnection:keep-alive\nAccess-Control-Allow-Origin:*\n"}
{"level":"info","time":"2025-04-22T13:44:01+02:00","message":" - DoPost Result :: Status code: 200"}
{"level":"info","time":"2025-04-22T13:44:01+02:00","message":" - Headers :\r\nAccess-Control-Allow-Credentials:true\nDate:Tue, 22 Apr 2025 11:44:00 GMT\nConnection:keep-alive\nAccess-Control-Allow-Origin:*\n"}
{"level":"info","time":"2025-04-22T13:44:02+02:00","message":" - DoPost Result :: Status code: 200"}
{"level":"info","time":"2025-04-22T13:44:02+02:00","message":" - Headers :\r\nDate:Tue, 22 Apr 2025 11:44:02 GMT\nConnection:keep-alive\nAccess-Control-Allow-Origin:*\nAccess-Control-Allow-Credentials:true\n"}
{"level":"info","time":"2025-04-22T13:44:02+02:00","message":" - [65] - GET Result :: Status code: 200"}
{"level":"info","time":"2025-04-22T13:44:02+02:00","message":" - Headers :\r\nDate:Tue, 22 Apr 2025 11:44:02 GMT\nConnection:keep-alive\nAccess-Control-Allow-Origin:*\nAccess-Control-Allow-Credentials:true\n"}
{"level":"info","time":"2025-04-22T13:44:05+02:00","message":" - Headers :\r\nDate:Tue, 22 Apr 2025 11:44:04 GMT\nConnection:keep-alive\nAccess-Control-Allow-Origin:*\nAccess-Control-Allow-Credentials:true\n"}
{"level":"info","time":"2025-04-22T13:44:05+02:00","message":" - [66] - GET Result :: Status code: 200"}
{"level":"info","time":"2025-04-22T13:44:05+02:00","message":" - DoPost Result :: Status code: 200"}
{"level":"info","time":"2025-04-22T13:44:05+02:00","message":" - Headers :\r\nDate:Tue, 22 Apr 2025 11:44:05 GMT\nConnection:keep-alive\nAccess-Control-Allow-Origin:*\nAccess-Control-Allow-Credentials:true\n"}
{"level":"info","time":"2025-04-22T13:44:08+02:00","message":" - [67] - GET Result :: Status code: 200"}
{"level":"info","time":"2025-04-22T13:44:08+02:00","message":" - Headers :\r\nDate:Tue, 22 Apr 2025 11:44:07 GMT\nConnection:keep-alive\nAccess-Control-Allow-Origin:*\nAccess-Control-Allow-Credentials:true\n"}
{"level":"info","time":"2025-04-22T13:44:09+02:00","message":" - DoPost Result :: Status code: 200"}
{"level":"info","time":"2025-04-22T13:44:09+02:00","message":" - Headers :\r\nDate:Tue, 22 Apr 2025 11:44:09 GMT\nConnection:keep-alive\nAccess-Control-Allow-Origin:*\nAccess-Control-Allow-Credentials:true\n"}
{"level":"info","time":"2025-04-22T13:44:11+02:00","message":" - [68] - GET Result :: Status code: 200"}
{"level":"info","time":"2025-04-22T13:44:11+02:00","message":" - Headers :\r\nDate:Tue, 22 Apr 2025 11:44:10 GMT\nConnection:keep-alive\nAccess-Control-Allow-Origin:*\nAccess-Control-Allow-Credentials:true\n"}
{"level":"info","time":"2025-04-22T13:44:11+02:00","message":" - DoPost Result :: Status code: 200"}
{"level":"info","time":"2025-04-22T13:44:11+02:00","message":" - Headers :\r\nAccess-Control-Allow-Credentials:true\nDate:Tue, 22 Apr 2025 11:44:11 GMT\nConnection:keep-alive\nAccess-Control-Allow-Origin:*\n"}
{"level":"info","time":"2025-04-22T13:44:14+02:00","message":" - DoPost Result :: Status code: 200"}
{"level":"info","time":"2025-04-22T13:44:14+02:00","message":" - Headers :\r\nDate:Tue, 22 Apr 2025 11:44:14 GMT\nConnection:keep-alive\nAccess-Control-Allow-Origin:*\nAccess-Control-Allow-Credentials:true\n"}
{"level":"info","time":"2025-04-22T13:44:14+02:00","message":" - [69] - GET Result :: Status code: 200"}
{"level":"info","time":"2025-04-22T13:44:14+02:00","message":" - Headers :\r\nConnection:keep-alive\nAccess-Control-Allow-Origin:*\nAccess-Control-Allow-Credentials:true\nDate:Tue, 22 Apr 2025 11:44:14 GMT\n"}
{"level":"info","time":"2025-04-22T13:44:17+02:00","message":" - DoPost Result :: Status code: 200"}
{"level":"info","time":"2025-04-22T13:44:17+02:00","message":" - Headers :\r\nDate:Tue, 22 Apr 2025 11:44:16 GMT\nConnection:keep-alive\nAccess-Control-Allow-Origin:*\nAccess-Control-Allow-Credentials:true\n"}
{"level":"info","time":"2025-04-22T13:44:17+02:00","message":" - [70] - GET Result :: Status code: 200"}
{"level":"info","time":"2025-04-22T13:44:17+02:00","message":" - Headers :\r\nAccess-Control-Allow-Credentials:true\nDate:Tue, 22 Apr 2025 11:44:16 GMT\nConnection:keep-alive\nAccess-Control-Allow-Origin:*\n"}
{"level":"info","time":"2025-04-22T13:44:20+02:00","message":" - DoPost Result :: Status code: 200"}
{"level":"info","time":"2025-04-22T13:44:20+02:00","message":" - Headers :\r\nAccess-Control-Allow-Origin:*\nAccess-Control-Allow-Credentials:true\nDate:Tue, 22 Apr 2025 11:44:20 GMT\nConnection:keep-alive\n"}
{"level":"info","time":"2025-04-22T13:44:21+02:00","message":" - [71] - GET Result :: Status code: 200"}
{"level":"info","time":"2025-04-22T13:44:21+02:00","message":" - Headers :\r\nDate:Tue, 22 Apr 2025 11:44:21 GMT\nConnection:keep-alive\nAccess-Control-Allow-Origin:*\nAccess-Control-Allow-Credentials:true\n"}
{"level":"info","time":"2025-04-22T13:44:23+02:00","message":" - [72] - GET Result :: Status code: 200"}
{"level":"info","time":"2025-04-22T13:44:23+02:00","message":" - Headers :\r\nAccess-Control-Allow-Origin:*\nAccess-Control-Allow-Credentials:true\nDate:Tue, 22 Apr 2025 11:44:22 GMT\nConnection:keep-alive\n"}
{"level":"info","time":"2025-04-22T13:44:23+02:00","message":" - Headers :\r\nConnection:keep-alive\nAccess-Control-Allow-Origin:*\nAccess-Control-Allow-Credentials:true\nDate:Tue, 22 Apr 2025 11:44:23 GMT\n"}
{"level":"info","time":"2025-04-22T13:44:23+02:00","message":" - DoPost Result :: Status code: 200"}
{"level":"info","time":"2025-04-22T13:44:26+02:00","message":" - DoPost Result :: Status code: 200"}
{"level":"info","time":"2025-04-22T13:44:26+02:00","message":" - Headers :\r\nAccess-Control-Allow-Credentials:true\nDate:Tue, 22 Apr 2025 11:44:25 GMT\nConnection:keep-alive\nAccess-Control-Allow-Origin:*\n"}
{"level":"info","time":"2025-04-22T13:44:26+02:00","message":" - [73] - GET Result :: Status code: 200"}
{"level":"info","time":"2025-04-22T13:44:26+02:00","message":" - Headers :\r\nDate:Tue, 22 Apr 2025 11:44:26 GMT\nConnection:keep-alive\nAccess-Control-Allow-Origin:*\nAccess-Control-Allow-Credentials:true\n"}
{"level":"info","time":"2025-04-22T13:44:29+02:00","message":" - [74] - GET Result :: Status code: 200"}
{"level":"info","time":"2025-04-22T13:44:29+02:00","message":" - Headers :\r\nAccess-Control-Allow-Credentials:true\nDate:Tue, 22 Apr 2025 11:44:28 GMT\nConnection:keep-alive\nAccess-Control-Allow-Origin:*\n"}
{"level":"info","time":"2025-04-22T13:44:29+02:00","message":" - DoPost Result :: Status code: 200"}
{"level":"info","time":"2025-04-22T13:44:29+02:00","message":" - Headers :\r\nAccess-Control-Allow-Credentials:true\nDate:Tue, 22 Apr 2025 11:44:28 GMT\nConnection:keep-alive\nAccess-Control-Allow-Origin:*\n"}
{"level":"info","time":"2025-04-22T13:44:32+02:00","message":" - Headers :\r\nDate:Tue, 22 Apr 2025 11:44:32 GMT\nConnection:keep-alive\nAccess-Control-Allow-Origin:*\nAccess-Control-Allow-Credentials:true\n"}
{"level":"info","time":"2025-04-22T13:44:32+02:00","message":" - [75] - GET Result :: Status code: 200"}
{"level":"info","time":"2025-04-22T13:44:32+02:00","message":" - DoPost Result :: Status code: 200"}
{"level":"info","time":"2025-04-22T13:44:32+02:00","message":" - Headers :\r\nDate:Tue, 22 Apr 2025 11:44:32 GMT\nConnection:keep-alive\nAccess-Control-Allow-Origin:*\nAccess-Control-Allow-Credentials:true\n"}
{"level":"info","time":"2025-04-22T13:44:35+02:00","message":" - Headers :\r\nDate:Tue, 22 Apr 2025 11:44:35 GMT\nConnection:keep-alive\nAccess-Control-Allow-Origin:*\nAccess-Control-Allow-Credentials:true\n"}
{"level":"info","time":"2025-04-22T13:44:35+02:00","message":" - DoPost Result :: Status code: 200"}
{"level":"info","time":"2025-04-22T13:44:35+02:00","message":" - [76] - GET Result :: Status code: 200"}
{"level":"info","time":"2025-04-22T13:44:35+02:00","message":" - Headers :\r\nConnection:keep-alive\nAccess-Control-Allow-Origin:*\nAccess-Control-Allow-Credentials:true\nDate:Tue, 22 Apr 2025 11:44:35 GMT\n"}
{"level":"info","time":"2025-04-22T13:44:38+02:00","message":" - [77] - GET Result :: Status code: 200"}
{"level":"info","time":"2025-04-22T13:44:38+02:00","message":" - Headers :\r\nAccess-Control-Allow-Credentials:true\nDate:Tue, 22 Apr 2025 11:44:38 GMT\nConnection:keep-alive\nAccess-Control-Allow-Origin:*\n"}
{"level":"info","time":"2025-04-22T13:44:38+02:00","message":" - DoPost Result :: Status code: 200"}
{"level":"info","time":"2025-04-22T13:44:38+02:00","message":" - Headers :\r\nDate:Tue, 22 Apr 2025 11:44:38 GMT\nConnection:keep-alive\nAccess-Control-Allow-Origin:*\nAccess-Control-Allow-Credentials:true\n"}
{"level":"info","time":"2025-04-22T13:44:41+02:00","message":" - [78] - GET Result :: Status code: 200"}
{"level":"info","time":"2025-04-22T13:44:41+02:00","message":" - Headers :\r\nConnection:keep-alive\nAccess-Control-Allow-Origin:*\nAccess-Control-Allow-Credentials:true\nDate:Tue, 22 Apr 2025 11:44:40 GMT\n"}
{"level":"info","time":"2025-04-22T13:44:41+02:00","message":" - DoPost Result :: Status code: 200"}
{"level":"info","time":"2025-04-22T13:44:41+02:00","message":" - Headers :\r\nConnection:keep-alive\nAccess-Control-Allow-Origin:*\nAccess-Control-Allow-Credentials:true\nDate:Tue, 22 Apr 2025 11:44:41 GMT\n"}
{"level":"info","time":"2025-04-22T13:44:44+02:00","message":" - [79] - GET Result :: Status code: 200"}
{"level":"info","time":"2025-04-22T13:44:44+02:00","message":" - Headers :\r\nAccess-Control-Allow-Origin:*\nAccess-Control-Allow-Credentials:true\nDate:Tue, 22 Apr 2025 11:44:43 GMT\nConnection:keep-alive\n"}
{"level":"info","time":"2025-04-22T13:44:44+02:00","message":" - DoPost Result :: Status code: 200"}
{"level":"info","time":"2025-04-22T13:44:44+02:00","message":" - Headers :\r\nAccess-Control-Allow-Credentials:true\nDate:Tue, 22 Apr 2025 11:44:43 GMT\nConnection:keep-alive\nAccess-Control-Allow-Origin:*\n"}
{"level":"info","time":"2025-04-22T13:44:47+02:00","message":" - DoPost Result :: Status code: 200"}
{"level":"info","time":"2025-04-22T13:44:47+02:00","message":" - Headers :\r\nDate:Tue, 22 Apr 2025 11:44:47 GMT\nConnection:keep-alive\nAccess-Control-Allow-Origin:*\nAccess-Control-Allow-Credentials:true\n"}
{"level":"info","time":"2025-04-22T13:44:47+02:00","message":" - Headers :\r\nDate:Tue, 22 Apr 2025 11:44:47 GMT\nConnection:keep-alive\nAccess-Control-Allow-Origin:*\nAccess-Control-Allow-Credentials:true\n"}
{"level":"info","time":"2025-04-22T13:44:47+02:00","message":" - [80] - GET Result :: Status code: 200"}
{"level":"info","time":"2025-04-22T13:44:50+02:00","message":" - Headers :\r\nDate:Tue, 22 Apr 2025 11:44:49 GMT\nConnection:keep-alive\nAccess-Control-Allow-Origin:*\nAccess-Control-Allow-Credentials:true\n"}
{"level":"info","time":"2025-04-22T13:44:50+02:00","message":" - DoPost Result :: Status code: 200"}
{"level":"info","time":"2025-04-22T13:44:50+02:00","message":" - [81] - GET Result :: Status code: 200"}
{"level":"info","time":"2025-04-22T13:44:50+02:00","message":" - Headers :\r\nDate:Tue, 22 Apr 2025 11:44:50 GMT\nConnection:keep-alive\nAccess-Control-Allow-Origin:*\nAccess-Control-Allow-Credentials:true\n"}
{"level":"info","time":"2025-04-22T13:44:53+02:00","message":" - [82] - GET Result :: Status code: 200"}
{"level":"info","time":"2025-04-22T13:44:53+02:00","message":" - Headers :\r\nConnection:keep-alive\nAccess-Control-Allow-Origin:*\nAccess-Control-Allow-Credentials:true\nDate:Tue, 22 Apr 2025 11:44:53 GMT\n"}
{"level":"info","time":"2025-04-22T13:44:55+02:00","message":" - Headers :\r\nDate:Tue, 22 Apr 2025 11:44:55 GMT\nConnection:keep-alive\nAccess-Control-Allow-Origin:*\nAccess-Control-Allow-Credentials:true\n"}
{"level":"info","time":"2025-04-22T13:44:55+02:00","message":" - DoPost Result :: Status code: 200"}
{"level":"info","time":"2025-04-22T13:44:56+02:00","message":" - [83] - GET Result :: Status code: 200"}
{"level":"info","time":"2025-04-22T13:44:56+02:00","message":" - Headers :\r\nDate:Tue, 22 Apr 2025 11:44:56 GMT\nConnection:keep-alive\nAccess-Control-Allow-Origin:*\nAccess-Control-Allow-Credentials:true\n"}
{"level":"info","time":"2025-04-22T13:44:56+02:00","message":" - DoPost Result :: Status code: 200"}
{"level":"info","time":"2025-04-22T13:44:56+02:00","message":" - Headers :\r\nDate:Tue, 22 Apr 2025 11:44:56 GMT\nConnection:keep-alive\nAccess-Control-Allow-Origin:*\nAccess-Control-Allow-Credentials:true\n"}
{"level":"info","time":"2025-04-22T13:44:59+02:00","message":" - [84] - GET Result :: Status code: 200"}
{"level":"info","time":"2025-04-22T13:44:59+02:00","message":" - Headers :\r\nDate:Tue, 22 Apr 2025 11:44:58 GMT\nConnection:keep-alive\nAccess-Control-Allow-Origin:*\nAccess-Control-Allow-Credentials:true\n"}
{"level":"info","time":"2025-04-22T13:44:59+02:00","message":" - DoPost Result :: Status code: 200"}
{"level":"info","time":"2025-04-22T13:44:59+02:00","message":" - Headers :\r\nDate:Tue, 22 Apr 2025 11:44:59 GMT\nConnection:keep-alive\nAccess-Control-Allow-Origin:*\nAccess-Control-Allow-Credentials:true\n"}
{"level":"info","time":"2025-04-22T13:45:02+02:00","message":" - [85] - GET Result :: Status code: 200"}
{"level":"info","time":"2025-04-22T13:45:02+02:00","message":" - Headers :\r\nDate:Tue, 22 Apr 2025 11:45:02 GMT\nConnection:keep-alive\nAccess-Control-Allow-Origin:*\nAccess-Control-Allow-Credentials:true\n"}
{"level":"info","time":"2025-04-22T13:45:03+02:00","message":" - DoPost Result :: Status code: 200"}
{"level":"info","time":"2025-04-22T13:45:03+02:00","message":" - Headers :\r\nDate:Tue, 22 Apr 2025 11:45:03 GMT\nConnection:keep-alive\nAccess-Control-Allow-Origin:*\nAccess-Control-Allow-Credentials:true\n"}
{"level":"info","time":"2025-04-22T13:45:05+02:00","message":" - DoPost Result :: Status code: 200"}
{"level":"info","time":"2025-04-22T13:45:05+02:00","message":" - Headers :\r\nAccess-Control-Allow-Credentials:true\nDate:Tue, 22 Apr 2025 11:45:04 GMT\nConnection:keep-alive\nAccess-Control-Allow-Origin:*\n"}
{"level":"info","time":"2025-04-22T13:45:06+02:00","message":" - [86] - GET Result :: Status code: 200"}
{"level":"info","time":"2025-04-22T13:45:06+02:00","message":" - Headers :\r\nAccess-Control-Allow-Credentials:true\nDate:Tue, 22 Apr 2025 11:45:05 GMT\nConnection:keep-alive\nAccess-Control-Allow-Origin:*\n"}
{"level":"info","time":"2025-04-22T13:45:08+02:00","message":"Logger Initialized & Started"}
{"level":"info","time":"2025-04-22T13:45:08+02:00","message":"logger instance created with file /media/ajith/work/dev/go/Git_Lab2/agnione//log/AgniOne_demo_http.log"}
{"level":"info","time":"2025-04-22T13:45:12+02:00","message":"Application AgniOne Demo Application - 1.0.0.0 loaded"}
{"level":"info","time":"2025-04-22T13:45:12+02:00","message":"Found 1 pool setting for appunit Http_demo"}
{"level":"info","time":"2025-04-22T13:45:12+02:00","message":"Loading the 0 appunit of pool [1] of Http_demo"}
{"level":"info","time":"2025-04-22T13:45:12+02:00","message":"Starting (0) of [1] - Http_demo.............\nAppunit info -> "}
{"level":"info","time":"2025-04-22T13:45:12+02:00","message":" - Starting ....."}
{"level":"info","time":"2025-04-22T13:45:12+02:00","message":"Loaded & started 1 pool of appunits"}
{"level":"info","time":"2025-04-22T13:45:12+02:00","message":" - Starting the ........... DONE"}
{"level":"info","time":"2025-04-22T13:45:12+02:00","message":"Started ------ (0) of [1] - Http_demo successfully"}
{"level":"info","time":"2025-04-22T13:45:12+02:00","message":"Started\t1 out of 1 pool of appunit Http_demo\n"}
{"level":"info","time":"2025-04-22T13:45:12+02:00","message":"starting the DoGet routine"}
{"level":"info","time":"2025-04-22T13:45:13+02:00","message":"starting HTTP monitoring ......"}
{"level":"info","time":"2025-04-22T13:45:13+02:00","message":"HTTP monitoring started on :8080"}
{"level":"info","time":"2025-04-22T13:46:58+02:00","message":"Logger Initialized & Started"}
{"level":"info","time":"2025-04-22T13:46:58+02:00","message":"logger instance created with file /media/ajith/work/dev/go/Git_Lab2/agnione//log/AgniOne_demo_http.log"}
{"level":"info","time":"2025-04-22T13:46:58+02:00","message":"Application AgniOne Demo Application - 1.0.0.0 loaded"}
{"level":"info","time":"2025-04-22T13:46:58+02:00","message":"Found 1 pool setting for appunit Http_demo"}
{"level":"info","time":"2025-04-22T13:47:02+02:00","message":"Loading the 0 appunit of pool [1] of Http_demo"}
{"level":"info","time":"2025-04-22T13:47:02+02:00","message":"Loaded & started 1 pool of appunits"}
{"level":"info","time":"2025-04-22T13:47:02+02:00","message":"Starting (0) of [1] - Http_demo.............\nAppunit info -> "}
{"level":"info","time":"2025-04-22T13:47:02+02:00","message":" - Starting ....."}
{"level":"info","time":"2025-04-22T13:47:02+02:00","message":"Started ------ (0) of [1] - Http_demo successfully"}
{"level":"info","time":"2025-04-22T13:47:02+02:00","message":" - Starting the ........... DONE"}
{"level":"info","time":"2025-04-22T13:47:02+02:00","message":"Started\t1 out of 1 pool of appunit Http_demo\n"}
{"level":"info","time":"2025-04-22T13:47:02+02:00","message":"starting the DoGet routine"}
{"level":"info","time":"2025-04-22T13:47:03+02:00","message":"starting HTTP monitoring ......"}
{"level":"info","time":"2025-04-22T13:59:07+02:00","message":"Logger Initialized & Started"}
{"level":"info","time":"2025-04-22T13:59:07+02:00","message":"logger instance created with file /media/ajith/work/dev/go/Git_Lab2/agnione//log/AgniOne_demo_http.log"}
{"level":"info","time":"2025-04-22T13:59:07+02:00","message":"Application AgniOne Demo Application - 1.0.0.0 loaded"}
{"level":"info","time":"2025-04-22T13:59:07+02:00","message":"Found 1 pool setting for appunit Http_demo"}
{"level":"warn","time":"2025-04-22T13:59:07+02:00","message":"No AgniOne Units loaded"}
{"level":"error","time":"2025-04-22T13:59:07+02:00","message":"Failed to load AgniOne Http_demo - /media/ajith/work/dev/go/Git_Lab2/agnione/apps/units/demohttp.so. plugin.Open(\"/media/ajith/work/dev/go/Git_Lab2/agnione/apps/units/demohttp\"): plugin was built with a different version of package agnione/v2/src/appfm/types"}
{"level":"info","time":"2025-04-22T13:59:15+02:00","message":"starting HTTP monitoring ......"}
{"level":"info","time":"2025-04-22T13:59:15+02:00","message":"HTTP monitoring started on 0.0.0.0:8080"}
{"level":"info","time":"2025-04-22T13:59:23+02:00","message":"broadcasting status via SSE stopped"}
{"level":"info","time":"2025-04-22T14:00:12+02:00","message":"Logger Initialized & Started"}
{"level":"info","time":"2025-04-22T14:00:12+02:00","message":"logger instance created with file /media/ajith/work/dev/go/Git_Lab2/agnione//log/AgniOne_demo_http.log"}
{"level":"info","time":"2025-04-22T14:00:12+02:00","message":"Application AgniOne Demo Application - 1.0.0.0 loaded"}
{"level":"info","time":"2025-04-22T14:00:12+02:00","message":"Found 1 pool setting for appunit Http_demo"}
{"level":"info","time":"2025-04-22T14:00:12+02:00","message":"Loading the 0 appunit of pool [1] of Http_demo"}
{"level":"info","time":"2025-04-22T14:00:12+02:00","message":"Starting (0) of [1] - Http_demo.............\nAppunit info -> "}
{"level":"info","time":"2025-04-22T14:00:12+02:00","message":"Loaded & started 1 pool of appunits"}
{"level":"info","time":"2025-04-22T14:00:12+02:00","message":" - Starting ....."}
{"level":"info","time":"2025-04-22T14:00:12+02:00","message":" - Starting the ........... DONE"}
{"level":"info","time":"2025-04-22T14:00:12+02:00","message":"Started ------ (0) of [1] - Http_demo successfully"}
{"level":"info","time":"2025-04-22T14:00:12+02:00","message":"Started\t1 out of 1 pool of appunit Http_demo\n"}
{"level":"info","time":"2025-04-22T14:00:12+02:00","message":"starting the DoGet routine"}
{"level":"error","time":"2025-04-22T14:00:12+02:00","message":" - DoPost Failed to get the HTTP client plugin plugin.Open(\"/media/ajith/work/dev/go/Git_Lab2/agnione/plugins/http/ahttpclient.so\"): plugin was built with a different version of package agnione/v2/src/appfm/types (previous failure)"}
{"level":"error","time":"2025-04-22T14:00:12+02:00","message":"  - Failed to get the HTTP client plugin plugin.Open(\"/media/ajith/work/dev/go/Git_Lab2/agnione/plugins/http/ahttpclient\"): plugin was built with a different version of package agnione/v2/src/appfm/types"}
{"level":"info","time":"2025-04-22T14:00:13+02:00","message":"starting HTTP monitoring ......"}
{"level":"info","time":"2025-04-22T14:00:26+02:00","message":"HTTP monitoring started on 0.0.0.0:8080"}
{"level":"info","time":"2025-04-22T14:00:28+02:00","message":"broadcasting status via SSE stopped"}
{"level":"info","time":"2025-04-22T14:04:09+02:00","message":"Logger Initialized & Started"}
{"level":"info","time":"2025-04-22T14:04:09+02:00","message":"logger instance created with file /media/ajith/work/dev/go/Git_Lab2/agnione//log/AgniOne_demo_http.log"}
{"level":"info","time":"2025-04-22T14:04:09+02:00","message":"Application AgniOne Demo Application - 1.0.0.0 loaded"}
{"level":"info","time":"2025-04-22T14:04:09+02:00","message":"Found 1 pool setting for appunit Http_demo"}
{"level":"info","time":"2025-04-22T14:04:09+02:00","message":"Loading the 0 appunit of pool [1] of Http_demo"}
{"level":"info","time":"2025-04-22T14:04:09+02:00","message":"Starting (0) of [1] - Http_demo.............\nAppunit info -> "}
{"level":"info","time":"2025-04-22T14:04:09+02:00","message":"Loaded & started 1 pool of appunits"}
{"level":"info","time":"2025-04-22T14:04:09+02:00","message":" - Starting ....."}
{"level":"info","time":"2025-04-22T14:04:09+02:00","message":" - Starting the ........... DONE"}
{"level":"info","time":"2025-04-22T14:04:09+02:00","message":"Started\t1 out of 1 pool of appunit Http_demo\n"}
{"level":"info","time":"2025-04-22T14:04:09+02:00","message":"Started ------ (0) of [1] - Http_demo successfully"}
{"level":"info","time":"2025-04-22T14:04:09+02:00","message":"starting the DoGet routine"}
{"level":"info","time":"2025-04-22T14:04:10+02:00","message":"starting HTTP monitoring ......"}
{"level":"info","time":"2025-04-22T14:04:21+02:00","message":"HTTP monitoring started on 0.0.0.0:8080"}
{"level":"info","time":"2025-04-22T14:04:22+02:00","message":" - DoPost Result :: Status code: 200"}
{"level":"info","time":"2025-04-22T14:04:22+02:00","message":" - Headers :\r\nDate:Tue, 22 Apr 2025 12:04:22 GMT\nConnection:keep-alive\nAccess-Control-Allow-Origin:*\nAccess-Control-Allow-Credentials:true\n"}
{"level":"info","time":"2025-04-22T14:04:22+02:00","message":" - [0] - GET Result :: Status code: 200"}
{"level":"info","time":"2025-04-22T14:04:22+02:00","message":" - Headers :\r\nDate:Tue, 22 Apr 2025 12:04:22 GMT\nConnection:keep-alive\nAccess-Control-Allow-Origin:*\nAccess-Control-Allow-Credentials:true\n"}
{"level":"info","time":"2025-04-22T14:04:23+02:00","message":"broadcasting status via SSE stopped"}
{"level":"info","time":"2025-04-22T14:04:25+02:00","message":" - [1] - GET Result :: Status code: 200"}
{"level":"info","time":"2025-04-22T14:04:25+02:00","message":" - Headers :\r\nDate:Tue, 22 Apr 2025 12:04:24 GMT\nConnection:keep-alive\nAccess-Control-Allow-Origin:*\nAccess-Control-Allow-Credentials:true\n"}
{"level":"info","time":"2025-04-22T14:04:25+02:00","message":" - DoPost Result :: Status code: 200"}
{"level":"info","time":"2025-04-22T14:04:25+02:00","message":" - Headers :\r\nAccess-Control-Allow-Credentials:true\nDate:Tue, 22 Apr 2025 12:04:25 GMT\nConnection:keep-alive\nAccess-Control-Allow-Origin:*\n"}
{"level":"info","time":"2025-04-22T14:04:28+02:00","message":" - DoPost Result :: Status code: 200"}
{"level":"info","time":"2025-04-22T14:04:28+02:00","message":" - Headers :\r\nDate:Tue, 22 Apr 2025 12:04:28 GMT\nConnection:keep-alive\nAccess-Control-Allow-Origin:*\nAccess-Control-Allow-Credentials:true\n"}
{"level":"info","time":"2025-04-22T14:04:29+02:00","message":" - [2] - GET Result :: Status code: 200"}
{"level":"info","time":"2025-04-22T14:04:29+02:00","message":" - Headers :\r\nAccess-Control-Allow-Origin:*\nAccess-Control-Allow-Credentials:true\nDate:Tue, 22 Apr 2025 12:04:28 GMT\nConnection:keep-alive\n"}
{"level":"info","time":"2025-04-22T14:04:30+02:00","message":" - [3] - GET Result :: Status code: 200"}
{"level":"info","time":"2025-04-22T14:04:30+02:00","message":" - Headers :\r\nDate:Tue, 22 Apr 2025 12:04:30 GMT\nConnection:keep-alive\nAccess-Control-Allow-Origin:*\nAccess-Control-Allow-Credentials:true\n"}
{"level":"info","time":"2025-04-22T14:04:31+02:00","message":" - DoPost Result :: Status code: 200"}
{"level":"info","time":"2025-04-22T14:04:31+02:00","message":" - Headers :\r\nDate:Tue, 22 Apr 2025 12:04:31 GMT\nConnection:keep-alive\nAccess-Control-Allow-Origin:*\nAccess-Control-Allow-Credentials:true\n"}
{"level":"info","time":"2025-04-22T14:04:34+02:00","message":" - [4] - GET Result :: Status code: 200"}
{"level":"info","time":"2025-04-22T14:04:34+02:00","message":" - Headers :\r\nDate:Tue, 22 Apr 2025 12:04:34 GMT\nConnection:keep-alive\nAccess-Control-Allow-Origin:*\nAccess-Control-Allow-Credentials:true\n"}
{"level":"info","time":"2025-04-22T14:04:34+02:00","message":" - DoPost Result :: Status code: 200"}
{"level":"info","time":"2025-04-22T14:04:34+02:00","message":" - Headers :\r\nDate:Tue, 22 Apr 2025 12:04:34 GMT\nConnection:keep-alive\nAccess-Control-Allow-Origin:*\nAccess-Control-Allow-Credentials:true\n"}
{"level":"info","time":"2025-04-22T14:04:36+02:00","message":" - [5] - GET Result :: Status code: 200"}
{"level":"info","time":"2025-04-22T14:04:36+02:00","message":" - Headers :\r\nDate:Tue, 22 Apr 2025 12:04:36 GMT\nConnection:keep-alive\nAccess-Control-Allow-Origin:*\nAccess-Control-Allow-Credentials:true\n"}
{"level":"info","time":"2025-04-22T14:04:36+02:00","message":" - DoPost Result :: Status code: 200"}
{"level":"info","time":"2025-04-22T14:04:36+02:00","message":" - Headers :\r\nDate:Tue, 22 Apr 2025 12:04:36 GMT\nConnection:keep-alive\nAccess-Control-Allow-Origin:*\nAccess-Control-Allow-Credentials:true\n"}
{"level":"info","time":"2025-04-22T14:04:39+02:00","message":" - DoPost Result :: Status code: 200"}
{"level":"info","time":"2025-04-22T14:04:39+02:00","message":" - Headers :\r\nDate:Tue, 22 Apr 2025 12:04:39 GMT\nConnection:keep-alive\nAccess-Control-Allow-Origin:*\nAccess-Control-Allow-Credentials:true\n"}
{"level":"info","time":"2025-04-22T14:04:39+02:00","message":" - [6] - GET Result :: Status code: 200"}
{"level":"info","time":"2025-04-22T14:04:39+02:00","message":" - Headers :\r\nAccess-Control-Allow-Origin:*\nAccess-Control-Allow-Credentials:true\nDate:Tue, 22 Apr 2025 12:04:39 GMT\nConnection:keep-alive\n"}
{"level":"info","time":"2025-04-22T14:04:42+02:00","message":" - [7] - GET Result :: Status code: 200"}
{"level":"info","time":"2025-04-22T14:04:42+02:00","message":" - Headers :\r\nDate:Tue, 22 Apr 2025 12:04:42 GMT\nConnection:keep-alive\nAccess-Control-Allow-Origin:*\nAccess-Control-Allow-Credentials:true\n"}
{"level":"info","time":"2025-04-22T14:04:43+02:00","message":" - DoPost Result :: Status code: 200"}
{"level":"info","time":"2025-04-22T14:04:43+02:00","message":" - Headers :\r\nDate:Tue, 22 Apr 2025 12:04:43 GMT\nConnection:keep-alive\nAccess-Control-Allow-Origin:*\nAccess-Control-Allow-Credentials:true\n"}
{"level":"info","time":"2025-04-22T14:04:45+02:00","message":" - [8] - GET Result :: Status code: 200"}
{"level":"info","time":"2025-04-22T14:04:45+02:00","message":" - Headers :\r\nDate:Tue, 22 Apr 2025 12:04:45 GMT\nConnection:keep-alive\nAccess-Control-Allow-Origin:*\nAccess-Control-Allow-Credentials:true\n"}
{"level":"info","time":"2025-04-22T14:04:46+02:00","message":" - Headers :\r\nAccess-Control-Allow-Origin:*\nAccess-Control-Allow-Credentials:true\nDate:Tue, 22 Apr 2025 12:04:46 GMT\nConnection:keep-alive\n"}
{"level":"info","time":"2025-04-22T14:04:46+02:00","message":" - DoPost Result :: Status code: 200"}
{"level":"info","time":"2025-04-22T14:04:48+02:00","message":" - [9] - GET Result :: Status code: 200"}
{"level":"info","time":"2025-04-22T14:04:48+02:00","message":" - Headers :\r\nDate:Tue, 22 Apr 2025 12:04:48 GMT\nConnection:keep-alive\nAccess-Control-Allow-Origin:*\nAccess-Control-Allow-Credentials:true\n"}
{"level":"info","time":"2025-04-22T14:04:48+02:00","message":" - DoPost Result :: Status code: 200"}
{"level":"info","time":"2025-04-22T14:04:48+02:00","message":" - Headers :\r\nDate:Tue, 22 Apr 2025 12:04:48 GMT\nConnection:keep-alive\nAccess-Control-Allow-Origin:*\nAccess-Control-Allow-Credentials:true\n"}
{"level":"info","time":"2025-04-22T14:04:51+02:00","message":" - DoPost Result :: Status code: 200"}
{"level":"info","time":"2025-04-22T14:04:51+02:00","message":" - Headers :\r\nDate:Tue, 22 Apr 2025 12:04:51 GMT\nConnection:keep-alive\nAccess-Control-Allow-Origin:*\nAccess-Control-Allow-Credentials:true\n"}
{"level":"info","time":"2025-04-22T14:04:52+02:00","message":" - Headers :\r\nAccess-Control-Allow-Origin:*\nAccess-Control-Allow-Credentials:true\nDate:Tue, 22 Apr 2025 12:04:52 GMT\nConnection:keep-alive\n"}
{"level":"info","time":"2025-04-22T14:04:52+02:00","message":" - [10] - GET Result :: Status code: 200"}
{"level":"info","time":"2025-04-22T14:04:54+02:00","message":" - DoPost Result :: Status code: 200"}
{"level":"info","time":"2025-04-22T14:04:54+02:00","message":" - Headers :\r\nDate:Tue, 22 Apr 2025 12:04:54 GMT\nConnection:keep-alive\nAccess-Control-Allow-Origin:*\nAccess-Control-Allow-Credentials:true\n"}
{"level":"info","time":"2025-04-22T14:04:55+02:00","message":" - [11] - GET Result :: Status code: 200"}
{"level":"info","time":"2025-04-22T14:04:55+02:00","message":" - Headers :\r\nAccess-Control-Allow-Credentials:true\nDate:Tue, 22 Apr 2025 12:04:55 GMT\nConnection:keep-alive\nAccess-Control-Allow-Origin:*\n"}
{"level":"info","time":"2025-04-22T14:04:58+02:00","message":" - [12] - GET Result :: Status code: 200"}
{"level":"info","time":"2025-04-22T14:04:58+02:00","message":" - Headers :\r\nConnection:keep-alive\nAccess-Control-Allow-Origin:*\nAccess-Control-Allow-Credentials:true\nDate:Tue, 22 Apr 2025 12:04:58 GMT\n"}
{"level":"info","time":"2025-04-22T14:04:58+02:00","message":" - DoPost Result :: Status code: 200"}
{"level":"info","time":"2025-04-22T14:04:58+02:00","message":" - Headers :\r\nDate:Tue, 22 Apr 2025 12:04:58 GMT\nConnection:keep-alive\nAccess-Control-Allow-Origin:*\nAccess-Control-Allow-Credentials:true\n"}
{"level":"info","time":"2025-04-22T14:05:01+02:00","message":" - DoPost Result :: Status code: 200"}
{"level":"info","time":"2025-04-22T14:05:01+02:00","message":" - Headers :\r\nConnection:keep-alive\nAccess-Control-Allow-Origin:*\nAccess-Control-Allow-Credentials:true\nDate:Tue, 22 Apr 2025 12:05:01 GMT\n"}
{"level":"info","time":"2025-04-22T14:05:01+02:00","message":" - [13] - GET Result :: Status code: 200"}
{"level":"info","time":"2025-04-22T14:05:01+02:00","message":" - Headers :\r\nDate:Tue, 22 Apr 2025 12:05:01 GMT\nConnection:keep-alive\nAccess-Control-Allow-Origin:*\nAccess-Control-Allow-Credentials:true\n"}
{"level":"info","time":"2025-04-22T14:05:04+02:00","message":" - Headers :\r\nAccess-Control-Allow-Credentials:true\nDate:Tue, 22 Apr 2025 12:05:04 GMT\nConnection:keep-alive\nAccess-Control-Allow-Origin:*\n"}
{"level":"info","time":"2025-04-22T14:05:04+02:00","message":" - DoPost Result :: Status code: 200"}
{"level":"info","time":"2025-04-22T14:05:04+02:00","message":" - [14] - GET Result :: Status code: 200"}
{"level":"info","time":"2025-04-22T14:05:04+02:00","message":" - Headers :\r\nAccess-Control-Allow-Origin:*\nAccess-Control-Allow-Credentials:true\nDate:Tue, 22 Apr 2025 12:05:04 GMT\nConnection:keep-alive\n"}
{"level":"info","time":"2025-04-22T14:05:06+02:00","message":" - [15] - GET Result :: Status code: 200"}
{"level":"info","time":"2025-04-22T14:05:06+02:00","message":" - Headers :\r\nConnection:keep-alive\nAccess-Control-Allow-Origin:*\nAccess-Control-Allow-Credentials:true\nDate:Tue, 22 Apr 2025 12:05:06 GMT\n"}
{"level":"info","time":"2025-04-22T14:05:07+02:00","message":" - DoPost Result :: Status code: 200"}
{"level":"info","time":"2025-04-22T14:05:07+02:00","message":" - Headers :\r\nConnection:keep-alive\nAccess-Control-Allow-Origin:*\nAccess-Control-Allow-Credentials:true\nDate:Tue, 22 Apr 2025 12:05:07 GMT\n"}
{"level":"info","time":"2025-04-22T14:05:10+02:00","message":" - DoPost Result :: Status code: 200"}
{"level":"info","time":"2025-04-22T14:05:10+02:00","message":" - Headers :\r\nAccess-Control-Allow-Credentials:true\nDate:Tue, 22 Apr 2025 12:05:10 GMT\nConnection:keep-alive\nAccess-Control-Allow-Origin:*\n"}
{"level":"info","time":"2025-04-22T14:05:10+02:00","message":" - [16] - GET Result :: Status code: 200"}
{"level":"info","time":"2025-04-22T14:05:10+02:00","message":" - Headers :\r\nDate:Tue, 22 Apr 2025 12:05:10 GMT\nConnection:keep-alive\nAccess-Control-Allow-Origin:*\nAccess-Control-Allow-Credentials:true\n"}
{"level":"info","time":"2025-04-22T14:05:13+02:00","message":" - [17] - GET Result :: Status code: 200"}
{"level":"info","time":"2025-04-22T14:05:13+02:00","message":" - Headers :\r\nDate:Tue, 22 Apr 2025 12:05:13 GMT\nConnection:keep-alive\nAccess-Control-Allow-Origin:*\nAccess-Control-Allow-Credentials:true\n"}
{"level":"info","time":"2025-04-22T14:05:13+02:00","message":" - DoPost Result :: Status code: 502"}
{"level":"info","time":"2025-04-22T14:05:13+02:00","message":" - Headers :\r\nDate:Tue, 22 Apr 2025 12:05:13 GMT\nConnection:keep-alive\n"}
{"level":"info","time":"2025-04-22T14:05:16+02:00","message":" - [18] - GET Result :: Status code: 200"}
{"level":"info","time":"2025-04-22T14:05:16+02:00","message":" - Headers :\r\nDate:Tue, 22 Apr 2025 12:05:16 GMT\nConnection:keep-alive\nAccess-Control-Allow-Origin:*\nAccess-Control-Allow-Credentials:true\n"}
{"level":"info","time":"2025-04-22T14:05:16+02:00","message":" - DoPost Result :: Status code: 200"}
{"level":"info","time":"2025-04-22T14:05:16+02:00","message":" - Headers :\r\nDate:Tue, 22 Apr 2025 12:05:16 GMT\nConnection:keep-alive\nAccess-Control-Allow-Origin:*\nAccess-Control-Allow-Credentials:true\n"}
{"level":"info","time":"2025-04-22T14:05:18+02:00","message":" - [19] - GET Result :: Status code: 200"}
{"level":"info","time":"2025-04-22T14:05:18+02:00","message":" - Headers :\r\nConnection:keep-alive\nAccess-Control-Allow-Origin:*\nAccess-Control-Allow-Credentials:true\nDate:Tue, 22 Apr 2025 12:05:18 GMT\n"}
{"level":"info","time":"2025-04-22T14:05:21+02:00","message":" - [20] - GET Result :: Status code: 200"}
{"level":"info","time":"2025-04-22T14:05:21+02:00","message":" - Headers :\r\nDate:Tue, 22 Apr 2025 12:05:21 GMT\nConnection:keep-alive\nAccess-Control-Allow-Origin:*\nAccess-Control-Allow-Credentials:true\n"}
{"level":"info","time":"2025-04-22T14:05:23+02:00","message":" - DoPost Result :: Status code: 200"}
{"level":"info","time":"2025-04-22T14:05:23+02:00","message":" - Headers :\r\nDate:Tue, 22 Apr 2025 12:05:23 GMT\nConnection:keep-alive\nAccess-Control-Allow-Origin:*\nAccess-Control-Allow-Credentials:true\n"}
{"level":"info","time":"2025-04-22T14:05:24+02:00","message":" - Headers :\r\nDate:Tue, 22 Apr 2025 12:05:24 GMT\nConnection:keep-alive\nAccess-Control-Allow-Origin:*\nAccess-Control-Allow-Credentials:true\n"}
{"level":"info","time":"2025-04-22T14:05:24+02:00","message":" - DoPost Result :: Status code: 200"}
{"level":"info","time":"2025-04-22T14:05:43+02:00","message":"Logger Initialized & Started"}
{"level":"info","time":"2025-04-22T14:05:43+02:00","message":"Application AgniOne Demo Application - 1.0.0.0 loaded"}
{"level":"info","time":"2025-04-22T14:05:43+02:00","message":"logger instance created with file /media/ajith/work/dev/go/Git_Lab2/agnione//log/AgniOne_demo_http.log"}
{"level":"info","time":"2025-04-22T14:05:43+02:00","message":"Found 1 pool setting for appunit Http_demo"}
{"level":"info","time":"2025-04-22T14:05:43+02:00","message":"Loaded & started 1 pool of appunits"}
{"level":"info","time":"2025-04-22T14:05:43+02:00","message":"Starting (0) of [1] - Http_demo.............\nAppunit info -> "}
{"level":"info","time":"2025-04-22T14:05:43+02:00","message":" - Starting ....."}
{"level":"info","time":"2025-04-22T14:05:43+02:00","message":"Loading the 0 appunit of pool [1] of Http_demo"}
{"level":"info","time":"2025-04-22T14:05:43+02:00","message":"Started ------ (0) of [1] - Http_demo successfully"}
{"level":"info","time":"2025-04-22T14:05:43+02:00","message":" - Starting the ........... DONE"}
{"level":"info","time":"2025-04-22T14:05:43+02:00","message":"Started\t1 out of 1 pool of appunit Http_demo\n"}
{"level":"info","time":"2025-04-22T14:05:43+02:00","message":"starting the DoGet routine"}
{"level":"info","time":"2025-04-22T14:05:44+02:00","message":"starting HTTP monitoring ......"}
{"level":"info","time":"2025-04-22T14:05:44+02:00","message":"HTTP monitoring started on 0.0.0.0:8080"}
{"level":"info","time":"2025-04-22T14:05:46+02:00","message":"broadcasting status via SSE stopped"}
{"level":"info","time":"2025-04-22T14:07:52+02:00","message":"Logger Initialized & Started"}
{"level":"info","time":"2025-04-22T14:07:52+02:00","message":"logger instance created with file /media/ajith/work/dev/go/Git_Lab2/agnione//log/AgniOne_demo_http.log"}
{"level":"info","time":"2025-04-22T14:07:52+02:00","message":"Application AgniOne Demo Application - 1.0.0.0 loaded"}
{"level":"info","time":"2025-04-22T14:07:52+02:00","message":"Found 1 pool setting for appunit Http_demo"}
{"level":"info","time":"2025-04-22T14:07:53+02:00","message":"Loading the 0 appunit of pool [1] of Http_demo"}
{"level":"info","time":"2025-04-22T14:07:53+02:00","message":"Loaded & started 1 pool of appunits"}
{"level":"info","time":"2025-04-22T14:07:53+02:00","message":"Starting (0) of [1] - Http_demo.............\nAppunit info -> "}
{"level":"info","time":"2025-04-22T14:07:53+02:00","message":" - Starting ....."}
{"level":"info","time":"2025-04-22T14:07:53+02:00","message":"Started\t1 out of 1 pool of appunit Http_demo\n"}
{"level":"info","time":"2025-04-22T14:07:53+02:00","message":"Started ------ (0) of [1] - Http_demo successfully"}
{"level":"info","time":"2025-04-22T14:07:53+02:00","message":" - Starting the ........... DONE"}
{"level":"info","time":"2025-04-22T14:07:53+02:00","message":"starting the DoGet routine"}
{"level":"info","time":"2025-04-22T14:07:54+02:00","message":"starting HTTP monitoring ......"}
{"level":"info","time":"2025-04-22T14:07:54+02:00","message":"HTTP monitoring started on 0.0.0.0:8080"}
{"level":"info","time":"2025-04-22T14:07:57+02:00","message":"broadcasting status via SSE stopped"}
{"level":"error","time":"2025-04-22T14:08:00+02:00","message":" - Failed to load fetch the request - request failed: error when dialing 3.224.7.64:443: dialing to the given TCP address timed out"}
{"level":"error","time":"2025-04-22T14:08:08+02:00","message":" - Failed to load fetch the request - request failed: error when dialing 35.172.19.140:443: dialing to the given TCP address timed out"}
{"level":"info","time":"2025-04-22T14:08:08+02:00","message":" - DoPost Result :: Status code: 200"}
{"level":"info","time":"2025-04-22T14:08:08+02:00","message":" - Headers :\r\nAccess-Control-Allow-Origin:*\nAccess-Control-Allow-Credentials:true\nDate:Tue, 22 Apr 2025 12:08:08 GMT\nConnection:keep-alive\n"}
{"level":"info","time":"2025-04-22T14:08:08+02:00","message":" - Headers :\r\nDate:Tue, 22 Apr 2025 12:08:08 GMT\nConnection:keep-alive\nAccess-Control-Allow-Origin:*\nAccess-Control-Allow-Credentials:true\n"}
{"level":"info","time":"2025-04-22T14:08:08+02:00","message":" - DoPost Result :: Status code: 200"}
{"level":"info","time":"2025-04-22T14:08:08+02:00","message":" - [2] - GET Result :: Status code: 200"}
{"level":"info","time":"2025-04-22T14:08:08+02:00","message":" - Headers :\r\nDate:Tue, 22 Apr 2025 12:08:08 GMT\nConnection:keep-alive\nAccess-Control-Allow-Origin:*\nAccess-Control-Allow-Credentials:true\n"}
{"level":"info","time":"2025-04-22T14:08:11+02:00","message":" - DoPost Result :: Status code: 200"}
{"level":"info","time":"2025-04-22T14:08:11+02:00","message":" - Headers :\r\nConnection:keep-alive\nAccess-Control-Allow-Origin:*\nAccess-Control-Allow-Credentials:true\nDate:Tue, 22 Apr 2025 12:08:11 GMT\n"}
{"level":"info","time":"2025-04-22T14:08:12+02:00","message":" - [3] - GET Result :: Status code: 200"}
{"level":"info","time":"2025-04-22T14:08:12+02:00","message":" - Headers :\r\nDate:Tue, 22 Apr 2025 12:08:12 GMT\nConnection:keep-alive\nAccess-Control-Allow-Origin:*\nAccess-Control-Allow-Credentials:true\n"}
{"level":"info","time":"2025-04-22T14:08:14+02:00","message":" - [4] - GET Result :: Status code: 200"}
{"level":"info","time":"2025-04-22T14:08:14+02:00","message":" - Headers :\r\nAccess-Control-Allow-Credentials:true\nDate:Tue, 22 Apr 2025 12:08:14 GMT\nConnection:keep-alive\nAccess-Control-Allow-Origin:*\n"}
{"level":"info","time":"2025-04-22T14:09:54+02:00","message":"Logger Initialized & Started"}
{"level":"info","time":"2025-04-22T14:09:54+02:00","message":"logger instance created with file /media/ajith/work/dev/go/Git_Lab2/agnione//log/AgniOne_demo_http.log"}
{"level":"info","time":"2025-04-22T14:09:54+02:00","message":"Application AgniOne Demo Application - 1.0.0.0 loaded"}
{"level":"info","time":"2025-04-22T14:09:54+02:00","message":"Found 1 pool setting for appunit Http_demo"}
{"level":"info","time":"2025-04-22T14:09:54+02:00","message":"Loading the 0 appunit of pool [1] of Http_demo"}
{"level":"info","time":"2025-04-22T14:09:54+02:00","message":"Starting (0) of [1] - Http_demo.............\nAppunit info -> "}
{"level":"info","time":"2025-04-22T14:09:54+02:00","message":"Loaded & started 1 pool of appunits"}
{"level":"info","time":"2025-04-22T14:09:54+02:00","message":" - Starting the ........... DONE"}
{"level":"info","time":"2025-04-22T14:09:54+02:00","message":"Started ------ (0) of [1] - Http_demo successfully"}
{"level":"info","time":"2025-04-22T14:09:54+02:00","message":"Started\t1 out of 1 pool of appunit Http_demo\n"}
{"level":"info","time":"2025-04-22T14:09:54+02:00","message":" - Starting ....."}
{"level":"info","time":"2025-04-22T14:09:54+02:00","message":"starting the DoGet routine"}
{"level":"info","time":"2025-04-22T14:09:55+02:00","message":"starting HTTP monitoring ......"}
{"level":"info","time":"2025-04-22T14:09:55+02:00","message":"HTTP monitoring started on 0.0.0.0:8080"}
{"level":"info","time":"2025-04-22T14:09:59+02:00","message":"broadcasting status via SSE stopped"}
{"level":"error","time":"2025-04-22T14:10:03+02:00","message":" - Failed to load fetch the request - request failed: lookup httpbin.org: i/o timeout"}
{"level":"error","time":"2025-04-22T14:10:03+02:00","message":" - DoPost Failed to load fetch the request -request failed: lookup httpbin.org: i/o timeout"}
{"level":"info","time":"2025-04-22T14:10:04+02:00","message":" - DoPost Result :: Status code: 200"}
{"level":"info","time":"2025-04-22T14:10:04+02:00","message":" - Headers :\r\nDate:Tue, 22 Apr 2025 12:10:04 GMT\nConnection:keep-alive\nAccess-Control-Allow-Origin:*\nAccess-Control-Allow-Credentials:true\n"}
{"level":"info","time":"2025-04-22T14:10:05+02:00","message":" - [1] - GET Result :: Status code: 200"}
{"level":"info","time":"2025-04-22T14:10:05+02:00","message":" - Headers :\r\nDate:Tue, 22 Apr 2025 12:10:05 GMT\nConnection:keep-alive\nAccess-Control-Allow-Origin:*\nAccess-Control-Allow-Credentials:true\n"}
{"level":"info","time":"2025-04-22T14:10:05+02:00","message":" - DoPost Result :: Status code: 200"}
{"level":"info","time":"2025-04-22T14:10:05+02:00","message":" - Headers :\r\nAccess-Control-Allow-Credentials:true\nDate:Tue, 22 Apr 2025 12:10:05 GMT\nConnection:keep-alive\nAccess-Control-Allow-Origin:*\n"}
{"level":"info","time":"2025-04-22T14:10:06+02:00","message":" - DoPost Result :: Status code: 200"}
{"level":"info","time":"2025-04-22T14:10:06+02:00","message":" - Headers :\r\nDate:Tue, 22 Apr 2025 12:10:06 GMT\nConnection:keep-alive\nAccess-Control-Allow-Origin:*\nAccess-Control-Allow-Credentials:true\n"}
{"level":"info","time":"2025-04-22T14:10:07+02:00","message":" - [2] - GET Result :: Status code: 200"}
{"level":"info","time":"2025-04-22T14:10:07+02:00","message":" - Headers :\r\nDate:Tue, 22 Apr 2025 12:10:06 GMT\nConnection:keep-alive\nAccess-Control-Allow-Origin:*\nAccess-Control-Allow-Credentials:true\n"}
{"level":"info","time":"2025-04-22T14:10:07+02:00","message":" - [3] - GET Result :: Status code: 200"}
{"level":"info","time":"2025-04-22T14:10:07+02:00","message":" - Headers :\r\nDate:Tue, 22 Apr 2025 12:10:07 GMT\nConnection:keep-alive\nAccess-Control-Allow-Origin:*\nAccess-Control-Allow-Credentials:true\n"}
{"level":"info","time":"2025-04-22T14:10:11+02:00","message":" - [4] - GET Result :: Status code: 200"}
{"level":"info","time":"2025-04-22T14:10:11+02:00","message":" - Headers :\r\nConnection:keep-alive\nAccess-Control-Allow-Origin:*\nAccess-Control-Allow-Credentials:true\nDate:Tue, 22 Apr 2025 12:10:11 GMT\n"}
{"level":"info","time":"2025-04-22T14:10:13+02:00","message":" - DoPost Result :: Status code: 200"}
{"level":"info","time":"2025-04-22T14:10:13+02:00","message":" - Headers :\r\nDate:Tue, 22 Apr 2025 12:10:13 GMT\nConnection:keep-alive\nAccess-Control-Allow-Origin:*\nAccess-Control-Allow-Credentials:true\n"}
{"level":"info","time":"2025-04-22T14:10:13+02:00","message":" - [5] - GET Result :: Status code: 200"}
{"level":"info","time":"2025-04-22T14:10:13+02:00","message":" - Headers :\r\nAccess-Control-Allow-Credentials:true\nDate:Tue, 22 Apr 2025 12:10:13 GMT\nConnection:keep-alive\nAccess-Control-Allow-Origin:*\n"}
{"level":"info","time":"2025-04-22T14:10:13+02:00","message":" - DoPost Result :: Status code: 200"}
{"level":"info","time":"2025-04-22T14:10:13+02:00","message":" - Headers :\r\nDate:Tue, 22 Apr 2025 12:10:13 GMT\nConnection:keep-alive\nAccess-Control-Allow-Origin:*\nAccess-Control-Allow-Credentials:true\n"}
{"level":"info","time":"2025-04-22T14:10:15+02:00","message":" - [6] - GET Result :: Status code: 200"}
{"level":"info","time":"2025-04-22T14:10:15+02:00","message":" - Headers :\r\nAccess-Control-Allow-Credentials:true\nDate:Tue, 22 Apr 2025 12:10:15 GMT\nConnection:keep-alive\nAccess-Control-Allow-Origin:*\n"}
{"level":"info","time":"2025-04-22T14:10:16+02:00","message":" - DoPost Result :: Status code: 200"}
{"level":"info","time":"2025-04-22T14:10:16+02:00","message":" - Headers :\r\nDate:Tue, 22 Apr 2025 12:10:16 GMT\nConnection:keep-alive\nAccess-Control-Allow-Origin:*\nAccess-Control-Allow-Credentials:true\n"}
{"level":"info","time":"2025-04-22T14:10:19+02:00","message":" - DoPost Result :: Status code: 200"}
{"level":"info","time":"2025-04-22T14:10:19+02:00","message":" - Headers :\r\nConnection:keep-alive\nAccess-Control-Allow-Origin:*\nAccess-Control-Allow-Credentials:true\nDate:Tue, 22 Apr 2025 12:10:18 GMT\n"}
{"level":"info","time":"2025-04-22T14:10:20+02:00","message":" - [7] - GET Result :: Status code: 502"}
{"level":"info","time":"2025-04-22T14:10:20+02:00","message":" - Headers :\r\nDate:Tue, 22 Apr 2025 12:10:19 GMT\nConnection:keep-alive\n"}
{"level":"info","time":"2025-04-22T14:10:21+02:00","message":" - [8] - GET Result :: Status code: 200"}
{"level":"info","time":"2025-04-22T14:10:21+02:00","message":" - Headers :\r\nDate:Tue, 22 Apr 2025 12:10:21 GMT\nConnection:keep-alive\nAccess-Control-Allow-Origin:*\nAccess-Control-Allow-Credentials:true\n"}
{"level":"info","time":"2025-04-22T14:10:21+02:00","message":" - DoPost Result :: Status code: 200"}
{"level":"info","time":"2025-04-22T14:10:21+02:00","message":" - Headers :\r\nAccess-Control-Allow-Origin:*\nAccess-Control-Allow-Credentials:true\nDate:Tue, 22 Apr 2025 12:10:21 GMT\nConnection:keep-alive\n"}
{"level":"info","time":"2025-04-22T14:10:24+02:00","message":" - [9] - GET Result :: Status code: 200"}
{"level":"info","time":"2025-04-22T14:10:24+02:00","message":" - Headers :\r\nAccess-Control-Allow-Credentials:true\nDate:Tue, 22 Apr 2025 12:10:24 GMT\nConnection:keep-alive\nAccess-Control-Allow-Origin:*\n"}
{"level":"info","time":"2025-04-22T14:10:25+02:00","message":" - DoPost Result :: Status code: 200"}
{"level":"info","time":"2025-04-22T14:10:25+02:00","message":" - Headers :\r\nDate:Tue, 22 Apr 2025 12:10:25 GMT\nConnection:keep-alive\nAccess-Control-Allow-Origin:*\nAccess-Control-Allow-Credentials:true\n"}
{"level":"info","time":"2025-04-22T14:10:27+02:00","message":" - [10] - GET Result :: Status code: 200"}
{"level":"info","time":"2025-04-22T14:10:27+02:00","message":" - Headers :\r\nConnection:keep-alive\nAccess-Control-Allow-Origin:*\nAccess-Control-Allow-Credentials:true\nDate:Tue, 22 Apr 2025 12:10:27 GMT\n"}
{"level":"info","time":"2025-04-22T14:10:27+02:00","message":" - DoPost Result :: Status code: 200"}
{"level":"info","time":"2025-04-22T14:10:27+02:00","message":" - Headers :\r\nDate:Tue, 22 Apr 2025 12:10:27 GMT\nConnection:keep-alive\nAccess-Control-Allow-Origin:*\nAccess-Control-Allow-Credentials:true\n"}
{"level":"info","time":"2025-04-22T14:10:31+02:00","message":" - DoPost Result :: Status code: 200"}
{"level":"info","time":"2025-04-22T14:10:31+02:00","message":" - Headers :\r\nDate:Tue, 22 Apr 2025 12:10:31 GMT\nConnection:keep-alive\nAccess-Control-Allow-Origin:*\nAccess-Control-Allow-Credentials:true\n"}
{"level":"info","time":"2025-04-22T14:10:31+02:00","message":" - [11] - GET Result :: Status code: 200"}
{"level":"info","time":"2025-04-22T14:10:31+02:00","message":" - Headers :\r\nConnection:keep-alive\nAccess-Control-Allow-Origin:*\nAccess-Control-Allow-Credentials:true\nDate:Tue, 22 Apr 2025 12:10:31 GMT\n"}
{"level":"info","time":"2025-04-22T14:10:34+02:00","message":" - DoPost Result :: Status code: 200"}
{"level":"info","time":"2025-04-22T14:10:34+02:00","message":" - Headers :\r\nDate:Tue, 22 Apr 2025 12:10:34 GMT\nConnection:keep-alive\nAccess-Control-Allow-Origin:*\nAccess-Control-Allow-Credentials:true\n"}
{"level":"info","time":"2025-04-22T14:10:35+02:00","message":" - [12] - GET Result :: Status code: 200"}
{"level":"info","time":"2025-04-22T14:10:35+02:00","message":" - Headers :\r\nAccess-Control-Allow-Origin:*\nAccess-Control-Allow-Credentials:true\nDate:Tue, 22 Apr 2025 12:10:35 GMT\nConnection:keep-alive\n"}
{"level":"info","time":"2025-04-22T14:10:37+02:00","message":" - DoPost Result :: Status code: 200"}
{"level":"info","time":"2025-04-22T14:10:37+02:00","message":" - Headers :\r\nDate:Tue, 22 Apr 2025 12:10:37 GMT\nConnection:keep-alive\nAccess-Control-Allow-Origin:*\nAccess-Control-Allow-Credentials:true\n"}
{"level":"info","time":"2025-04-22T14:10:38+02:00","message":" - [13] - GET Result :: Status code: 200"}
{"level":"info","time":"2025-04-22T14:10:38+02:00","message":" - Headers :\r\nConnection:keep-alive\nAccess-Control-Allow-Origin:*\nAccess-Control-Allow-Credentials:true\nDate:Tue, 22 Apr 2025 12:10:38 GMT\n"}
{"level":"info","time":"2025-04-22T14:10:40+02:00","message":" - [14] - GET Result :: Status code: 200"}
{"level":"info","time":"2025-04-22T14:10:40+02:00","message":" - Headers :\r\nDate:Tue, 22 Apr 2025 12:10:40 GMT\nConnection:keep-alive\nAccess-Control-Allow-Origin:*\nAccess-Control-Allow-Credentials:true\n"}
{"level":"info","time":"2025-04-22T14:10:41+02:00","message":" - DoPost Result :: Status code: 200"}
{"level":"info","time":"2025-04-22T14:10:41+02:00","message":" - Headers :\r\nAccess-Control-Allow-Origin:*\nAccess-Control-Allow-Credentials:true\nDate:Tue, 22 Apr 2025 12:10:40 GMT\nConnection:keep-alive\n"}
{"level":"info","time":"2025-04-22T14:10:42+02:00","message":" - DoPost Result :: Status code: 200"}
{"level":"info","time":"2025-04-22T14:10:42+02:00","message":" - Headers :\r\nDate:Tue, 22 Apr 2025 12:10:42 GMT\nConnection:keep-alive\nAccess-Control-Allow-Origin:*\nAccess-Control-Allow-Credentials:true\n"}
{"level":"info","time":"2025-04-22T14:10:43+02:00","message":" - [15] - GET Result :: Status code: 200"}
{"level":"info","time":"2025-04-22T14:10:43+02:00","message":" - Headers :\r\nDate:Tue, 22 Apr 2025 12:10:43 GMT\nConnection:keep-alive\nAccess-Control-Allow-Origin:*\nAccess-Control-Allow-Credentials:true\n"}
{"level":"info","time":"2025-04-22T14:10:46+02:00","message":" - [16] - GET Result :: Status code: 200"}
{"level":"info","time":"2025-04-22T14:10:46+02:00","message":" - Headers :\r\nDate:Tue, 22 Apr 2025 12:10:45 GMT\nConnection:keep-alive\nAccess-Control-Allow-Origin:*\nAccess-Control-Allow-Credentials:true\n"}
{"level":"info","time":"2025-04-22T14:10:47+02:00","message":" - DoPost Result :: Status code: 200"}
{"level":"info","time":"2025-04-22T14:10:47+02:00","message":" - Headers :\r\nAccess-Control-Allow-Credentials:true\nDate:Tue, 22 Apr 2025 12:10:46 GMT\nConnection:keep-alive\nAccess-Control-Allow-Origin:*\n"}
{"level":"info","time":"2025-04-22T14:10:48+02:00","message":" - [17] - GET Result :: Status code: 200"}
{"level":"info","time":"2025-04-22T14:10:48+02:00","message":" - Headers :\r\nDate:Tue, 22 Apr 2025 12:10:48 GMT\nConnection:keep-alive\nAccess-Control-Allow-Origin:*\nAccess-Control-Allow-Credentials:true\n"}
{"level":"info","time":"2025-04-22T14:10:48+02:00","message":" - DoPost Result :: Status code: 200"}
{"level":"info","time":"2025-04-22T14:10:48+02:00","message":" - Headers :\r\nDate:Tue, 22 Apr 2025 12:10:48 GMT\nConnection:keep-alive\nAccess-Control-Allow-Origin:*\nAccess-Control-Allow-Credentials:true\n"}
{"level":"info","time":"2025-04-22T14:10:51+02:00","message":" - [18] - GET Result :: Status code: 200"}
{"level":"info","time":"2025-04-22T14:10:51+02:00","message":" - Headers :\r\nConnection:keep-alive\nAccess-Control-Allow-Origin:*\nAccess-Control-Allow-Credentials:true\nDate:Tue, 22 Apr 2025 12:10:51 GMT\n"}
{"level":"info","time":"2025-04-22T14:10:52+02:00","message":" - DoPost Result :: Status code: 200"}
{"level":"info","time":"2025-04-22T14:10:52+02:00","message":" - Headers :\r\nDate:Tue, 22 Apr 2025 12:10:52 GMT\nConnection:keep-alive\nAccess-Control-Allow-Origin:*\nAccess-Control-Allow-Credentials:true\n"}
{"level":"info","time":"2025-04-22T14:10:54+02:00","message":" - [19] - GET Result :: Status code: 200"}
{"level":"info","time":"2025-04-22T14:10:54+02:00","message":" - Headers :\r\nConnection:keep-alive\nAccess-Control-Allow-Origin:*\nAccess-Control-Allow-Credentials:true\nDate:Tue, 22 Apr 2025 12:10:54 GMT\n"}
{"level":"info","time":"2025-04-22T14:10:56+02:00","message":" - DoPost Result :: Status code: 200"}
{"level":"info","time":"2025-04-22T14:10:56+02:00","message":" - Headers :\r\nDate:Tue, 22 Apr 2025 12:10:55 GMT\nConnection:keep-alive\nAccess-Control-Allow-Origin:*\nAccess-Control-Allow-Credentials:true\n"}
{"level":"info","time":"2025-04-22T14:10:57+02:00","message":" - DoPost Result :: Status code: 200"}
{"level":"info","time":"2025-04-22T14:10:57+02:00","message":" - Headers :\r\nDate:Tue, 22 Apr 2025 12:10:57 GMT\nConnection:keep-alive\nAccess-Control-Allow-Origin:*\nAccess-Control-Allow-Credentials:true\n"}
{"level":"info","time":"2025-04-22T14:10:58+02:00","message":" - [20] - GET Result :: Status code: 200"}
{"level":"info","time":"2025-04-22T14:10:58+02:00","message":" - Headers :\r\nDate:Tue, 22 Apr 2025 12:10:58 GMT\nConnection:keep-alive\nAccess-Control-Allow-Origin:*\nAccess-Control-Allow-Credentials:true\n"}
{"level":"info","time":"2025-04-22T14:11:00+02:00","message":" - DoPost Result :: Status code: 200"}
{"level":"info","time":"2025-04-22T14:11:00+02:00","message":" - Headers :\r\nAccess-Control-Allow-Credentials:true\nDate:Tue, 22 Apr 2025 12:11:00 GMT\nConnection:keep-alive\nAccess-Control-Allow-Origin:*\n"}
{"level":"info","time":"2025-04-22T14:11:00+02:00","message":" - [21] - GET Result :: Status code: 200"}
{"level":"info","time":"2025-04-22T14:11:00+02:00","message":" - Headers :\r\nDate:Tue, 22 Apr 2025 12:11:00 GMT\nConnection:keep-alive\nAccess-Control-Allow-Origin:*\nAccess-Control-Allow-Credentials:true\n"}
{"level":"info","time":"2025-04-22T14:11:04+02:00","message":" - [22] - GET Result :: Status code: 200"}
{"level":"info","time":"2025-04-22T14:11:04+02:00","message":" - Headers :\r\nDate:Tue, 22 Apr 2025 12:11:04 GMT\nConnection:keep-alive\nAccess-Control-Allow-Origin:*\nAccess-Control-Allow-Credentials:true\n"}
{"level":"info","time":"2025-04-22T14:11:04+02:00","message":" - DoPost Result :: Status code: 200"}
{"level":"info","time":"2025-04-22T14:11:04+02:00","message":" - Headers :\r\nDate:Tue, 22 Apr 2025 12:11:04 GMT\nConnection:keep-alive\nAccess-Control-Allow-Origin:*\nAccess-Control-Allow-Credentials:true\n"}
{"level":"info","time":"2025-04-22T14:11:07+02:00","message":" - [23] - GET Result :: Status code: 200"}
{"level":"info","time":"2025-04-22T14:11:07+02:00","message":" - Headers :\r\nDate:Tue, 22 Apr 2025 12:11:07 GMT\nConnection:keep-alive\nAccess-Control-Allow-Origin:*\nAccess-Control-Allow-Credentials:true\n"}
{"level":"info","time":"2025-04-22T14:11:08+02:00","message":" - DoPost Result :: Status code: 502"}
{"level":"info","time":"2025-04-22T14:11:08+02:00","message":" - Headers :\r\nDate:Tue, 22 Apr 2025 12:11:08 GMT\nConnection:keep-alive\n"}
{"level":"info","time":"2025-04-22T14:11:09+02:00","message":" - [24] - GET Result :: Status code: 200"}
{"level":"info","time":"2025-04-22T14:11:09+02:00","message":" - Headers :\r\nDate:Tue, 22 Apr 2025 12:11:09 GMT\nConnection:keep-alive\nAccess-Control-Allow-Origin:*\nAccess-Control-Allow-Credentials:true\n"}
{"level":"info","time":"2025-04-22T14:11:10+02:00","message":" - DoPost Result :: Status code: 200"}
{"level":"info","time":"2025-04-22T14:11:10+02:00","message":" - Headers :\r\nAccess-Control-Allow-Credentials:true\nDate:Tue, 22 Apr 2025 12:11:10 GMT\nConnection:keep-alive\nAccess-Control-Allow-Origin:*\n"}
{"level":"info","time":"2025-04-22T14:11:13+02:00","message":" - DoPost Result :: Status code: 200"}
{"level":"info","time":"2025-04-22T14:11:13+02:00","message":" - Headers :\r\nDate:Tue, 22 Apr 2025 12:11:13 GMT\nConnection:keep-alive\nAccess-Control-Allow-Origin:*\nAccess-Control-Allow-Credentials:true\n"}
{"level":"info","time":"2025-04-22T14:11:13+02:00","message":" - [25] - GET Result :: Status code: 200"}
{"level":"info","time":"2025-04-22T14:11:13+02:00","message":" - Headers :\r\nDate:Tue, 22 Apr 2025 12:11:13 GMT\nConnection:keep-alive\nAccess-Control-Allow-Origin:*\nAccess-Control-Allow-Credentials:true\n"}
{"level":"info","time":"2025-04-22T14:11:15+02:00","message":" - [26] - GET Result :: Status code: 200"}
{"level":"info","time":"2025-04-22T14:11:15+02:00","message":" - Headers :\r\nAccess-Control-Allow-Credentials:true\nDate:Tue, 22 Apr 2025 12:11:15 GMT\nConnection:keep-alive\nAccess-Control-Allow-Origin:*\n"}
{"level":"info","time":"2025-04-22T14:11:15+02:00","message":" - DoPost Result :: Status code: 200"}
{"level":"info","time":"2025-04-22T14:11:15+02:00","message":" - Headers :\r\nDate:Tue, 22 Apr 2025 12:11:15 GMT\nConnection:keep-alive\nAccess-Control-Allow-Origin:*\nAccess-Control-Allow-Credentials:true\n"}
{"level":"info","time":"2025-04-22T14:11:19+02:00","message":" - Headers :\r\nDate:Tue, 22 Apr 2025 12:11:19 GMT\nConnection:keep-alive\nAccess-Control-Allow-Origin:*\nAccess-Control-Allow-Credentials:true\n"}
{"level":"info","time":"2025-04-22T14:11:19+02:00","message":" - DoPost Result :: Status code: 200"}
{"level":"info","time":"2025-04-22T14:11:19+02:00","message":" - [27] - GET Result :: Status code: 200"}
{"level":"info","time":"2025-04-22T14:11:19+02:00","message":" - Headers :\r\nAccess-Control-Allow-Origin:*\nAccess-Control-Allow-Credentials:true\nDate:Tue, 22 Apr 2025 12:11:19 GMT\nConnection:keep-alive\n"}
{"level":"info","time":"2025-04-22T14:11:21+02:00","message":" - [28] - GET Result :: Status code: 200"}
{"level":"info","time":"2025-04-22T14:11:21+02:00","message":" - Headers :\r\nDate:Tue, 22 Apr 2025 12:11:21 GMT\nConnection:keep-alive\nAccess-Control-Allow-Origin:*\nAccess-Control-Allow-Credentials:true\n"}
{"level":"info","time":"2025-04-22T14:11:23+02:00","message":" - DoPost Result :: Status code: 200"}
{"level":"info","time":"2025-04-22T14:11:23+02:00","message":" - Headers :\r\nAccess-Control-Allow-Origin:*\nAccess-Control-Allow-Credentials:true\nDate:Tue, 22 Apr 2025 12:11:23 GMT\nConnection:keep-alive\n"}
{"level":"info","time":"2025-04-22T14:11:24+02:00","message":" - [29] - GET Result :: Status code: 200"}
{"level":"info","time":"2025-04-22T14:11:24+02:00","message":" - Headers :\r\nDate:Tue, 22 Apr 2025 12:11:24 GMT\nConnection:keep-alive\nAccess-Control-Allow-Origin:*\nAccess-Control-Allow-Credentials:true\n"}
{"level":"info","time":"2025-04-22T14:11:24+02:00","message":" - DoPost Result :: Status code: 200"}
{"level":"info","time":"2025-04-22T14:11:24+02:00","message":" - Headers :\r\nDate:Tue, 22 Apr 2025 12:11:24 GMT\nConnection:keep-alive\nAccess-Control-Allow-Origin:*\nAccess-Control-Allow-Credentials:true\n"}
{"level":"info","time":"2025-04-22T14:11:27+02:00","message":" - DoPost Result :: Status code: 200"}
{"level":"info","time":"2025-04-22T14:11:27+02:00","message":" - Headers :\r\nDate:Tue, 22 Apr 2025 12:11:27 GMT\nConnection:keep-alive\nAccess-Control-Allow-Origin:*\nAccess-Control-Allow-Credentials:true\n"}
{"level":"info","time":"2025-04-22T14:11:28+02:00","message":" - [30] - GET Result :: Status code: 200"}
{"level":"info","time":"2025-04-22T14:11:28+02:00","message":" - Headers :\r\nDate:Tue, 22 Apr 2025 12:11:28 GMT\nConnection:keep-alive\nAccess-Control-Allow-Origin:*\nAccess-Control-Allow-Credentials:true\n"}
{"level":"info","time":"2025-04-22T14:11:30+02:00","message":" - DoPost Result :: Status code: 200"}
{"level":"info","time":"2025-04-22T14:11:30+02:00","message":" - Headers :\r\nDate:Tue, 22 Apr 2025 12:11:30 GMT\nConnection:keep-alive\nAccess-Control-Allow-Origin:*\nAccess-Control-Allow-Credentials:true\n"}
{"level":"info","time":"2025-04-22T14:11:31+02:00","message":" - [31] - GET Result :: Status code: 200"}
{"level":"info","time":"2025-04-22T14:11:31+02:00","message":" - Headers :\r\nAccess-Control-Allow-Origin:*\nAccess-Control-Allow-Credentials:true\nDate:Tue, 22 Apr 2025 12:11:31 GMT\nConnection:keep-alive\n"}
{"level":"info","time":"2025-04-22T14:11:34+02:00","message":" - DoPost Result :: Status code: 200"}
{"level":"info","time":"2025-04-22T14:11:34+02:00","message":" - Headers :\r\nDate:Tue, 22 Apr 2025 12:11:34 GMT\nConnection:keep-alive\nAccess-Control-Allow-Origin:*\nAccess-Control-Allow-Credentials:true\n"}
{"level":"info","time":"2025-04-22T14:11:34+02:00","message":" - [32] - GET Result :: Status code: 200"}
{"level":"info","time":"2025-04-22T14:11:34+02:00","message":" - Headers :\r\nAccess-Control-Allow-Origin:*\nAccess-Control-Allow-Credentials:true\nDate:Tue, 22 Apr 2025 12:11:34 GMT\nConnection:keep-alive\n"}
{"level":"info","time":"2025-04-22T14:15:25+02:00","message":"Logger Initialized & Started"}
{"level":"info","time":"2025-04-22T14:15:25+02:00","message":"logger instance created with file /media/ajith/work/dev/go/Git_Lab2/agnione//log/AgniOne_demo_http.log"}
{"level":"info","time":"2025-04-22T14:15:25+02:00","message":"Application AgniOne Demo Application - 1.0.0.0 loaded"}
{"level":"info","time":"2025-04-22T14:15:25+02:00","message":"Found 1 pool setting for appunit Http_demo"}
{"level":"info","time":"2025-04-22T14:15:25+02:00","message":"Loading the 0 appunit of pool [1] of Http_demo"}
{"level":"info","time":"2025-04-22T14:15:25+02:00","message":"Starting (0) of [1] - Http_demo.............\nAppunit info -> "}
{"level":"info","time":"2025-04-22T14:15:25+02:00","message":"Loaded & started 1 pool of appunits"}
{"level":"info","time":"2025-04-22T14:15:25+02:00","message":" - Starting the ........... DONE"}
{"level":"info","time":"2025-04-22T14:15:25+02:00","message":"Started ------ (0) of [1] - Http_demo successfully"}
{"level":"info","time":"2025-04-22T14:15:25+02:00","message":"Started\t1 out of 1 pool of appunit Http_demo\n"}
{"level":"info","time":"2025-04-22T14:15:25+02:00","message":" - Starting ....."}
{"level":"info","time":"2025-04-22T14:15:25+02:00","message":"starting the DoGet routine"}
{"level":"info","time":"2025-04-22T14:15:26+02:00","message":"starting HTTP monitoring ......"}
{"level":"info","time":"2025-04-22T14:15:26+02:00","message":"HTTP monitoring started on 0.0.0.0:8080"}
{"level":"info","time":"2025-04-22T14:15:40+02:00","message":"broadcasting status via SSE stopped"}
{"level":"info","time":"2025-04-22T14:15:42+02:00","message":" - [0] - GET Result :: Status code: 200"}
{"level":"info","time":"2025-04-22T14:15:42+02:00","message":" - Headers :\r\nDate:Tue, 22 Apr 2025 12:15:42 GMT\nConnection:keep-alive\nAccess-Control-Allow-Origin:*\nAccess-Control-Allow-Credentials:true\n"}
{"level":"info","time":"2025-04-22T14:15:44+02:00","message":" - DoPost Result :: Status code: 200"}
{"level":"info","time":"2025-04-22T14:15:44+02:00","message":" - Headers :\r\nDate:Tue, 22 Apr 2025 12:15:43 GMT\nConnection:keep-alive\nAccess-Control-Allow-Origin:*\nAccess-Control-Allow-Credentials:true\n"}
{"level":"info","time":"2025-04-22T14:15:44+02:00","message":" - [1] - GET Result :: Status code: 200"}
{"level":"info","time":"2025-04-22T14:15:44+02:00","message":" - Headers :\r\nDate:Tue, 22 Apr 2025 12:15:44 GMT\nConnection:keep-alive\nAccess-Control-Allow-Origin:*\nAccess-Control-Allow-Credentials:true\n"}
{"level":"info","time":"2025-04-22T14:15:50+02:00","message":" - DoPost Result :: Status code: 200"}
{"level":"info","time":"2025-04-22T14:15:50+02:00","message":" - Headers :\r\nDate:Tue, 22 Apr 2025 12:15:46 GMT\nConnection:keep-alive\nAccess-Control-Allow-Origin:*\nAccess-Control-Allow-Credentials:true\n"}
{"level":"info","time":"2025-04-22T14:15:51+02:00","message":" - DoPost Result :: Status code: 200"}
{"level":"info","time":"2025-04-22T14:15:51+02:00","message":" - Headers :\r\nDate:Tue, 22 Apr 2025 12:15:51 GMT\nConnection:keep-alive\nAccess-Control-Allow-Origin:*\nAccess-Control-Allow-Credentials:true\n"}
{"level":"info","time":"2025-04-22T14:15:52+02:00","message":" - [2] - GET Result :: Status code: 200"}
{"level":"info","time":"2025-04-22T14:15:52+02:00","message":" - Headers :\r\nDate:Tue, 22 Apr 2025 12:15:52 GMT\nConnection:keep-alive\nAccess-Control-Allow-Origin:*\nAccess-Control-Allow-Credentials:true\n"}
{"level":"info","time":"2025-04-22T14:15:55+02:00","message":" - [3] - GET Result :: Status code: 200"}
{"level":"info","time":"2025-04-22T14:15:55+02:00","message":" - Headers :\r\nDate:Tue, 22 Apr 2025 12:15:55 GMT\nConnection:keep-alive\nAccess-Control-Allow-Origin:*\nAccess-Control-Allow-Credentials:true\n"}
{"level":"info","time":"2025-04-22T14:15:56+02:00","message":" - DoPost Result :: Status code: 200"}
{"level":"info","time":"2025-04-22T14:15:56+02:00","message":" - Headers :\r\nDate:Tue, 22 Apr 2025 12:15:56 GMT\nConnection:keep-alive\nAccess-Control-Allow-Origin:*\nAccess-Control-Allow-Credentials:true\n"}
{"level":"info","time":"2025-04-22T14:15:57+02:00","message":" - [4] - GET Result :: Status code: 200"}
{"level":"info","time":"2025-04-22T14:15:57+02:00","message":" - Headers :\r\nDate:Tue, 22 Apr 2025 12:15:57 GMT\nConnection:keep-alive\nAccess-Control-Allow-Origin:*\nAccess-Control-Allow-Credentials:true\n"}
{"level":"info","time":"2025-04-22T14:15:58+02:00","message":" - DoPost Result :: Status code: 200"}
{"level":"info","time":"2025-04-22T14:15:58+02:00","message":" - Headers :\r\nAccess-Control-Allow-Origin:*\nAccess-Control-Allow-Credentials:true\nDate:Tue, 22 Apr 2025 12:15:58 GMT\nConnection:keep-alive\n"}
{"level":"info","time":"2025-04-22T14:16:00+02:00","message":" - DoPost Result :: Status code: 200"}
{"level":"info","time":"2025-04-22T14:16:00+02:00","message":" - Headers :\r\nDate:Tue, 22 Apr 2025 12:16:00 GMT\nConnection:keep-alive\nAccess-Control-Allow-Origin:*\nAccess-Control-Allow-Credentials:true\n"}
{"level":"info","time":"2025-04-22T14:16:01+02:00","message":" - [5] - GET Result :: Status code: 200"}
{"level":"info","time":"2025-04-22T14:16:01+02:00","message":" - Headers :\r\nAccess-Control-Allow-Credentials:true\nDate:Tue, 22 Apr 2025 12:16:01 GMT\nConnection:keep-alive\nAccess-Control-Allow-Origin:*\n"}
{"level":"info","time":"2025-04-22T14:16:02+02:00","message":" - DoPost Result :: Status code: 200"}
{"level":"info","time":"2025-04-22T14:16:02+02:00","message":" - Headers :\r\nAccess-Control-Allow-Credentials:true\nDate:Tue, 22 Apr 2025 12:16:02 GMT\nConnection:keep-alive\nAccess-Control-Allow-Origin:*\n"}
{"level":"info","time":"2025-04-22T14:16:03+02:00","message":" - [6] - GET Result :: Status code: 200"}
{"level":"info","time":"2025-04-22T14:16:03+02:00","message":" - Headers :\r\nConnection:keep-alive\nAccess-Control-Allow-Origin:*\nAccess-Control-Allow-Credentials:true\nDate:Tue, 22 Apr 2025 12:16:03 GMT\n"}
{"level":"info","time":"2025-04-22T14:16:05+02:00","message":" - Headers :\r\nAccess-Control-Allow-Origin:*\nAccess-Control-Allow-Credentials:true\nDate:Tue, 22 Apr 2025 12:16:05 GMT\nConnection:keep-alive\n"}
{"level":"info","time":"2025-04-22T14:16:05+02:00","message":" - DoPost Result :: Status code: 200"}
{"level":"info","time":"2025-04-22T14:16:07+02:00","message":" - [7] - GET Result :: Status code: 200"}
{"level":"info","time":"2025-04-22T14:16:07+02:00","message":" - Headers :\r\nDate:Tue, 22 Apr 2025 12:16:07 GMT\nConnection:keep-alive\nAccess-Control-Allow-Origin:*\nAccess-Control-Allow-Credentials:true\n"}
{"level":"info","time":"2025-04-22T14:16:08+02:00","message":" - [8] - GET Result :: Status code: 200"}
{"level":"info","time":"2025-04-22T14:16:08+02:00","message":" - Headers :\r\nDate:Tue, 22 Apr 2025 12:16:08 GMT\nConnection:keep-alive\nAccess-Control-Allow-Origin:*\nAccess-Control-Allow-Credentials:true\n"}
{"level":"info","time":"2025-04-22T14:16:08+02:00","message":" - DoPost Result :: Status code: 200"}
{"level":"info","time":"2025-04-22T14:16:08+02:00","message":" - Headers :\r\nDate:Tue, 22 Apr 2025 12:16:08 GMT\nConnection:keep-alive\nAccess-Control-Allow-Origin:*\nAccess-Control-Allow-Credentials:true\n"}
{"level":"info","time":"2025-04-22T14:16:10+02:00","message":" - [9] - GET Result :: Status code: 200"}
{"level":"info","time":"2025-04-22T14:16:10+02:00","message":" - Headers :\r\nDate:Tue, 22 Apr 2025 12:16:10 GMT\nConnection:keep-alive\nAccess-Control-Allow-Origin:*\nAccess-Control-Allow-Credentials:true\n"}
{"level":"info","time":"2025-04-22T14:16:10+02:00","message":" - DoPost Result :: Status code: 200"}
{"level":"info","time":"2025-04-22T14:16:10+02:00","message":" - Headers :\r\nDate:Tue, 22 Apr 2025 12:16:10 GMT\nConnection:keep-alive\nAccess-Control-Allow-Origin:*\nAccess-Control-Allow-Credentials:true\n"}
{"level":"info","time":"2025-04-22T14:16:14+02:00","message":" - [10] - GET Result :: Status code: 200"}
{"level":"info","time":"2025-04-22T14:16:14+02:00","message":" - Headers :\r\nConnection:keep-alive\nAccess-Control-Allow-Origin:*\nAccess-Control-Allow-Credentials:true\nDate:Tue, 22 Apr 2025 12:16:14 GMT\n"}
{"level":"info","time":"2025-04-22T14:16:16+02:00","message":" - DoPost Result :: Status code: 200"}
{"level":"info","time":"2025-04-22T14:16:16+02:00","message":" - Headers :\r\nDate:Tue, 22 Apr 2025 12:16:16 GMT\nConnection:keep-alive\nAccess-Control-Allow-Origin:*\nAccess-Control-Allow-Credentials:true\n"}
{"level":"info","time":"2025-04-22T14:16:18+02:00","message":" - [11] - GET Result :: Status code: 200"}
{"level":"info","time":"2025-04-22T14:16:18+02:00","message":" - Headers :\r\nDate:Tue, 22 Apr 2025 12:16:18 GMT\nConnection:keep-alive\nAccess-Control-Allow-Origin:*\nAccess-Control-Allow-Credentials:true\n"}
{"level":"info","time":"2025-04-22T14:16:19+02:00","message":" - [12] - GET Result :: Status code: 200"}
{"level":"info","time":"2025-04-22T14:16:19+02:00","message":" - Headers :\r\nAccess-Control-Allow-Credentials:true\nDate:Tue, 22 Apr 2025 12:16:19 GMT\nConnection:keep-alive\nAccess-Control-Allow-Origin:*\n"}
{"level":"info","time":"2025-04-22T14:16:20+02:00","message":" - DoPost Result :: Status code: 200"}
{"level":"info","time":"2025-04-22T14:16:20+02:00","message":" - Headers :\r\nConnection:keep-alive\nAccess-Control-Allow-Origin:*\nAccess-Control-Allow-Credentials:true\nDate:Tue, 22 Apr 2025 12:16:20 GMT\n"}
{"level":"info","time":"2025-04-22T14:16:23+02:00","message":" - [13] - GET Result :: Status code: 200"}
{"level":"info","time":"2025-04-22T14:16:23+02:00","message":" - Headers :\r\nDate:Tue, 22 Apr 2025 12:16:23 GMT\nConnection:keep-alive\nAccess-Control-Allow-Origin:*\nAccess-Control-Allow-Credentials:true\n"}
{"level":"info","time":"2025-04-22T14:16:24+02:00","message":" - DoPost Result :: Status code: 200"}
{"level":"info","time":"2025-04-22T14:16:24+02:00","message":" - Headers :\r\nAccess-Control-Allow-Origin:*\nAccess-Control-Allow-Credentials:true\nDate:Tue, 22 Apr 2025 12:16:24 GMT\nConnection:keep-alive\n"}
{"level":"info","time":"2025-04-22T14:16:24+02:00","message":" - DoPost Result :: Status code: 200"}
{"level":"info","time":"2025-04-22T14:16:24+02:00","message":" - Headers :\r\nDate:Tue, 22 Apr 2025 12:16:24 GMT\nConnection:keep-alive\nAccess-Control-Allow-Origin:*\nAccess-Control-Allow-Credentials:true\n"}
{"level":"info","time":"2025-04-22T14:16:25+02:00","message":" - DoPost Result :: Status code: 200"}
{"level":"info","time":"2025-04-22T14:16:25+02:00","message":" - Headers :\r\nAccess-Control-Allow-Credentials:true\nDate:Tue, 22 Apr 2025 12:16:25 GMT\nConnection:keep-alive\nAccess-Control-Allow-Origin:*\n"}
{"level":"info","time":"2025-04-22T14:16:26+02:00","message":" - [14] - GET Result :: Status code: 200"}
{"level":"info","time":"2025-04-22T14:16:26+02:00","message":" - Headers :\r\nAccess-Control-Allow-Credentials:true\nDate:Tue, 22 Apr 2025 12:16:26 GMT\nConnection:keep-alive\nAccess-Control-Allow-Origin:*\n"}
{"level":"info","time":"2025-04-22T14:16:29+02:00","message":" - DoPost Result :: Status code: 200"}
{"level":"info","time":"2025-04-22T14:16:29+02:00","message":" - Headers :\r\nDate:Tue, 22 Apr 2025 12:16:29 GMT\nConnection:keep-alive\nAccess-Control-Allow-Origin:*\nAccess-Control-Allow-Credentials:true\n"}
{"level":"info","time":"2025-04-22T14:16:30+02:00","message":" - [15] - GET Result :: Status code: 200"}
{"level":"info","time":"2025-04-22T14:16:30+02:00","message":" - Headers :\r\nDate:Tue, 22 Apr 2025 12:16:30 GMT\nConnection:keep-alive\nAccess-Control-Allow-Origin:*\nAccess-Control-Allow-Credentials:true\n"}
{"level":"info","time":"2025-04-22T14:16:31+02:00","message":" - [16] - GET Result :: Status code: 200"}
{"level":"info","time":"2025-04-22T14:16:31+02:00","message":" - Headers :\r\nDate:Tue, 22 Apr 2025 12:16:31 GMT\nConnection:keep-alive\nAccess-Control-Allow-Origin:*\nAccess-Control-Allow-Credentials:true\n"}
{"level":"info","time":"2025-04-22T14:16:34+02:00","message":" - DoPost Result :: Status code: 200"}
{"level":"info","time":"2025-04-22T14:16:34+02:00","message":" - Headers :\r\nAccess-Control-Allow-Origin:*\nAccess-Control-Allow-Credentials:true\nDate:Tue, 22 Apr 2025 12:16:34 GMT\nConnection:keep-alive\n"}
{"level":"info","time":"2025-04-22T14:16:35+02:00","message":" - DoPost Result :: Status code: 200"}
{"level":"info","time":"2025-04-22T14:16:35+02:00","message":" - Headers :\r\nDate:Tue, 22 Apr 2025 12:16:35 GMT\nConnection:keep-alive\nAccess-Control-Allow-Origin:*\nAccess-Control-Allow-Credentials:true\n"}
{"level":"info","time":"2025-04-22T14:16:35+02:00","message":" - [17] - GET Result :: Status code: 200"}
{"level":"info","time":"2025-04-22T14:16:35+02:00","message":" - Headers :\r\nAccess-Control-Allow-Origin:*\nAccess-Control-Allow-Credentials:true\nDate:Tue, 22 Apr 2025 12:16:35 GMT\nConnection:keep-alive\n"}
{"level":"info","time":"2025-04-22T14:16:38+02:00","message":" - [18] - GET Result :: Status code: 200"}
{"level":"info","time":"2025-04-22T14:16:38+02:00","message":" - Headers :\r\nDate:Tue, 22 Apr 2025 12:16:38 GMT\nConnection:keep-alive\nAccess-Control-Allow-Origin:*\nAccess-Control-Allow-Credentials:true\n"}
{"level":"info","time":"2025-04-22T14:16:40+02:00","message":" - DoPost Result :: Status code: 200"}
{"level":"info","time":"2025-04-22T14:16:40+02:00","message":" - Headers :\r\nDate:Tue, 22 Apr 2025 12:16:39 GMT\nConnection:keep-alive\nAccess-Control-Allow-Origin:*\nAccess-Control-Allow-Credentials:true\n"}
{"level":"info","time":"2025-04-22T14:16:40+02:00","message":" - [19] - GET Result :: Status code: 200"}
{"level":"info","time":"2025-04-22T14:16:40+02:00","message":" - Headers :\r\nDate:Tue, 22 Apr 2025 12:16:40 GMT\nConnection:keep-alive\nAccess-Control-Allow-Origin:*\nAccess-Control-Allow-Credentials:true\n"}
{"level":"info","time":"2025-04-22T14:16:42+02:00","message":" - DoPost Result :: Status code: 200"}
{"level":"info","time":"2025-04-22T14:16:42+02:00","message":" - Headers :\r\nAccess-Control-Allow-Credentials:true\nDate:Tue, 22 Apr 2025 12:16:41 GMT\nConnection:keep-alive\nAccess-Control-Allow-Origin:*\n"}
{"level":"info","time":"2025-04-22T14:16:43+02:00","message":" - DoPost Result :: Status code: 200"}
{"level":"info","time":"2025-04-22T14:16:43+02:00","message":" - Headers :\r\nAccess-Control-Allow-Credentials:true\nDate:Tue, 22 Apr 2025 12:16:43 GMT\nConnection:keep-alive\nAccess-Control-Allow-Origin:*\n"}
{"level":"info","time":"2025-04-22T14:16:45+02:00","message":" - [20] - GET Result :: Status code: 200"}
{"level":"info","time":"2025-04-22T14:16:45+02:00","message":" - Headers :\r\nDate:Tue, 22 Apr 2025 12:16:45 GMT\nConnection:keep-alive\nAccess-Control-Allow-Origin:*\nAccess-Control-Allow-Credentials:true\n"}
{"level":"info","time":"2025-04-22T14:16:49+02:00","message":"Logger Initialized & Started"}
{"level":"info","time":"2025-04-22T14:16:49+02:00","message":"logger instance created with file /media/ajith/work/dev/go/Git_Lab2/agnione//log/AgniOne_demo_http.log"}
{"level":"info","time":"2025-04-22T14:16:49+02:00","message":"Application AgniOne Demo Application - 1.0.0.0 loaded"}
{"level":"info","time":"2025-04-22T14:16:49+02:00","message":"Found 1 pool setting for appunit Http_demo"}
{"level":"info","time":"2025-04-22T14:16:49+02:00","message":"Loading the 0 appunit of pool [1] of Http_demo"}
{"level":"info","time":"2025-04-22T14:16:49+02:00","message":"Starting (0) of [1] - Http_demo.............\nAppunit info -> "}
{"level":"info","time":"2025-04-22T14:16:49+02:00","message":"Loaded & started 1 pool of appunits"}
{"level":"info","time":"2025-04-22T14:16:49+02:00","message":" - Starting the ........... DONE"}
{"level":"info","time":"2025-04-22T14:16:49+02:00","message":"Started ------ (0) of [1] - Http_demo successfully"}
{"level":"info","time":"2025-04-22T14:16:49+02:00","message":" - Starting ....."}
{"level":"info","time":"2025-04-22T14:16:49+02:00","message":"Started\t1 out of 1 pool of appunit Http_demo\n"}
{"level":"info","time":"2025-04-22T14:16:49+02:00","message":"starting the DoGet routine"}
{"level":"info","time":"2025-04-22T14:16:50+02:00","message":"starting HTTP monitoring ......"}
{"level":"info","time":"2025-04-22T14:16:50+02:00","message":"HTTP monitoring started on 0.0.0.0:8080"}
{"level":"info","time":"2025-04-22T14:16:55+02:00","message":"broadcasting status via SSE stopped"}
{"level":"info","time":"2025-04-22T14:16:56+02:00","message":" - DoPost Result :: Status code: 200"}
{"level":"info","time":"2025-04-22T14:16:56+02:00","message":" - Headers :\r\nConnection:keep-alive\nAccess-Control-Allow-Origin:*\nAccess-Control-Allow-Credentials:true\nDate:Tue, 22 Apr 2025 12:16:56 GMT\n"}
{"level":"info","time":"2025-04-22T14:16:56+02:00","message":" - DoPost Result :: Status code: 200"}
{"level":"info","time":"2025-04-22T14:16:56+02:00","message":" - Headers :\r\nDate:Tue, 22 Apr 2025 12:16:56 GMT\nConnection:keep-alive\nAccess-Control-Allow-Origin:*\nAccess-Control-Allow-Credentials:true\n"}
{"level":"info","time":"2025-04-22T14:16:56+02:00","message":" - [0] - GET Result :: Status code: 200"}
{"level":"info","time":"2025-04-22T14:16:56+02:00","message":" - Headers :\r\nDate:Tue, 22 Apr 2025 12:16:56 GMT\nConnection:keep-alive\nAccess-Control-Allow-Origin:*\nAccess-Control-Allow-Credentials:true\n"}
{"level":"info","time":"2025-04-22T14:16:57+02:00","message":" - Headers :\r\nAccess-Control-Allow-Origin:*\nAccess-Control-Allow-Credentials:true\nDate:Tue, 22 Apr 2025 12:16:57 GMT\nConnection:keep-alive\n"}
{"level":"info","time":"2025-04-22T14:16:57+02:00","message":" - [1] - GET Result :: Status code: 200"}
{"level":"info","time":"2025-04-22T14:17:00+02:00","message":" - DoPost Result :: Status code: 200"}
{"level":"info","time":"2025-04-22T14:17:00+02:00","message":" - Headers :\r\nDate:Tue, 22 Apr 2025 12:16:59 GMT\nConnection:keep-alive\nAccess-Control-Allow-Origin:*\nAccess-Control-Allow-Credentials:true\n"}
{"level":"info","time":"2025-04-22T14:17:00+02:00","message":" - Headers :\r\nAccess-Control-Allow-Credentials:true\nDate:Tue, 22 Apr 2025 12:17:00 GMT\nConnection:keep-alive\nAccess-Control-Allow-Origin:*\n"}
{"level":"info","time":"2025-04-22T14:17:00+02:00","message":" - [2] - GET Result :: Status code: 200"}
{"level":"info","time":"2025-04-22T14:17:02+02:00","message":" - [3] - GET Result :: Status code: 200"}
{"level":"info","time":"2025-04-22T14:17:02+02:00","message":" - Headers :\r\nDate:Tue, 22 Apr 2025 12:17:02 GMT\nConnection:keep-alive\nAccess-Control-Allow-Origin:*\nAccess-Control-Allow-Credentials:true\n"}
{"level":"info","time":"2025-04-22T14:17:04+02:00","message":" - DoPost Result :: Status code: 200"}
{"level":"info","time":"2025-04-22T14:17:04+02:00","message":" - Headers :\r\nDate:Tue, 22 Apr 2025 12:17:04 GMT\nConnection:keep-alive\nAccess-Control-Allow-Origin:*\nAccess-Control-Allow-Credentials:true\n"}
{"level":"info","time":"2025-04-22T14:17:05+02:00","message":" - [4] - GET Result :: Status code: 200"}
{"level":"info","time":"2025-04-22T14:17:05+02:00","message":" - Headers :\r\nDate:Tue, 22 Apr 2025 12:17:05 GMT\nConnection:keep-alive\nAccess-Control-Allow-Origin:*\nAccess-Control-Allow-Credentials:true\n"}
{"level":"info","time":"2025-04-22T14:17:06+02:00","message":" - DoPost Result :: Status code: 200"}
{"level":"info","time":"2025-04-22T14:17:06+02:00","message":" - Headers :\r\nAccess-Control-Allow-Origin:*\nAccess-Control-Allow-Credentials:true\nDate:Tue, 22 Apr 2025 12:17:05 GMT\nConnection:keep-alive\n"}
{"level":"info","time":"2025-04-22T14:17:08+02:00","message":" - DoPost Result :: Status code: 200"}
{"level":"info","time":"2025-04-22T14:17:08+02:00","message":" - Headers :\r\nAccess-Control-Allow-Credentials:true\nDate:Tue, 22 Apr 2025 12:17:08 GMT\nConnection:keep-alive\nAccess-Control-Allow-Origin:*\n"}
{"level":"info","time":"2025-04-22T14:17:10+02:00","message":" - [5] - GET Result :: Status code: 200"}
{"level":"info","time":"2025-04-22T14:17:10+02:00","message":" - Headers :\r\nDate:Tue, 22 Apr 2025 12:17:10 GMT\nConnection:keep-alive\nAccess-Control-Allow-Origin:*\nAccess-Control-Allow-Credentials:true\n"}
{"level":"info","time":"2025-04-22T14:17:11+02:00","message":" - [6] - GET Result :: Status code: 200"}
{"level":"info","time":"2025-04-22T14:17:11+02:00","message":" - Headers :\r\nDate:Tue, 22 Apr 2025 12:17:11 GMT\nConnection:keep-alive\nAccess-Control-Allow-Origin:*\nAccess-Control-Allow-Credentials:true\n"}
{"level":"info","time":"2025-04-22T14:17:12+02:00","message":" - DoPost Result :: Status code: 200"}
{"level":"info","time":"2025-04-22T14:17:12+02:00","message":" - Headers :\r\nDate:Tue, 22 Apr 2025 12:17:12 GMT\nConnection:keep-alive\nAccess-Control-Allow-Origin:*\nAccess-Control-Allow-Credentials:true\n"}
{"level":"info","time":"2025-04-22T14:17:14+02:00","message":" - DoPost Result :: Status code: 200"}
{"level":"info","time":"2025-04-22T14:17:14+02:00","message":" - Headers :\r\nAccess-Control-Allow-Origin:*\nAccess-Control-Allow-Credentials:true\nDate:Tue, 22 Apr 2025 12:17:14 GMT\nConnection:keep-alive\n"}
{"level":"info","time":"2025-04-22T14:17:15+02:00","message":" - Headers :\r\nDate:Tue, 22 Apr 2025 12:17:15 GMT\nConnection:keep-alive\nAccess-Control-Allow-Origin:*\nAccess-Control-Allow-Credentials:true\n"}
{"level":"info","time":"2025-04-22T14:17:15+02:00","message":" - [7] - GET Result :: Status code: 200"}
{"level":"info","time":"2025-04-22T14:17:17+02:00","message":" - DoPost Result :: Status code: 200"}
{"level":"info","time":"2025-04-22T14:17:17+02:00","message":" - Headers :\r\nDate:Tue, 22 Apr 2025 12:17:17 GMT\nConnection:keep-alive\nAccess-Control-Allow-Origin:*\nAccess-Control-Allow-Credentials:true\n"}
{"level":"info","time":"2025-04-22T14:17:17+02:00","message":" - [8] - GET Result :: Status code: 200"}
{"level":"info","time":"2025-04-22T14:17:17+02:00","message":" - Headers :\r\nDate:Tue, 22 Apr 2025 12:17:17 GMT\nConnection:keep-alive\nAccess-Control-Allow-Origin:*\nAccess-Control-Allow-Credentials:true\n"}
{"level":"info","time":"2025-04-22T14:17:20+02:00","message":" - Headers :\r\nAccess-Control-Allow-Origin:*\nAccess-Control-Allow-Credentials:true\nDate:Tue, 22 Apr 2025 12:17:20 GMT\nConnection:keep-alive\n"}
{"level":"info","time":"2025-04-22T14:17:20+02:00","message":" - [9] - GET Result :: Status code: 200"}
{"level":"info","time":"2025-04-22T14:17:23+02:00","message":" - DoPost Result :: Status code: 200"}
{"level":"info","time":"2025-04-22T14:17:23+02:00","message":" - Headers :\r\nDate:Tue, 22 Apr 2025 12:17:22 GMT\nConnection:keep-alive\nAccess-Control-Allow-Origin:*\nAccess-Control-Allow-Credentials:true\n"}
{"level":"info","time":"2025-04-22T14:17:23+02:00","message":" - [10] - GET Result :: Status code: 200"}
{"level":"info","time":"2025-04-22T14:17:23+02:00","message":" - Headers :\r\nDate:Tue, 22 Apr 2025 12:17:23 GMT\nConnection:keep-alive\nAccess-Control-Allow-Origin:*\nAccess-Control-Allow-Credentials:true\n"}
{"level":"info","time":"2025-04-22T14:17:24+02:00","message":" - Headers :\r\nAccess-Control-Allow-Origin:*\nAccess-Control-Allow-Credentials:true\nDate:Tue, 22 Apr 2025 12:17:24 GMT\nConnection:keep-alive\n"}
{"level":"info","time":"2025-04-22T14:17:24+02:00","message":" - DoPost Result :: Status code: 200"}
{"level":"info","time":"2025-04-22T14:17:27+02:00","message":" - DoPost Result :: Status code: 200"}
{"level":"info","time":"2025-04-22T14:17:27+02:00","message":" - Headers :\r\nDate:Tue, 22 Apr 2025 12:17:27 GMT\nConnection:keep-alive\nAccess-Control-Allow-Origin:*\nAccess-Control-Allow-Credentials:true\n"}
{"level":"info","time":"2025-04-22T14:17:27+02:00","message":" - [11] - GET Result :: Status code: 200"}
{"level":"info","time":"2025-04-22T14:17:27+02:00","message":" - Headers :\r\nDate:Tue, 22 Apr 2025 12:17:27 GMT\nConnection:keep-alive\nAccess-Control-Allow-Origin:*\nAccess-Control-Allow-Credentials:true\n"}
{"level":"info","time":"2025-04-22T14:17:30+02:00","message":" - DoPost Result :: Status code: 200"}
{"level":"info","time":"2025-04-22T14:17:30+02:00","message":" - Headers :\r\nDate:Tue, 22 Apr 2025 12:17:29 GMT\nConnection:keep-alive\nAccess-Control-Allow-Origin:*\nAccess-Control-Allow-Credentials:true\n"}
{"level":"info","time":"2025-04-22T14:17:31+02:00","message":" - Headers :\r\nDate:Tue, 22 Apr 2025 12:17:31 GMT\nConnection:keep-alive\nAccess-Control-Allow-Origin:*\nAccess-Control-Allow-Credentials:true\n"}
{"level":"info","time":"2025-04-22T14:17:31+02:00","message":" - [12] - GET Result :: Status code: 200"}
{"level":"info","time":"2025-04-22T14:17:35+02:00","message":" - [13] - GET Result :: Status code: 200"}
{"level":"info","time":"2025-04-22T14:17:35+02:00","message":" - Headers :\r\nDate:Tue, 22 Apr 2025 12:17:35 GMT\nConnection:keep-alive\nAccess-Control-Allow-Origin:*\nAccess-Control-Allow-Credentials:true\n"}
{"level":"info","time":"2025-04-22T14:17:36+02:00","message":" - DoPost Result :: Status code: 200"}
{"level":"info","time":"2025-04-22T14:17:36+02:00","message":" - Headers :\r\nConnection:keep-alive\nAccess-Control-Allow-Origin:*\nAccess-Control-Allow-Credentials:true\nDate:Tue, 22 Apr 2025 12:17:36 GMT\n"}
{"level":"info","time":"2025-04-22T14:17:36+02:00","message":" - DoPost Result :: Status code: 200"}
{"level":"info","time":"2025-04-22T14:17:36+02:00","message":" - Headers :\r\nDate:Tue, 22 Apr 2025 12:17:36 GMT\nConnection:keep-alive\nAccess-Control-Allow-Origin:*\nAccess-Control-Allow-Credentials:true\n"}
{"level":"info","time":"2025-04-22T14:17:38+02:00","message":" - [14] - GET Result :: Status code: 200"}
{"level":"info","time":"2025-04-22T14:17:38+02:00","message":" - Headers :\r\nAccess-Control-Allow-Credentials:true\nDate:Tue, 22 Apr 2025 12:17:37 GMT\nConnection:keep-alive\nAccess-Control-Allow-Origin:*\n"}
{"level":"info","time":"2025-04-22T14:17:38+02:00","message":" - [15] - GET Result :: Status code: 200"}
{"level":"info","time":"2025-04-22T14:17:38+02:00","message":" - Headers :\r\nAccess-Control-Allow-Origin:*\nAccess-Control-Allow-Credentials:true\nDate:Tue, 22 Apr 2025 12:17:38 GMT\nConnection:keep-alive\n"}
{"level":"info","time":"2025-04-22T14:17:40+02:00","message":" - DoPost Result :: Status code: 200"}
{"level":"info","time":"2025-04-22T14:17:40+02:00","message":" - Headers :\r\nConnection:keep-alive\nAccess-Control-Allow-Origin:*\nAccess-Control-Allow-Credentials:true\nDate:Tue, 22 Apr 2025 12:17:39 GMT\n"}
{"level":"info","time":"2025-04-22T14:17:41+02:00","message":" - [16] - GET Result :: Status code: 200"}
{"level":"info","time":"2025-04-22T14:17:41+02:00","message":" - Headers :\r\nDate:Tue, 22 Apr 2025 12:17:41 GMT\nConnection:keep-alive\nAccess-Control-Allow-Origin:*\nAccess-Control-Allow-Credentials:true\n"}
{"level":"info","time":"2025-04-22T14:17:42+02:00","message":" - DoPost Result :: Status code: 200"}
{"level":"info","time":"2025-04-22T14:17:42+02:00","message":" - Headers :\r\nDate:Tue, 22 Apr 2025 12:17:42 GMT\nConnection:keep-alive\nAccess-Control-Allow-Origin:*\nAccess-Control-Allow-Credentials:true\n"}
{"level":"info","time":"2025-04-22T14:17:44+02:00","message":" - DoPost Result :: Status code: 200"}
{"level":"info","time":"2025-04-22T14:17:44+02:00","message":" - Headers :\r\nConnection:keep-alive\nAccess-Control-Allow-Origin:*\nAccess-Control-Allow-Credentials:true\nDate:Tue, 22 Apr 2025 12:17:44 GMT\n"}
{"level":"info","time":"2025-04-22T14:17:44+02:00","message":" - Headers :\r\nDate:Tue, 22 Apr 2025 12:17:44 GMT\nConnection:keep-alive\nAccess-Control-Allow-Origin:*\nAccess-Control-Allow-Credentials:true\n"}
{"level":"info","time":"2025-04-22T14:17:44+02:00","message":" - [17] - GET Result :: Status code: 200"}
{"level":"info","time":"2025-04-22T14:17:47+02:00","message":" - DoPost Result :: Status code: 200"}
{"level":"info","time":"2025-04-22T14:17:47+02:00","message":" - Headers :\r\nConnection:keep-alive\nAccess-Control-Allow-Origin:*\nAccess-Control-Allow-Credentials:true\nDate:Tue, 22 Apr 2025 12:17:47 GMT\n"}
{"level":"info","time":"2025-04-22T14:17:49+02:00","message":" - Headers :\r\nDate:Tue, 22 Apr 2025 12:17:49 GMT\nConnection:keep-alive\nAccess-Control-Allow-Origin:*\nAccess-Control-Allow-Credentials:true\n"}
{"level":"info","time":"2025-04-22T14:17:49+02:00","message":" - [18] - GET Result :: Status code: 200"}
{"level":"info","time":"2025-04-22T14:17:50+02:00","message":" - DoPost Result :: Status code: 200"}
{"level":"info","time":"2025-04-22T14:17:50+02:00","message":" - Headers :\r\nDate:Tue, 22 Apr 2025 12:17:50 GMT\nConnection:keep-alive\nAccess-Control-Allow-Origin:*\nAccess-Control-Allow-Credentials:true\n"}
{"level":"info","time":"2025-04-22T14:17:52+02:00","message":" - [19] - GET Result :: Status code: 200"}
{"level":"info","time":"2025-04-22T14:17:52+02:00","message":" - Headers :\r\nAccess-Control-Allow-Credentials:true\nDate:Tue, 22 Apr 2025 12:17:52 GMT\nConnection:keep-alive\nAccess-Control-Allow-Origin:*\n"}
{"level":"info","time":"2025-04-22T14:17:53+02:00","message":" - [20] - GET Result :: Status code: 200"}
{"level":"info","time":"2025-04-22T14:17:53+02:00","message":" - Headers :\r\nDate:Tue, 22 Apr 2025 12:17:53 GMT\nConnection:keep-alive\nAccess-Control-Allow-Origin:*\nAccess-Control-Allow-Credentials:true\n"}
{"level":"info","time":"2025-04-22T14:17:53+02:00","message":" - DoPost Result :: Status code: 200"}
{"level":"info","time":"2025-04-22T14:17:53+02:00","message":" - Headers :\r\nDate:Tue, 22 Apr 2025 12:17:53 GMT\nConnection:keep-alive\nAccess-Control-Allow-Origin:*\nAccess-Control-Allow-Credentials:true\n"}
{"level":"info","time":"2025-04-22T14:17:56+02:00","message":" - [21] - GET Result :: Status code: 200"}
{"level":"info","time":"2025-04-22T14:17:56+02:00","message":" - Headers :\r\nDate:Tue, 22 Apr 2025 12:17:56 GMT\nConnection:keep-alive\nAccess-Control-Allow-Origin:*\nAccess-Control-Allow-Credentials:true\n"}
{"level":"info","time":"2025-04-22T14:17:56+02:00","message":" - Headers :\r\nDate:Tue, 22 Apr 2025 12:17:56 GMT\nConnection:keep-alive\nAccess-Control-Allow-Origin:*\nAccess-Control-Allow-Credentials:true\n"}
{"level":"info","time":"2025-04-22T14:17:56+02:00","message":" - DoPost Result :: Status code: 200"}
{"level":"info","time":"2025-04-22T14:18:01+02:00","message":" - [22] - GET Result :: Status code: 200"}
{"level":"info","time":"2025-04-22T14:18:01+02:00","message":" - Headers :\r\nConnection:keep-alive\nAccess-Control-Allow-Origin:*\nAccess-Control-Allow-Credentials:true\nDate:Tue, 22 Apr 2025 12:18:00 GMT\n"}
{"level":"info","time":"2025-04-22T14:18:05+02:00","message":" - DoPost Result :: Status code: 200"}
{"level":"info","time":"2025-04-22T14:18:05+02:00","message":" - Headers :\r\nDate:Tue, 22 Apr 2025 12:18:01 GMT\nConnection:keep-alive\nAccess-Control-Allow-Origin:*\nAccess-Control-Allow-Credentials:true\n"}
{"level":"info","time":"2025-04-22T14:18:06+02:00","message":" - [23] - GET Result :: Status code: 200"}
{"level":"info","time":"2025-04-22T14:18:06+02:00","message":" - DoPost Result :: Status code: 200"}
{"level":"info","time":"2025-04-22T14:18:06+02:00","message":" - Headers :\r\nDate:Tue, 22 Apr 2025 12:18:05 GMT\nConnection:keep-alive\nAccess-Control-Allow-Origin:*\nAccess-Control-Allow-Credentials:true\n"}
{"level":"info","time":"2025-04-22T14:18:06+02:00","message":" - Headers :\r\nConnection:keep-alive\nAccess-Control-Allow-Origin:*\nAccess-Control-Allow-Credentials:true\nDate:Tue, 22 Apr 2025 12:18:06 GMT\n"}
{"level":"info","time":"2025-04-22T14:18:08+02:00","message":" - DoPost Result :: Status code: 200"}
{"level":"info","time":"2025-04-22T14:18:08+02:00","message":" - Headers :\r\nDate:Tue, 22 Apr 2025 12:18:08 GMT\nConnection:keep-alive\nAccess-Control-Allow-Origin:*\nAccess-Control-Allow-Credentials:true\n"}
{"level":"info","time":"2025-04-22T14:18:08+02:00","message":" - [24] - GET Result :: Status code: 200"}
{"level":"info","time":"2025-04-22T14:18:08+02:00","message":" - Headers :\r\nAccess-Control-Allow-Credentials:true\nDate:Tue, 22 Apr 2025 12:18:08 GMT\nConnection:keep-alive\nAccess-Control-Allow-Origin:*\n"}
{"level":"info","time":"2025-04-22T14:18:12+02:00","message":" - DoPost Result :: Status code: 200"}
{"level":"info","time":"2025-04-22T14:18:12+02:00","message":" - Headers :\r\nDate:Tue, 22 Apr 2025 12:18:11 GMT\nConnection:keep-alive\nAccess-Control-Allow-Origin:*\nAccess-Control-Allow-Credentials:true\n"}
{"level":"info","time":"2025-04-22T14:18:12+02:00","message":" - Headers :\r\nAccess-Control-Allow-Origin:*\nAccess-Control-Allow-Credentials:true\nDate:Tue, 22 Apr 2025 12:18:12 GMT\nConnection:keep-alive\n"}
{"level":"info","time":"2025-04-22T14:18:12+02:00","message":" - [25] - GET Result :: Status code: 200"}
{"level":"info","time":"2025-04-22T14:18:14+02:00","message":" - [26] - GET Result :: Status code: 200"}
{"level":"info","time":"2025-04-22T14:18:14+02:00","message":" - Headers :\r\nAccess-Control-Allow-Origin:*\nAccess-Control-Allow-Credentials:true\nDate:Tue, 22 Apr 2025 12:18:14 GMT\nConnection:keep-alive\n"}
{"level":"info","time":"2025-04-22T14:18:15+02:00","message":" - DoPost Result :: Status code: 200"}
{"level":"info","time":"2025-04-22T14:18:15+02:00","message":" - Headers :\r\nDate:Tue, 22 Apr 2025 12:18:15 GMT\nConnection:keep-alive\nAccess-Control-Allow-Origin:*\nAccess-Control-Allow-Credentials:true\n"}
{"level":"info","time":"2025-04-22T14:18:17+02:00","message":" - DoPost Result :: Status code: 200"}
{"level":"info","time":"2025-04-22T14:18:17+02:00","message":" - Headers :\r\nDate:Tue, 22 Apr 2025 12:18:17 GMT\nConnection:keep-alive\nAccess-Control-Allow-Origin:*\nAccess-Control-Allow-Credentials:true\n"}
{"level":"info","time":"2025-04-22T14:18:18+02:00","message":" - [27] - GET Result :: Status code: 200"}
{"level":"info","time":"2025-04-22T14:18:18+02:00","message":" - Headers :\r\nAccess-Control-Allow-Origin:*\nAccess-Control-Allow-Credentials:true\nDate:Tue, 22 Apr 2025 12:18:18 GMT\nConnection:keep-alive\n"}
{"level":"info","time":"2025-04-22T14:18:21+02:00","message":" - DoPost Result :: Status code: 200"}
{"level":"info","time":"2025-04-22T14:18:21+02:00","message":" - Headers :\r\nAccess-Control-Allow-Credentials:true\nDate:Tue, 22 Apr 2025 12:18:21 GMT\nConnection:keep-alive\nAccess-Control-Allow-Origin:*\n"}
{"level":"info","time":"2025-04-22T14:18:21+02:00","message":" - [28] - GET Result :: Status code: 200"}
{"level":"info","time":"2025-04-22T14:18:21+02:00","message":" - Headers :\r\nAccess-Control-Allow-Origin:*\nAccess-Control-Allow-Credentials:true\nDate:Tue, 22 Apr 2025 12:18:21 GMT\nConnection:keep-alive\n"}
{"level":"info","time":"2025-04-22T14:20:10+02:00","message":"Logger Initialized & Started"}
{"level":"info","time":"2025-04-22T14:20:10+02:00","message":"logger instance created with file /media/ajith/work/dev/go/Git_Lab2/agnione//log/AgniOne_demo_http.log"}
{"level":"info","time":"2025-04-22T14:20:10+02:00","message":"Application AgniOne Demo Application - 1.0.0.0 loaded"}
{"level":"info","time":"2025-04-22T14:20:10+02:00","message":"Found 1 pool setting for appunit Http_demo"}
{"level":"info","time":"2025-04-22T14:20:11+02:00","message":"Loading the 0 appunit of pool [1] of Http_demo"}
{"level":"info","time":"2025-04-22T14:20:11+02:00","message":"Loaded & started 1 pool of appunits"}
{"level":"info","time":"2025-04-22T14:20:11+02:00","message":"Starting (0) of [1] - Http_demo.............\nAppunit info -> "}
{"level":"info","time":"2025-04-22T14:20:11+02:00","message":" - Starting the ........... DONE"}
{"level":"info","time":"2025-04-22T14:20:11+02:00","message":"Started ------ (0) of [1] - Http_demo successfully"}
{"level":"info","time":"2025-04-22T14:20:11+02:00","message":"Started\t1 out of 1 pool of appunit Http_demo\n"}
{"level":"info","time":"2025-04-22T14:20:11+02:00","message":" - Starting ....."}
{"level":"info","time":"2025-04-22T14:20:11+02:00","message":"starting the DoGet routine"}
{"level":"info","time":"2025-04-22T14:20:12+02:00","message":"starting HTTP monitoring ......"}
{"level":"info","time":"2025-04-22T14:20:12+02:00","message":"HTTP monitoring started on 0.0.0.0:8080"}
{"level":"info","time":"2025-04-22T14:20:14+02:00","message":"broadcasting status via SSE stopped"}
{"level":"info","time":"2025-04-22T14:20:15+02:00","message":" - [0] - GET Result :: Status code: 200"}
{"level":"info","time":"2025-04-22T14:20:15+02:00","message":" - Headers :\r\nAccess-Control-Allow-Credentials:true\nDate:Tue, 22 Apr 2025 12:20:15 GMT\nConnection:keep-alive\nAccess-Control-Allow-Origin:*\n"}
{"level":"info","time":"2025-04-22T14:20:16+02:00","message":" - DoPost Result :: Status code: 200"}
{"level":"info","time":"2025-04-22T14:20:16+02:00","message":" - Headers :\r\nDate:Tue, 22 Apr 2025 12:20:16 GMT\nConnection:keep-alive\nAccess-Control-Allow-Origin:*\nAccess-Control-Allow-Credentials:true\n"}
{"level":"info","time":"2025-04-22T14:20:20+02:00","message":" - [1] - GET Result :: Status code: 200"}
{"level":"info","time":"2025-04-22T14:20:20+02:00","message":" - DoPost Result :: Status code: 200"}
{"level":"info","time":"2025-04-22T14:20:20+02:00","message":" - Headers :\r\nAccess-Control-Allow-Credentials:true\nDate:Tue, 22 Apr 2025 12:20:18 GMT\nConnection:keep-alive\nAccess-Control-Allow-Origin:*\n"}
{"level":"info","time":"2025-04-22T14:20:20+02:00","message":" - Headers :\r\nDate:Tue, 22 Apr 2025 12:20:19 GMT\nConnection:keep-alive\nAccess-Control-Allow-Origin:*\nAccess-Control-Allow-Credentials:true\n"}
{"level":"info","time":"2025-04-22T14:20:22+02:00","message":" - Headers :\r\nAccess-Control-Allow-Credentials:true\nDate:Tue, 22 Apr 2025 12:20:22 GMT\nConnection:keep-alive\nAccess-Control-Allow-Origin:*\n"}
{"level":"info","time":"2025-04-22T14:20:22+02:00","message":" - [2] - GET Result :: Status code: 200"}
{"level":"info","time":"2025-04-22T14:20:22+02:00","message":" - DoPost Result :: Status code: 200"}
{"level":"info","time":"2025-04-22T14:20:22+02:00","message":" - Headers :\r\nDate:Tue, 22 Apr 2025 12:20:22 GMT\nConnection:keep-alive\nAccess-Control-Allow-Origin:*\nAccess-Control-Allow-Credentials:true\n"}
{"level":"info","time":"2025-04-22T14:20:24+02:00","message":" - [3] - GET Result :: Status code: 200"}
{"level":"info","time":"2025-04-22T14:20:24+02:00","message":" - Headers :\r\nConnection:keep-alive\nAccess-Control-Allow-Origin:*\nAccess-Control-Allow-Credentials:true\nDate:Tue, 22 Apr 2025 12:20:24 GMT\n"}
{"level":"info","time":"2025-04-22T14:20:24+02:00","message":" - DoPost Result :: Status code: 200"}
{"level":"info","time":"2025-04-22T14:20:24+02:00","message":" - Headers :\r\nDate:Tue, 22 Apr 2025 12:20:24 GMT\nConnection:keep-alive\nAccess-Control-Allow-Origin:*\nAccess-Control-Allow-Credentials:true\n"}
{"level":"info","time":"2025-04-22T14:20:27+02:00","message":" - DoPost Result :: Status code: 200"}
{"level":"info","time":"2025-04-22T14:20:27+02:00","message":" - Headers :\r\nAccess-Control-Allow-Origin:*\nAccess-Control-Allow-Credentials:true\nDate:Tue, 22 Apr 2025 12:20:27 GMT\nConnection:keep-alive\n"}
{"level":"info","time":"2025-04-22T14:20:30+02:00","message":" - [4] - GET Result :: Status code: 200"}
{"level":"info","time":"2025-04-22T14:20:30+02:00","message":" - Headers :\r\nAccess-Control-Allow-Origin:*\nAccess-Control-Allow-Credentials:true\nDate:Tue, 22 Apr 2025 12:20:30 GMT\nConnection:keep-alive\n"}
{"level":"info","time":"2025-04-22T14:20:30+02:00","message":" - Headers :\r\nDate:Tue, 22 Apr 2025 12:20:30 GMT\nConnection:keep-alive\nAccess-Control-Allow-Origin:*\nAccess-Control-Allow-Credentials:true\n"}
{"level":"info","time":"2025-04-22T14:20:30+02:00","message":" - [5] - GET Result :: Status code: 200"}
{"level":"info","time":"2025-04-22T14:20:31+02:00","message":" - DoPost Result :: Status code: 200"}
{"level":"info","time":"2025-04-22T14:20:31+02:00","message":" - Headers :\r\nDate:Tue, 22 Apr 2025 12:20:31 GMT\nConnection:keep-alive\nAccess-Control-Allow-Origin:*\nAccess-Control-Allow-Credentials:true\n"}
{"level":"info","time":"2025-04-22T14:20:32+02:00","message":" - [6] - GET Result :: Status code: 200"}
{"level":"info","time":"2025-04-22T14:20:32+02:00","message":" - Headers :\r\nDate:Tue, 22 Apr 2025 12:20:32 GMT\nConnection:keep-alive\nAccess-Control-Allow-Origin:*\nAccess-Control-Allow-Credentials:true\n"}
{"level":"info","time":"2025-04-22T14:20:33+02:00","message":" - DoPost Result :: Status code: 200"}
{"level":"info","time":"2025-04-22T14:20:33+02:00","message":" - Headers :\r\nDate:Tue, 22 Apr 2025 12:20:33 GMT\nConnection:keep-alive\nAccess-Control-Allow-Origin:*\nAccess-Control-Allow-Credentials:true\n"}
{"level":"info","time":"2025-04-22T14:20:35+02:00","message":" - [7] - GET Result :: Status code: 200"}
{"level":"info","time":"2025-04-22T14:20:35+02:00","message":" - Headers :\r\nAccess-Control-Allow-Credentials:true\nDate:Tue, 22 Apr 2025 12:20:35 GMT\nConnection:keep-alive\nAccess-Control-Allow-Origin:*\n"}
{"level":"info","time":"2025-04-22T14:20:38+02:00","message":" - DoPost Result :: Status code: 200"}
{"level":"info","time":"2025-04-22T14:20:38+02:00","message":" - Headers :\r\nAccess-Control-Allow-Credentials:true\nDate:Tue, 22 Apr 2025 12:20:38 GMT\nConnection:keep-alive\nAccess-Control-Allow-Origin:*\n"}
{"level":"info","time":"2025-04-22T14:20:38+02:00","message":" - [8] - GET Result :: Status code: 200"}
{"level":"info","time":"2025-04-22T14:20:38+02:00","message":" - Headers :\r\nAccess-Control-Allow-Credentials:true\nDate:Tue, 22 Apr 2025 12:20:38 GMT\nConnection:keep-alive\nAccess-Control-Allow-Origin:*\n"}
{"level":"info","time":"2025-04-22T14:20:39+02:00","message":" - DoPost Result :: Status code: 502"}
{"level":"info","time":"2025-04-22T14:20:39+02:00","message":" - Headers :\r\nDate:Tue, 22 Apr 2025 12:20:39 GMT\nConnection:keep-alive\n"}
{"level":"info","time":"2025-04-22T14:20:42+02:00","message":" - [9] - GET Result :: Status code: 200"}
{"level":"info","time":"2025-04-22T14:20:42+02:00","message":" - Headers :\r\nDate:Tue, 22 Apr 2025 12:20:42 GMT\nConnection:keep-alive\nAccess-Control-Allow-Origin:*\nAccess-Control-Allow-Credentials:true\n"}
{"level":"info","time":"2025-04-22T14:20:44+02:00","message":" - DoPost Result :: Status code: 200"}
{"level":"info","time":"2025-04-22T14:20:44+02:00","message":" - Headers :\r\nDate:Tue, 22 Apr 2025 12:20:43 GMT\nConnection:keep-alive\nAccess-Control-Allow-Origin:*\nAccess-Control-Allow-Credentials:true\n"}
{"level":"info","time":"2025-04-22T14:20:50+02:00","message":" - [10] - GET Result :: Status code: 200"}
{"level":"info","time":"2025-04-22T14:20:50+02:00","message":" - DoPost Result :: Status code: 200"}
{"level":"info","time":"2025-04-22T14:20:50+02:00","message":" - Headers :\r\nConnection:keep-alive\nAccess-Control-Allow-Origin:*\nAccess-Control-Allow-Credentials:true\nDate:Tue, 22 Apr 2025 12:20:46 GMT\n"}
{"level":"info","time":"2025-04-22T14:20:50+02:00","message":" - Headers :\r\nDate:Tue, 22 Apr 2025 12:20:47 GMT\nConnection:keep-alive\nAccess-Control-Allow-Origin:*\nAccess-Control-Allow-Credentials:true\n"}
{"level":"info","time":"2025-04-22T14:20:53+02:00","message":" - DoPost Result :: Status code: 200"}
{"level":"info","time":"2025-04-22T14:20:54+02:00","message":" - Headers :\r\nAccess-Control-Allow-Origin:*\nAccess-Control-Allow-Credentials:true\nDate:Tue, 22 Apr 2025 12:20:51 GMT\nConnection:keep-alive\n"}
{"level":"info","time":"2025-04-22T14:20:54+02:00","message":" - [11] - GET Result :: Status code: 200"}
{"level":"info","time":"2025-04-22T14:21:02+02:00","message":" - Headers :\r\nDate:Tue, 22 Apr 2025 12:20:51 GMT\nConnection:keep-alive\nAccess-Control-Allow-Origin:*\nAccess-Control-Allow-Credentials:true\n"}
{"level":"info","time":"2025-04-22T14:21:02+02:00","message":" - DoPost Result :: Status code: 200"}
{"level":"info","time":"2025-04-22T14:21:02+02:00","message":" - [12] - GET Result :: Status code: 200"}
{"level":"info","time":"2025-04-22T14:21:02+02:00","message":" - Headers :\r\nDate:Tue, 22 Apr 2025 12:20:54 GMT\nConnection:keep-alive\nAccess-Control-Allow-Origin:*\nAccess-Control-Allow-Credentials:true\n"}
{"level":"info","time":"2025-04-22T14:21:02+02:00","message":" - Headers :\r\nDate:Tue, 22 Apr 2025 12:20:56 GMT\nConnection:keep-alive\nAccess-Control-Allow-Origin:*\nAccess-Control-Allow-Credentials:true\n"}
{"level":"info","time":"2025-04-22T14:21:03+02:00","message":" - DoPost Result :: Status code: 502"}
{"level":"info","time":"2025-04-22T14:21:03+02:00","message":" - Headers :\r\nDate:Tue, 22 Apr 2025 12:21:03 GMT\nConnection:keep-alive\n"}
{"level":"info","time":"2025-04-22T14:21:03+02:00","message":" - [13] - GET Result :: Status code: 200"}
{"level":"info","time":"2025-04-22T14:21:03+02:00","message":" - Headers :\r\nDate:Tue, 22 Apr 2025 12:21:03 GMT\nConnection:keep-alive\nAccess-Control-Allow-Origin:*\nAccess-Control-Allow-Credentials:true\n"}
{"level":"info","time":"2025-04-22T14:21:05+02:00","message":" - DoPost Result :: Status code: 200"}
{"level":"info","time":"2025-04-22T14:21:05+02:00","message":" - Headers :\r\nDate:Tue, 22 Apr 2025 12:21:05 GMT\nConnection:keep-alive\nAccess-Control-Allow-Origin:*\nAccess-Control-Allow-Credentials:true\n"}
{"level":"info","time":"2025-04-22T14:21:06+02:00","message":" - [14] - GET Result :: Status code: 200"}
{"level":"info","time":"2025-04-22T14:21:06+02:00","message":" - Headers :\r\nConnection:keep-alive\nAccess-Control-Allow-Origin:*\nAccess-Control-Allow-Credentials:true\nDate:Tue, 22 Apr 2025 12:21:06 GMT\n"}
{"level":"info","time":"2025-04-22T14:21:08+02:00","message":" - [15] - GET Result :: Status code: 200"}
{"level":"info","time":"2025-04-22T14:21:08+02:00","message":" - Headers :\r\nConnection:keep-alive\nAccess-Control-Allow-Origin:*\nAccess-Control-Allow-Credentials:true\nDate:Tue, 22 Apr 2025 12:21:08 GMT\n"}
{"level":"info","time":"2025-04-22T14:21:08+02:00","message":" - DoPost Result :: Status code: 200"}
{"level":"info","time":"2025-04-22T14:21:08+02:00","message":" - Headers :\r\nDate:Tue, 22 Apr 2025 12:21:08 GMT\nConnection:keep-alive\nAccess-Control-Allow-Origin:*\nAccess-Control-Allow-Credentials:true\n"}
{"level":"info","time":"2025-04-22T14:21:12+02:00","message":" - DoPost Result :: Status code: 200"}
{"level":"info","time":"2025-04-22T14:21:12+02:00","message":" - Headers :\r\nDate:Tue, 22 Apr 2025 12:21:12 GMT\nConnection:keep-alive\nAccess-Control-Allow-Origin:*\nAccess-Control-Allow-Credentials:true\n"}
{"level":"info","time":"2025-04-22T14:21:15+02:00","message":" - [16] - GET Result :: Status code: 200"}
{"level":"info","time":"2025-04-22T14:21:15+02:00","message":" - Headers :\r\nConnection:keep-alive\nAccess-Control-Allow-Origin:*\nAccess-Control-Allow-Credentials:true\nDate:Tue, 22 Apr 2025 12:21:14 GMT\n"}
{"level":"info","time":"2025-04-22T14:21:15+02:00","message":" - [17] - GET Result :: Status code: 200"}
{"level":"info","time":"2025-04-22T14:21:15+02:00","message":" - Headers :\r\nConnection:keep-alive\nAccess-Control-Allow-Origin:*\nAccess-Control-Allow-Credentials:true\nDate:Tue, 22 Apr 2025 12:21:15 GMT\n"}
{"level":"info","time":"2025-04-22T14:21:15+02:00","message":" - DoPost Result :: Status code: 200"}
{"level":"info","time":"2025-04-22T14:21:15+02:00","message":" - Headers :\r\nDate:Tue, 22 Apr 2025 12:21:15 GMT\nConnection:keep-alive\nAccess-Control-Allow-Origin:*\nAccess-Control-Allow-Credentials:true\n"}
{"level":"info","time":"2025-04-22T14:21:17+02:00","message":" - [18] - GET Result :: Status code: 200"}
{"level":"info","time":"2025-04-22T14:21:17+02:00","message":" - Headers :\r\nAccess-Control-Allow-Credentials:true\nDate:Tue, 22 Apr 2025 12:21:17 GMT\nConnection:keep-alive\nAccess-Control-Allow-Origin:*\n"}
{"level":"info","time":"2025-04-22T14:21:22+02:00","message":" - DoPost Result :: Status code: 200"}
{"level":"info","time":"2025-04-22T14:21:22+02:00","message":" - Headers :\r\nAccess-Control-Allow-Origin:*\nAccess-Control-Allow-Credentials:true\nDate:Tue, 22 Apr 2025 12:21:22 GMT\nConnection:keep-alive\n"}
{"level":"info","time":"2025-04-22T14:21:25+02:00","message":" - [19] - GET Result :: Status code: 200"}
{"level":"info","time":"2025-04-22T14:21:25+02:00","message":" - DoPost Result :: Status code: 200"}
{"level":"info","time":"2025-04-22T14:21:25+02:00","message":" - Headers :\r\nDate:Tue, 22 Apr 2025 12:21:24 GMT\nConnection:keep-alive\nAccess-Control-Allow-Origin:*\nAccess-Control-Allow-Credentials:true\n"}
{"level":"info","time":"2025-04-22T14:21:25+02:00","message":" - Headers :\r\nDate:Tue, 22 Apr 2025 12:21:24 GMT\nConnection:keep-alive\nAccess-Control-Allow-Origin:*\nAccess-Control-Allow-Credentials:true\n"}
{"level":"info","time":"2025-04-22T14:21:27+02:00","message":" - [20] - GET Result :: Status code: 200"}
{"level":"info","time":"2025-04-22T14:21:28+02:00","message":" - Headers :\r\nDate:Tue, 22 Apr 2025 12:21:26 GMT\nConnection:keep-alive\nAccess-Control-Allow-Origin:*\nAccess-Control-Allow-Credentials:true\n"}
{"level":"info","time":"2025-04-22T14:21:28+02:00","message":" - DoPost Result :: Status code: 200"}
{"level":"info","time":"2025-04-22T14:21:28+02:00","message":" - Headers :\r\nDate:Tue, 22 Apr 2025 12:21:27 GMT\nConnection:keep-alive\nAccess-Control-Allow-Origin:*\nAccess-Control-Allow-Credentials:true\n"}
{"level":"info","time":"2025-04-22T14:21:45+02:00","message":" - DoPost Result :: Status code: 200"}
{"level":"info","time":"2025-04-22T14:21:45+02:00","message":" - [21] - GET Result :: Status code: 200"}
{"level":"info","time":"2025-04-22T14:21:45+02:00","message":" - Headers :\r\nDate:Tue, 22 Apr 2025 12:21:31 GMT\nConnection:keep-alive\nAccess-Control-Allow-Origin:*\nAccess-Control-Allow-Credentials:true\n"}
{"level":"info","time":"2025-04-22T14:21:45+02:00","message":" - Headers :\r\nDate:Tue, 22 Apr 2025 12:21:29 GMT\nConnection:keep-alive\nAccess-Control-Allow-Origin:*\nAccess-Control-Allow-Credentials:true\n"}
{"level":"info","time":"2025-04-22T14:21:46+02:00","message":" - [22] - GET Result :: Status code: 200"}
{"level":"info","time":"2025-04-22T14:21:46+02:00","message":" - Headers :\r\nDate:Tue, 22 Apr 2025 12:21:46 GMT\nConnection:keep-alive\nAccess-Control-Allow-Origin:*\nAccess-Control-Allow-Credentials:true\n"}
{"level":"info","time":"2025-04-22T14:21:47+02:00","message":" - DoPost Result :: Status code: 200"}
{"level":"info","time":"2025-04-22T14:21:47+02:00","message":" - Headers :\r\nDate:Tue, 22 Apr 2025 12:21:47 GMT\nConnection:keep-alive\nAccess-Control-Allow-Origin:*\nAccess-Control-Allow-Credentials:true\n"}
{"level":"info","time":"2025-04-22T14:21:47+02:00","message":" - DoPost Result :: Status code: 502"}
{"level":"info","time":"2025-04-22T14:21:47+02:00","message":" - Headers :\r\nDate:Tue, 22 Apr 2025 12:21:47 GMT\nConnection:keep-alive\n"}
{"level":"info","time":"2025-04-22T14:21:50+02:00","message":" - [23] - GET Result :: Status code: 200"}
{"level":"info","time":"2025-04-22T14:21:50+02:00","message":" - Headers :\r\nDate:Tue, 22 Apr 2025 12:21:50 GMT\nConnection:keep-alive\nAccess-Control-Allow-Origin:*\nAccess-Control-Allow-Credentials:true\n"}
{"level":"info","time":"2025-04-22T14:21:50+02:00","message":" - [24] - GET Result :: Status code: 200"}
{"level":"info","time":"2025-04-22T14:21:50+02:00","message":" - Headers :\r\nDate:Tue, 22 Apr 2025 12:21:50 GMT\nConnection:keep-alive\nAccess-Control-Allow-Origin:*\nAccess-Control-Allow-Credentials:true\n"}
{"level":"info","time":"2025-04-22T14:21:51+02:00","message":" - DoPost Result :: Status code: 200"}
{"level":"info","time":"2025-04-22T14:21:51+02:00","message":" - Headers :\r\nDate:Tue, 22 Apr 2025 12:21:50 GMT\nConnection:keep-alive\nAccess-Control-Allow-Origin:*\nAccess-Control-Allow-Credentials:true\n"}
{"level":"info","time":"2025-04-22T14:21:54+02:00","message":" - DoPost Result :: Status code: 502"}
{"level":"info","time":"2025-04-22T14:21:54+02:00","message":" - Headers :\r\nDate:Tue, 22 Apr 2025 12:21:54 GMT\nConnection:keep-alive\n"}
{"level":"info","time":"2025-04-22T14:21:56+02:00","message":" - [25] - GET Result :: Status code: 200"}
{"level":"info","time":"2025-04-22T14:21:56+02:00","message":" - Headers :\r\nDate:Tue, 22 Apr 2025 12:21:56 GMT\nConnection:keep-alive\nAccess-Control-Allow-Origin:*\nAccess-Control-Allow-Credentials:true\n"}
{"level":"info","time":"2025-04-22T14:21:56+02:00","message":" - [26] - GET Result :: Status code: 200"}
{"level":"info","time":"2025-04-22T14:21:56+02:00","message":" - Headers :\r\nAccess-Control-Allow-Origin:*\nAccess-Control-Allow-Credentials:true\nDate:Tue, 22 Apr 2025 12:21:56 GMT\nConnection:keep-alive\n"}
{"level":"info","time":"2025-04-22T14:21:57+02:00","message":" - DoPost Result :: Status code: 200"}
{"level":"info","time":"2025-04-22T14:21:57+02:00","message":" - Headers :\r\nDate:Tue, 22 Apr 2025 12:21:57 GMT\nConnection:keep-alive\nAccess-Control-Allow-Origin:*\nAccess-Control-Allow-Credentials:true\n"}
{"level":"info","time":"2025-04-22T14:22:00+02:00","message":" - [27] - GET Result :: Status code: 200"}
{"level":"info","time":"2025-04-22T14:22:00+02:00","message":" - Headers :\r\nDate:Tue, 22 Apr 2025 12:22:00 GMT\nConnection:keep-alive\nAccess-Control-Allow-Origin:*\nAccess-Control-Allow-Credentials:true\n"}
{"level":"info","time":"2025-04-22T14:22:01+02:00","message":" - DoPost Result :: Status code: 200"}
{"level":"info","time":"2025-04-22T14:22:01+02:00","message":" - Headers :\r\nDate:Tue, 22 Apr 2025 12:22:01 GMT\nConnection:keep-alive\nAccess-Control-Allow-Origin:*\nAccess-Control-Allow-Credentials:true\n"}
{"level":"info","time":"2025-04-22T14:22:02+02:00","message":" - [28] - GET Result :: Status code: 200"}
{"level":"info","time":"2025-04-22T14:22:02+02:00","message":" - Headers :\r\nDate:Tue, 22 Apr 2025 12:22:02 GMT\nConnection:keep-alive\nAccess-Control-Allow-Origin:*\nAccess-Control-Allow-Credentials:true\n"}
{"level":"info","time":"2025-04-22T14:22:05+02:00","message":" - DoPost Result :: Status code: 200"}
{"level":"info","time":"2025-04-22T14:22:05+02:00","message":" - Headers :\r\nAccess-Control-Allow-Origin:*\nAccess-Control-Allow-Credentials:true\nDate:Tue, 22 Apr 2025 12:22:05 GMT\nConnection:keep-alive\n"}
{"level":"info","time":"2025-04-22T14:22:05+02:00","message":" - DoPost Result :: Status code: 200"}
{"level":"info","time":"2025-04-22T14:22:05+02:00","message":" - Headers :\r\nDate:Tue, 22 Apr 2025 12:22:05 GMT\nConnection:keep-alive\nAccess-Control-Allow-Origin:*\nAccess-Control-Allow-Credentials:true\n"}
{"level":"info","time":"2025-04-22T14:22:06+02:00","message":" - Headers :\r\nDate:Tue, 22 Apr 2025 12:22:06 GMT\nConnection:keep-alive\nAccess-Control-Allow-Origin:*\nAccess-Control-Allow-Credentials:true\n"}
{"level":"info","time":"2025-04-22T14:22:06+02:00","message":" - [29] - GET Result :: Status code: 200"}
{"level":"info","time":"2025-04-22T14:22:09+02:00","message":" - [30] - GET Result :: Status code: 200"}
{"level":"info","time":"2025-04-22T14:22:09+02:00","message":" - Headers :\r\nAccess-Control-Allow-Origin:*\nAccess-Control-Allow-Credentials:true\nDate:Tue, 22 Apr 2025 12:22:09 GMT\nConnection:keep-alive\n"}
{"level":"info","time":"2025-04-22T14:22:10+02:00","message":" - DoPost Result :: Status code: 200"}
{"level":"info","time":"2025-04-22T14:22:10+02:00","message":" - Headers :\r\nAccess-Control-Allow-Credentials:true\nDate:Tue, 22 Apr 2025 12:22:09 GMT\nConnection:keep-alive\nAccess-Control-Allow-Origin:*\n"}
{"level":"info","time":"2025-04-22T14:22:12+02:00","message":" - [31] - GET Result :: Status code: 200"}
{"level":"info","time":"2025-04-22T14:22:12+02:00","message":" - Headers :\r\nDate:Tue, 22 Apr 2025 12:22:12 GMT\nConnection:keep-alive\nAccess-Control-Allow-Origin:*\nAccess-Control-Allow-Credentials:true\n"}
{"level":"info","time":"2025-04-22T14:22:12+02:00","message":" - DoPost Result :: Status code: 200"}
{"level":"info","time":"2025-04-22T14:22:12+02:00","message":" - Headers :\r\nConnection:keep-alive\nAccess-Control-Allow-Origin:*\nAccess-Control-Allow-Credentials:true\nDate:Tue, 22 Apr 2025 12:22:12 GMT\n"}
{"level":"info","time":"2025-04-22T14:22:14+02:00","message":" - [32] - GET Result :: Status code: 200"}
{"level":"info","time":"2025-04-22T14:22:14+02:00","message":" - Headers :\r\nDate:Tue, 22 Apr 2025 12:22:14 GMT\nConnection:keep-alive\nAccess-Control-Allow-Origin:*\nAccess-Control-Allow-Credentials:true\n"}
{"level":"info","time":"2025-04-22T14:22:15+02:00","message":" - DoPost Result :: Status code: 200"}
{"level":"info","time":"2025-04-22T14:22:15+02:00","message":" - Headers :\r\nConnection:keep-alive\nAccess-Control-Allow-Origin:*\nAccess-Control-Allow-Credentials:true\nDate:Tue, 22 Apr 2025 12:22:15 GMT\n"}
{"level":"info","time":"2025-04-22T14:22:17+02:00","message":" - DoPost Result :: Status code: 200"}
{"level":"info","time":"2025-04-22T14:22:17+02:00","message":" - Headers :\r\nDate:Tue, 22 Apr 2025 12:22:17 GMT\nConnection:keep-alive\nAccess-Control-Allow-Origin:*\nAccess-Control-Allow-Credentials:true\n"}
{"level":"info","time":"2025-04-22T14:22:18+02:00","message":" - [33] - GET Result :: Status code: 200"}
{"level":"info","time":"2025-04-22T14:22:18+02:00","message":" - Headers :\r\nDate:Tue, 22 Apr 2025 12:22:18 GMT\nConnection:keep-alive\nAccess-Control-Allow-Origin:*\nAccess-Control-Allow-Credentials:true\n"}
{"level":"info","time":"2025-04-22T14:22:20+02:00","message":" - [34] - GET Result :: Status code: 200"}
{"level":"info","time":"2025-04-22T14:22:20+02:00","message":" - Headers :\r\nConnection:keep-alive\nAccess-Control-Allow-Origin:*\nAccess-Control-Allow-Credentials:true\nDate:Tue, 22 Apr 2025 12:22:20 GMT\n"}
{"level":"info","time":"2025-04-22T14:22:21+02:00","message":" - DoPost Result :: Status code: 200"}
{"level":"info","time":"2025-04-22T14:22:21+02:00","message":" - Headers :\r\nDate:Tue, 22 Apr 2025 12:22:21 GMT\nConnection:keep-alive\nAccess-Control-Allow-Origin:*\nAccess-Control-Allow-Credentials:true\n"}
{"level":"info","time":"2025-04-22T14:22:23+02:00","message":" - [35] - GET Result :: Status code: 200"}
{"level":"info","time":"2025-04-22T14:22:23+02:00","message":" - Headers :\r\nAccess-Control-Allow-Origin:*\nAccess-Control-Allow-Credentials:true\nDate:Tue, 22 Apr 2025 12:22:23 GMT\nConnection:keep-alive\n"}
{"level":"info","time":"2025-04-22T14:22:25+02:00","message":" - DoPost Result :: Status code: 200"}
{"level":"info","time":"2025-04-22T14:22:25+02:00","message":" - Headers :\r\nDate:Tue, 22 Apr 2025 12:22:25 GMT\nConnection:keep-alive\nAccess-Control-Allow-Origin:*\nAccess-Control-Allow-Credentials:true\n"}
{"level":"info","time":"2025-04-22T14:22:26+02:00","message":" - [36] - GET Result :: Status code: 200"}
{"level":"info","time":"2025-04-22T14:22:26+02:00","message":" - Headers :\r\nDate:Tue, 22 Apr 2025 12:22:26 GMT\nConnection:keep-alive\nAccess-Control-Allow-Origin:*\nAccess-Control-Allow-Credentials:true\n"}
{"level":"info","time":"2025-04-22T14:22:27+02:00","message":" - DoPost Result :: Status code: 200"}
{"level":"info","time":"2025-04-22T14:22:27+02:00","message":" - Headers :\r\nConnection:keep-alive\nAccess-Control-Allow-Origin:*\nAccess-Control-Allow-Credentials:true\nDate:Tue, 22 Apr 2025 12:22:27 GMT\n"}
{"level":"info","time":"2025-04-22T14:22:29+02:00","message":" - DoPost Result :: Status code: 200"}
{"level":"info","time":"2025-04-22T14:22:29+02:00","message":" - Headers :\r\nDate:Tue, 22 Apr 2025 12:22:29 GMT\nConnection:keep-alive\nAccess-Control-Allow-Origin:*\nAccess-Control-Allow-Credentials:true\n"}
{"level":"info","time":"2025-04-22T14:22:29+02:00","message":" - [37] - GET Result :: Status code: 200"}
{"level":"info","time":"2025-04-22T14:22:29+02:00","message":" - Headers :\r\nDate:Tue, 22 Apr 2025 12:22:29 GMT\nConnection:keep-alive\nAccess-Control-Allow-Origin:*\nAccess-Control-Allow-Credentials:true\n"}
{"level":"info","time":"2025-04-22T14:22:32+02:00","message":" - [38] - GET Result :: Status code: 200"}
{"level":"info","time":"2025-04-22T14:22:32+02:00","message":" - Headers :\r\nDate:Tue, 22 Apr 2025 12:22:32 GMT\nConnection:keep-alive\nAccess-Control-Allow-Origin:*\nAccess-Control-Allow-Credentials:true\n"}
{"level":"info","time":"2025-04-22T14:22:33+02:00","message":" - DoPost Result :: Status code: 200"}
{"level":"info","time":"2025-04-22T14:22:33+02:00","message":" - Headers :\r\nDate:Tue, 22 Apr 2025 12:22:33 GMT\nConnection:keep-alive\nAccess-Control-Allow-Origin:*\nAccess-Control-Allow-Credentials:true\n"}
{"level":"info","time":"2025-04-22T14:22:35+02:00","message":" - DoPost Result :: Status code: 200"}
{"level":"info","time":"2025-04-22T14:22:35+02:00","message":" - Headers :\r\nConnection:keep-alive\nAccess-Control-Allow-Origin:*\nAccess-Control-Allow-Credentials:true\nDate:Tue, 22 Apr 2025 12:22:35 GMT\n"}
{"level":"info","time":"2025-04-22T14:22:35+02:00","message":" - [39] - GET Result :: Status code: 200"}
{"level":"info","time":"2025-04-22T14:22:35+02:00","message":" - Headers :\r\nDate:Tue, 22 Apr 2025 12:22:35 GMT\nConnection:keep-alive\nAccess-Control-Allow-Origin:*\nAccess-Control-Allow-Credentials:true\n"}
{"level":"info","time":"2025-04-22T14:22:38+02:00","message":" - [40] - GET Result :: Status code: 200"}
{"level":"info","time":"2025-04-22T14:22:38+02:00","message":" - Headers :\r\nDate:Tue, 22 Apr 2025 12:22:38 GMT\nConnection:keep-alive\nAccess-Control-Allow-Origin:*\nAccess-Control-Allow-Credentials:true\n"}
{"level":"info","time":"2025-04-22T14:22:41+02:00","message":" - [41] - GET Result :: Status code: 200"}
{"level":"info","time":"2025-04-22T14:22:41+02:00","message":" - Headers :\r\nConnection:keep-alive\nAccess-Control-Allow-Origin:*\nAccess-Control-Allow-Credentials:true\nDate:Tue, 22 Apr 2025 12:22:41 GMT\n"}
{"level":"info","time":"2025-04-22T14:22:41+02:00","message":" - DoPost Result :: Status code: 200"}
{"level":"info","time":"2025-04-22T14:22:41+02:00","message":" - Headers :\r\nDate:Tue, 22 Apr 2025 12:22:41 GMT\nConnection:keep-alive\nAccess-Control-Allow-Origin:*\nAccess-Control-Allow-Credentials:true\n"}
{"level":"info","time":"2025-04-22T14:22:42+02:00","message":" - DoPost Result :: Status code: 200"}
{"level":"info","time":"2025-04-22T14:22:42+02:00","message":" - Headers :\r\nDate:Tue, 22 Apr 2025 12:22:42 GMT\nConnection:keep-alive\nAccess-Control-Allow-Origin:*\nAccess-Control-Allow-Credentials:true\n"}
{"level":"info","time":"2025-04-22T14:22:44+02:00","message":" - DoPost Result :: Status code: 200"}
{"level":"info","time":"2025-04-22T14:22:44+02:00","message":" - Headers :\r\nDate:Tue, 22 Apr 2025 12:22:44 GMT\nConnection:keep-alive\nAccess-Control-Allow-Origin:*\nAccess-Control-Allow-Credentials:true\n"}
{"level":"info","time":"2025-04-22T14:22:45+02:00","message":" - [42] - GET Result :: Status code: 200"}
{"level":"info","time":"2025-04-22T14:22:45+02:00","message":" - Headers :\r\nDate:Tue, 22 Apr 2025 12:22:45 GMT\nConnection:keep-alive\nAccess-Control-Allow-Origin:*\nAccess-Control-Allow-Credentials:true\n"}
{"level":"info","time":"2025-04-22T14:22:47+02:00","message":" - Headers :\r\nDate:Tue, 22 Apr 2025 12:22:47 GMT\nConnection:keep-alive\nAccess-Control-Allow-Origin:*\nAccess-Control-Allow-Credentials:true\n"}
{"level":"info","time":"2025-04-22T14:22:47+02:00","message":" - DoPost Result :: Status code: 200"}
{"level":"info","time":"2025-04-22T14:22:48+02:00","message":" - [43] - GET Result :: Status code: 200"}
{"level":"info","time":"2025-04-22T14:22:48+02:00","message":" - Headers :\r\nConnection:keep-alive\nAccess-Control-Allow-Origin:*\nAccess-Control-Allow-Credentials:true\nDate:Tue, 22 Apr 2025 12:22:48 GMT\n"}
{"level":"info","time":"2025-04-22T14:22:51+02:00","message":" - [44] - GET Result :: Status code: 200"}
{"level":"info","time":"2025-04-22T14:22:51+02:00","message":" - Headers :\r\nAccess-Control-Allow-Credentials:true\nDate:Tue, 22 Apr 2025 12:22:51 GMT\nConnection:keep-alive\nAccess-Control-Allow-Origin:*\n"}
{"level":"info","time":"2025-04-22T14:22:51+02:00","message":" - DoPost Result :: Status code: 200"}
{"level":"info","time":"2025-04-22T14:22:51+02:00","message":" - Headers :\r\nAccess-Control-Allow-Origin:*\nAccess-Control-Allow-Credentials:true\nDate:Tue, 22 Apr 2025 12:22:51 GMT\nConnection:keep-alive\n"}
{"level":"info","time":"2025-04-22T14:22:53+02:00","message":" - [45] - GET Result :: Status code: 200"}
{"level":"info","time":"2025-04-22T14:22:53+02:00","message":" - Headers :\r\nDate:Tue, 22 Apr 2025 12:22:53 GMT\nConnection:keep-alive\nAccess-Control-Allow-Origin:*\nAccess-Control-Allow-Credentials:true\n"}
{"level":"info","time":"2025-04-22T14:22:55+02:00","message":" - DoPost Result :: Status code: 200"}
{"level":"info","time":"2025-04-22T14:22:55+02:00","message":" - Headers :\r\nDate:Tue, 22 Apr 2025 12:22:55 GMT\nConnection:keep-alive\nAccess-Control-Allow-Origin:*\nAccess-Control-Allow-Credentials:true\n"}
{"level":"info","time":"2025-04-22T14:22:57+02:00","message":" - DoPost Result :: Status code: 200"}
{"level":"info","time":"2025-04-22T14:22:57+02:00","message":" - Headers :\r\nConnection:keep-alive\nAccess-Control-Allow-Origin:*\nAccess-Control-Allow-Credentials:true\nDate:Tue, 22 Apr 2025 12:22:57 GMT\n"}
{"level":"info","time":"2025-04-22T14:22:58+02:00","message":" - [46] - GET Result :: Status code: 200"}
{"level":"info","time":"2025-04-22T14:22:58+02:00","message":" - Headers :\r\nAccess-Control-Allow-Credentials:true\nDate:Tue, 22 Apr 2025 12:22:58 GMT\nConnection:keep-alive\nAccess-Control-Allow-Origin:*\n"}
{"level":"info","time":"2025-04-22T14:23:00+02:00","message":" - DoPost Result :: Status code: 200"}
{"level":"info","time":"2025-04-22T14:23:00+02:00","message":" - Headers :\r\nDate:Tue, 22 Apr 2025 12:23:00 GMT\nConnection:keep-alive\nAccess-Control-Allow-Origin:*\nAccess-Control-Allow-Credentials:true\n"}
{"level":"info","time":"2025-04-22T14:23:01+02:00","message":" - [47] - GET Result :: Status code: 200"}
{"level":"info","time":"2025-04-22T14:23:01+02:00","message":" - Headers :\r\nConnection:keep-alive\nAccess-Control-Allow-Origin:*\nAccess-Control-Allow-Credentials:true\nDate:Tue, 22 Apr 2025 12:23:01 GMT\n"}
{"level":"info","time":"2025-04-22T14:23:02+02:00","message":" - DoPost Result :: Status code: 200"}
{"level":"info","time":"2025-04-22T14:23:02+02:00","message":" - Headers :\r\nAccess-Control-Allow-Credentials:true\nDate:Tue, 22 Apr 2025 12:23:02 GMT\nConnection:keep-alive\nAccess-Control-Allow-Origin:*\n"}
{"level":"info","time":"2025-04-22T14:23:04+02:00","message":" - [48] - GET Result :: Status code: 200"}
{"level":"info","time":"2025-04-22T14:23:04+02:00","message":" - Headers :\r\nDate:Tue, 22 Apr 2025 12:23:04 GMT\nConnection:keep-alive\nAccess-Control-Allow-Origin:*\nAccess-Control-Allow-Credentials:true\n"}
{"level":"info","time":"2025-04-22T14:23:05+02:00","message":" - [49] - GET Result :: Status code: 200"}
{"level":"info","time":"2025-04-22T14:23:05+02:00","message":" - Headers :\r\nDate:Tue, 22 Apr 2025 12:23:05 GMT\nConnection:keep-alive\nAccess-Control-Allow-Origin:*\nAccess-Control-Allow-Credentials:true\n"}
{"level":"info","time":"2025-04-22T14:23:06+02:00","message":" - DoPost Result :: Status code: 200"}
{"level":"info","time":"2025-04-22T14:23:06+02:00","message":" - Headers :\r\nDate:Tue, 22 Apr 2025 12:23:06 GMT\nConnection:keep-alive\nAccess-Control-Allow-Origin:*\nAccess-Control-Allow-Credentials:true\n"}
{"level":"info","time":"2025-04-22T14:23:09+02:00","message":" - [50] - GET Result :: Status code: 200"}
{"level":"info","time":"2025-04-22T14:23:09+02:00","message":" - Headers :\r\nDate:Tue, 22 Apr 2025 12:23:09 GMT\nConnection:keep-alive\nAccess-Control-Allow-Origin:*\nAccess-Control-Allow-Credentials:true\n"}
{"level":"info","time":"2025-04-22T14:23:12+02:00","message":" - DoPost Result :: Status code: 200"}
{"level":"info","time":"2025-04-22T14:23:12+02:00","message":" - Headers :\r\nDate:Tue, 22 Apr 2025 12:23:12 GMT\nConnection:keep-alive\nAccess-Control-Allow-Origin:*\nAccess-Control-Allow-Credentials:true\n"}
{"level":"info","time":"2025-04-22T14:23:12+02:00","message":" - [51] - GET Result :: Status code: 200"}
{"level":"info","time":"2025-04-22T14:23:12+02:00","message":" - Headers :\r\nAccess-Control-Allow-Origin:*\nAccess-Control-Allow-Credentials:true\nDate:Tue, 22 Apr 2025 12:23:12 GMT\nConnection:keep-alive\n"}
{"level":"info","time":"2025-04-22T14:23:14+02:00","message":" - DoPost Result :: Status code: 200"}
{"level":"info","time":"2025-04-22T14:23:14+02:00","message":" - Headers :\r\nDate:Tue, 22 Apr 2025 12:23:14 GMT\nConnection:keep-alive\nAccess-Control-Allow-Origin:*\nAccess-Control-Allow-Credentials:true\n"}
{"level":"info","time":"2025-04-22T14:23:15+02:00","message":" - Headers :\r\nDate:Tue, 22 Apr 2025 12:23:15 GMT\nConnection:keep-alive\nAccess-Control-Allow-Origin:*\nAccess-Control-Allow-Credentials:true\n"}
{"level":"info","time":"2025-04-22T14:23:15+02:00","message":" - [52] - GET Result :: Status code: 200"}
{"level":"info","time":"2025-04-22T14:23:16+02:00","message":" - DoPost Result :: Status code: 200"}
{"level":"info","time":"2025-04-22T14:23:16+02:00","message":" - Headers :\r\nDate:Tue, 22 Apr 2025 12:23:16 GMT\nConnection:keep-alive\nAccess-Control-Allow-Origin:*\nAccess-Control-Allow-Credentials:true\n"}
{"level":"info","time":"2025-04-22T14:23:17+02:00","message":" - [53] - GET Result :: Status code: 200"}
{"level":"info","time":"2025-04-22T14:23:17+02:00","message":" - Headers :\r\nConnection:keep-alive\nAccess-Control-Allow-Origin:*\nAccess-Control-Allow-Credentials:true\nDate:Tue, 22 Apr 2025 12:23:17 GMT\n"}
{"level":"info","time":"2025-04-22T14:23:19+02:00","message":" - DoPost Result :: Status code: 200"}
{"level":"info","time":"2025-04-22T14:23:19+02:00","message":" - Headers :\r\nDate:Tue, 22 Apr 2025 12:23:19 GMT\nConnection:keep-alive\nAccess-Control-Allow-Origin:*\nAccess-Control-Allow-Credentials:true\n"}
{"level":"info","time":"2025-04-22T14:23:20+02:00","message":" - DoPost Result :: Status code: 200"}
{"level":"info","time":"2025-04-22T14:23:20+02:00","message":" - Headers :\r\nDate:Tue, 22 Apr 2025 12:23:20 GMT\nConnection:keep-alive\nAccess-Control-Allow-Origin:*\nAccess-Control-Allow-Credentials:true\n"}
{"level":"info","time":"2025-04-22T14:23:21+02:00","message":" - [54] - GET Result :: Status code: 200"}
{"level":"info","time":"2025-04-22T14:23:21+02:00","message":" - Headers :\r\nDate:Tue, 22 Apr 2025 12:23:21 GMT\nConnection:keep-alive\nAccess-Control-Allow-Origin:*\nAccess-Control-Allow-Credentials:true\n"}
{"level":"info","time":"2025-04-22T14:23:23+02:00","message":" - DoPost Result :: Status code: 200"}
{"level":"info","time":"2025-04-22T14:23:23+02:00","message":" - Headers :\r\nAccess-Control-Allow-Origin:*\nAccess-Control-Allow-Credentials:true\nDate:Tue, 22 Apr 2025 12:23:23 GMT\nConnection:keep-alive\n"}
{"level":"info","time":"2025-04-22T14:23:24+02:00","message":" - [55] - GET Result :: Status code: 200"}
{"level":"info","time":"2025-04-22T14:23:24+02:00","message":" - Headers :\r\nAccess-Control-Allow-Origin:*\nAccess-Control-Allow-Credentials:true\nDate:Tue, 22 Apr 2025 12:23:24 GMT\nConnection:keep-alive\n"}
{"level":"info","time":"2025-04-22T14:23:27+02:00","message":" - DoPost Result :: Status code: 200"}
{"level":"info","time":"2025-04-22T14:23:27+02:00","message":" - Headers :\r\nDate:Tue, 22 Apr 2025 12:23:27 GMT\nConnection:keep-alive\nAccess-Control-Allow-Origin:*\nAccess-Control-Allow-Credentials:true\n"}
{"level":"info","time":"2025-04-22T14:23:27+02:00","message":" - [56] - GET Result :: Status code: 200"}
{"level":"info","time":"2025-04-22T14:23:27+02:00","message":" - Headers :\r\nDate:Tue, 22 Apr 2025 12:23:27 GMT\nConnection:keep-alive\nAccess-Control-Allow-Origin:*\nAccess-Control-Allow-Credentials:true\n"}
{"level":"info","time":"2025-04-22T14:23:30+02:00","message":" - [57] - GET Result :: Status code: 200"}
{"level":"info","time":"2025-04-22T14:23:30+02:00","message":" - Headers :\r\nAccess-Control-Allow-Origin:*\nAccess-Control-Allow-Credentials:true\nDate:Tue, 22 Apr 2025 12:23:30 GMT\nConnection:keep-alive\n"}
{"level":"info","time":"2025-04-22T14:23:30+02:00","message":" - DoPost Result :: Status code: 200"}
{"level":"info","time":"2025-04-22T14:23:30+02:00","message":" - Headers :\r\nAccess-Control-Allow-Credentials:true\nDate:Tue, 22 Apr 2025 12:23:30 GMT\nConnection:keep-alive\nAccess-Control-Allow-Origin:*\n"}
{"level":"info","time":"2025-04-22T14:23:32+02:00","message":" - DoPost Result :: Status code: 200"}
{"level":"info","time":"2025-04-22T14:23:32+02:00","message":" - Headers :\r\nAccess-Control-Allow-Origin:*\nAccess-Control-Allow-Credentials:true\nDate:Tue, 22 Apr 2025 12:23:32 GMT\nConnection:keep-alive\n"}
{"level":"info","time":"2025-04-22T14:23:34+02:00","message":" - [58] - GET Result :: Status code: 200"}
{"level":"info","time":"2025-04-22T14:23:34+02:00","message":" - Headers :\r\nDate:Tue, 22 Apr 2025 12:23:34 GMT\nConnection:keep-alive\nAccess-Control-Allow-Origin:*\nAccess-Control-Allow-Credentials:true\n"}
{"level":"info","time":"2025-04-22T14:23:35+02:00","message":" - [59] - GET Result :: Status code: 200"}
{"level":"info","time":"2025-04-22T14:23:35+02:00","message":" - Headers :\r\nConnection:keep-alive\nAccess-Control-Allow-Origin:*\nAccess-Control-Allow-Credentials:true\nDate:Tue, 22 Apr 2025 12:23:35 GMT\n"}
{"level":"info","time":"2025-04-22T14:23:39+02:00","message":" - DoPost Result :: Status code: 200"}
{"level":"info","time":"2025-04-22T14:23:39+02:00","message":" - Headers :\r\nAccess-Control-Allow-Credentials:true\nDate:Tue, 22 Apr 2025 12:23:39 GMT\nConnection:keep-alive\nAccess-Control-Allow-Origin:*\n"}
{"level":"info","time":"2025-04-22T14:23:40+02:00","message":" - [60] - GET Result :: Status code: 200"}
{"level":"info","time":"2025-04-22T14:23:40+02:00","message":" - Headers :\r\nAccess-Control-Allow-Credentials:true\nDate:Tue, 22 Apr 2025 12:23:39 GMT\nConnection:keep-alive\nAccess-Control-Allow-Origin:*\n"}
{"level":"info","time":"2025-04-22T14:23:40+02:00","message":" - DoPost Result :: Status code: 200"}
{"level":"info","time":"2025-04-22T14:23:40+02:00","message":" - Headers :\r\nConnection:keep-alive\nAccess-Control-Allow-Origin:*\nAccess-Control-Allow-Credentials:true\nDate:Tue, 22 Apr 2025 12:23:40 GMT\n"}
{"level":"info","time":"2025-04-22T14:23:43+02:00","message":" - [61] - GET Result :: Status code: 200"}
{"level":"info","time":"2025-04-22T14:23:43+02:00","message":" - Headers :\r\nDate:Tue, 22 Apr 2025 12:23:43 GMT\nConnection:keep-alive\nAccess-Control-Allow-Origin:*\nAccess-Control-Allow-Credentials:true\n"}
{"level":"info","time":"2025-04-22T14:23:43+02:00","message":" - DoPost Result :: Status code: 200"}
{"level":"info","time":"2025-04-22T14:23:43+02:00","message":" - Headers :\r\nDate:Tue, 22 Apr 2025 12:23:43 GMT\nConnection:keep-alive\nAccess-Control-Allow-Origin:*\nAccess-Control-Allow-Credentials:true\n"}
{"level":"info","time":"2025-04-22T14:23:45+02:00","message":" - DoPost Result :: Status code: 200"}
{"level":"info","time":"2025-04-22T14:23:45+02:00","message":" - Headers :\r\nAccess-Control-Allow-Origin:*\nAccess-Control-Allow-Credentials:true\nDate:Tue, 22 Apr 2025 12:23:45 GMT\nConnection:keep-alive\n"}
{"level":"info","time":"2025-04-22T14:23:46+02:00","message":" - [62] - GET Result :: Status code: 200"}
{"level":"info","time":"2025-04-22T14:23:46+02:00","message":" - Headers :\r\nDate:Tue, 22 Apr 2025 12:23:46 GMT\nConnection:keep-alive\nAccess-Control-Allow-Origin:*\nAccess-Control-Allow-Credentials:true\n"}
{"level":"info","time":"2025-04-22T14:23:48+02:00","message":" - [63] - GET Result :: Status code: 200"}
{"level":"info","time":"2025-04-22T14:23:48+02:00","message":" - Headers :\r\nAccess-Control-Allow-Credentials:true\nDate:Tue, 22 Apr 2025 12:23:48 GMT\nConnection:keep-alive\nAccess-Control-Allow-Origin:*\n"}
{"level":"info","time":"2025-04-22T14:23:49+02:00","message":" - DoPost Result :: Status code: 200"}
{"level":"info","time":"2025-04-22T14:23:49+02:00","message":" - Headers :\r\nDate:Tue, 22 Apr 2025 12:23:49 GMT\nConnection:keep-alive\nAccess-Control-Allow-Origin:*\nAccess-Control-Allow-Credentials:true\n"}
{"level":"info","time":"2025-04-22T14:31:54+02:00","message":"Logger Initialized & Started"}
{"level":"info","time":"2025-04-22T14:32:05+02:00","message":"logger instance created with file /media/ajith/work/dev/go/Git_Lab2/agnione//log/AgniOne_demo_http.log"}
{"level":"info","time":"2025-04-22T14:32:06+02:00","message":"Application AgniOne Demo Application - 1.0.0.0 loaded"}
{"level":"info","time":"2025-04-22T14:32:06+02:00","message":"Found 1 pool setting for appunit Http_demo"}
{"level":"info","time":"2025-04-22T14:32:06+02:00","message":"Loading the 0 appunit of pool [1] of Http_demo"}
{"level":"info","time":"2025-04-22T14:32:06+02:00","message":" - Starting ....."}
{"level":"info","time":"2025-04-22T14:32:07+02:00","message":"Starting (0) of [1] - Http_demo.............\nAppunit info -> "}
{"level":"info","time":"2025-04-22T14:32:07+02:00","message":"Loaded & started 1 pool of appunits"}
{"level":"info","time":"2025-04-22T14:32:07+02:00","message":" - Starting the ........... DONE"}
{"level":"info","time":"2025-04-22T14:32:08+02:00","message":"Started\t1 out of 1 pool of appunit Http_demo\n"}
{"level":"info","time":"2025-04-22T14:32:08+02:00","message":"starting the DoGet routine"}
{"level":"info","time":"2025-04-22T14:32:08+02:00","message":"Started ------ (0) of [1] - Http_demo successfully"}
{"level":"info","time":"2025-04-22T14:32:08+02:00","message":"starting HTTP monitoring ......"}
{"level":"info","time":"2025-04-22T14:32:18+02:00","message":"HTTP monitoring started on 0.0.0.0:8080"}
{"level":"info","time":"2025-04-22T14:32:20+02:00","message":"broadcasting status via SSE started"}
{"level":"info","time":"2025-04-22T14:32:22+02:00","message":" - [0] - GET Result :: Status code: 200"}
{"level":"info","time":"2025-04-22T14:32:22+02:00","message":" - Headers :\r\nConnection:keep-alive\nAccess-Control-Allow-Origin:*\nAccess-Control-Allow-Credentials:true\nDate:Tue, 22 Apr 2025 12:32:22 GMT\n"}
{"level":"info","time":"2025-04-22T14:32:30+02:00","message":" - [1] - GET Result :: Status code: 200"}
{"level":"info","time":"2025-04-22T14:32:30+02:00","message":" - Headers :\r\nConnection:keep-alive\nAccess-Control-Allow-Origin:*\nAccess-Control-Allow-Credentials:true\nDate:Tue, 22 Apr 2025 12:32:30 GMT\n"}
{"level":"info","time":"2025-04-22T14:32:34+02:00","message":" - DoPost Result :: Status code: 200"}
{"level":"info","time":"2025-04-22T14:32:34+02:00","message":" - Headers :\r\nDate:Tue, 22 Apr 2025 12:32:34 GMT\nConnection:keep-alive\nAccess-Control-Allow-Origin:*\nAccess-Control-Allow-Credentials:true\n"}
{"level":"info","time":"2025-04-22T14:32:36+02:00","message":" - [2] - GET Result :: Status code: 200"}
{"level":"info","time":"2025-04-22T14:32:36+02:00","message":" - Headers :\r\nDate:Tue, 22 Apr 2025 12:32:36 GMT\nConnection:keep-alive\nAccess-Control-Allow-Origin:*\nAccess-Control-Allow-Credentials:true\n"}
{"level":"info","time":"2025-04-22T14:32:37+02:00","message":" - [3] - GET Result :: Status code: 200"}
{"level":"info","time":"2025-04-22T14:32:37+02:00","message":" - Headers :\r\nDate:Tue, 22 Apr 2025 12:32:36 GMT\nConnection:keep-alive\nAccess-Control-Allow-Origin:*\nAccess-Control-Allow-Credentials:true\n"}
{"level":"info","time":"2025-04-22T14:32:41+02:00","message":" - DoPost Result :: Status code: 200"}
{"level":"info","time":"2025-04-22T14:32:41+02:00","message":" - Headers :\r\nDate:Tue, 22 Apr 2025 12:32:41 GMT\nConnection:keep-alive\nAccess-Control-Allow-Origin:*\nAccess-Control-Allow-Credentials:true\n"}
{"level":"info","time":"2025-04-22T14:32:43+02:00","message":" - DoPost Result :: Status code: 200"}
{"level":"info","time":"2025-04-22T14:32:43+02:00","message":" - Headers :\r\nDate:Tue, 22 Apr 2025 12:32:43 GMT\nConnection:keep-alive\nAccess-Control-Allow-Origin:*\nAccess-Control-Allow-Credentials:true\n"}
{"level":"info","time":"2025-04-22T14:32:46+02:00","message":" - DoPost Result :: Status code: 200"}
{"level":"info","time":"2025-04-22T14:32:46+02:00","message":" - Headers :\r\nAccess-Control-Allow-Origin:*\nAccess-Control-Allow-Credentials:true\nDate:Tue, 22 Apr 2025 12:32:44 GMT\nConnection:keep-alive\n"}
{"level":"info","time":"2025-04-22T14:32:49+02:00","message":" - DoPost Result :: Status code: 200"}
{"level":"info","time":"2025-04-22T14:32:49+02:00","message":" - Headers :\r\nAccess-Control-Allow-Origin:*\nAccess-Control-Allow-Credentials:true\nDate:Tue, 22 Apr 2025 12:32:48 GMT\nConnection:keep-alive\n"}
{"level":"info","time":"2025-04-22T14:32:51+02:00","message":" - Headers :\r\nConnection:keep-alive\nAccess-Control-Allow-Origin:*\nAccess-Control-Allow-Credentials:true\nDate:Tue, 22 Apr 2025 12:32:51 GMT\n"}
{"level":"info","time":"2025-04-22T14:32:51+02:00","message":" - [4] - GET Result :: Status code: 200"}
{"level":"info","time":"2025-04-22T14:32:52+02:00","message":" - [5] - GET Result :: Status code: 200"}
{"level":"info","time":"2025-04-22T14:32:52+02:00","message":" - DoPost Result :: Status code: 200"}
{"level":"info","time":"2025-04-22T14:32:52+02:00","message":" - Headers :\r\nDate:Tue, 22 Apr 2025 12:32:52 GMT\nConnection:keep-alive\nAccess-Control-Allow-Origin:*\nAccess-Control-Allow-Credentials:true\n"}
{"level":"info","time":"2025-04-22T14:32:52+02:00","message":" - Headers :\r\nDate:Tue, 22 Apr 2025 12:32:52 GMT\nConnection:keep-alive\nAccess-Control-Allow-Origin:*\nAccess-Control-Allow-Credentials:true\n"}
{"level":"info","time":"2025-04-22T14:32:55+02:00","message":" - DoPost Result :: Status code: 200"}
{"level":"info","time":"2025-04-22T14:32:55+02:00","message":" - Headers :\r\nDate:Tue, 22 Apr 2025 12:32:54 GMT\nConnection:keep-alive\nAccess-Control-Allow-Origin:*\nAccess-Control-Allow-Credentials:true\n"}
{"level":"info","time":"2025-04-22T14:32:55+02:00","message":" - [6] - GET Result :: Status code: 200"}
{"level":"info","time":"2025-04-22T14:32:55+02:00","message":" - Headers :\r\nConnection:keep-alive\nAccess-Control-Allow-Origin:*\nAccess-Control-Allow-Credentials:true\nDate:Tue, 22 Apr 2025 12:32:55 GMT\n"}
{"level":"info","time":"2025-04-22T14:34:28+02:00","message":"Logger Initialized & Started"}
{"level":"info","time":"2025-04-22T14:34:35+02:00","message":"logger instance created with file /media/ajith/work/dev/go/Git_Lab2/agnione//log/AgniOne_demo_http.log"}
{"level":"info","time":"2025-04-22T14:34:36+02:00","message":"Application AgniOne Demo Application - 1.0.0.0 loaded"}
{"level":"info","time":"2025-04-22T14:34:36+02:00","message":"Found 1 pool setting for appunit Http_demo"}
{"level":"info","time":"2025-04-22T14:34:36+02:00","message":"Loading the 0 appunit of pool [1] of Http_demo"}
{"level":"info","time":"2025-04-22T14:34:36+02:00","message":"Starting (0) of [1] - Http_demo.............\nAppunit info -> "}
{"level":"info","time":"2025-04-22T14:34:36+02:00","message":" - Starting ....."}
{"level":"info","time":"2025-04-22T14:34:36+02:00","message":"Loaded & started 1 pool of appunits"}
{"level":"info","time":"2025-04-22T14:34:36+02:00","message":"Started ------ (0) of [1] - Http_demo successfully"}
{"level":"info","time":"2025-04-22T14:34:37+02:00","message":"Started\t1 out of 1 pool of appunit Http_demo\n"}
{"level":"info","time":"2025-04-22T14:34:37+02:00","message":"starting the DoGet routine"}
{"level":"info","time":"2025-04-22T14:34:37+02:00","message":" - Starting the ........... DONE"}
{"level":"info","time":"2025-04-22T14:34:37+02:00","message":"starting HTTP monitoring ......"}
{"level":"info","time":"2025-04-22T14:34:38+02:00","message":"HTTP monitoring started on 0.0.0.0:8080"}
{"level":"info","time":"2025-04-22T14:35:13+02:00","message":"broadcasting status via SSE started"}
{"level":"info","time":"2025-04-22T14:35:23+02:00","message":" - Headers :\r\nDate:Tue, 22 Apr 2025 12:35:22 GMT\nConnection:keep-alive\nAccess-Control-Allow-Origin:*\nAccess-Control-Allow-Credentials:true\n"}
{"level":"info","time":"2025-04-22T14:35:23+02:00","message":" - [0] - GET Result :: Status code: 200"}
{"level":"info","time":"2025-04-22T14:35:36+02:00","message":" - Headers :\r\nDate:Tue, 22 Apr 2025 12:35:25 GMT\nConnection:keep-alive\nAccess-Control-Allow-Origin:*\nAccess-Control-Allow-Credentials:true\n"}
{"level":"info","time":"2025-04-22T14:35:37+02:00","message":" - [1] - GET Result :: Status code: 200"}
{"level":"info","time":"2025-04-22T14:35:59+02:00","message":" - Headers :\r\nDate:Tue, 22 Apr 2025 12:35:37 GMT\nConnection:keep-alive\nAccess-Control-Allow-Origin:*\nAccess-Control-Allow-Credentials:true\n"}
{"level":"info","time":"2025-04-22T14:36:01+02:00","message":" - [2] - GET Result :: Status code: 200"}
{"level":"info","time":"2025-04-22T14:36:05+02:00","message":" - DoPost Result :: Status code: 200"}
{"level":"info","time":"2025-04-22T14:36:05+02:00","message":" - DoPost Result :: Status code: 200"}
{"level":"info","time":"2025-04-22T14:36:05+02:00","message":" - Headers :\r\nDate:Tue, 22 Apr 2025 12:35:47 GMT\nConnection:keep-alive\nAccess-Control-Allow-Origin:*\nAccess-Control-Allow-Credentials:true\n"}
{"level":"info","time":"2025-04-22T14:36:05+02:00","message":" - Headers :\r\nDate:Tue, 22 Apr 2025 12:35:38 GMT\nConnection:keep-alive\nAccess-Control-Allow-Origin:*\nAccess-Control-Allow-Credentials:true\n"}
{"level":"info","time":"2025-04-22T14:36:05+02:00","message":" - Headers :\r\nDate:Tue, 22 Apr 2025 12:35:38 GMT\nConnection:keep-alive\nAccess-Control-Allow-Origin:*\nAccess-Control-Allow-Credentials:true\n"}
{"level":"info","time":"2025-04-22T14:36:05+02:00","message":" - [3] - GET Result :: Status code: 200"}
{"level":"info","time":"2025-04-22T14:36:05+02:00","message":" - DoPost Result :: Status code: 200"}
{"level":"info","time":"2025-04-22T14:36:05+02:00","message":" - Headers :\r\nDate:Tue, 22 Apr 2025 12:36:03 GMT\nConnection:keep-alive\nAccess-Control-Allow-Origin:*\nAccess-Control-Allow-Credentials:true\n"}
{"level":"info","time":"2025-04-22T14:36:08+02:00","message":" - DoPost Result :: Status code: 200"}
{"level":"info","time":"2025-04-22T14:36:08+02:00","message":" - Headers :\r\nConnection:keep-alive\nAccess-Control-Allow-Origin:*\nAccess-Control-Allow-Credentials:true\nDate:Tue, 22 Apr 2025 12:36:07 GMT\n"}
{"level":"info","time":"2025-04-22T14:36:08+02:00","message":" - [4] - GET Result :: Status code: 200"}
{"level":"info","time":"2025-04-22T14:36:08+02:00","message":" - Headers :\r\nDate:Tue, 22 Apr 2025 12:36:08 GMT\nConnection:keep-alive\nAccess-Control-Allow-Origin:*\nAccess-Control-Allow-Credentials:true\n"}
{"level":"info","time":"2025-04-22T14:36:11+02:00","message":" - [5] - GET Result :: Status code: 200"}
{"level":"info","time":"2025-04-22T14:36:11+02:00","message":" - Headers :\r\nDate:Tue, 22 Apr 2025 12:36:10 GMT\nConnection:keep-alive\nAccess-Control-Allow-Origin:*\nAccess-Control-Allow-Credentials:true\n"}
{"level":"info","time":"2025-04-22T14:36:32+02:00","message":" - [6] - GET Result :: Status code: 200"}
{"level":"info","time":"2025-04-22T14:36:32+02:00","message":" - Headers :\r\nDate:Tue, 22 Apr 2025 12:36:32 GMT\nConnection:keep-alive\nAccess-Control-Allow-Origin:*\nAccess-Control-Allow-Credentials:true\n"}
{"level":"info","time":"2025-04-22T14:37:10+02:00","message":" - [7] - GET Result :: Status code: 200"}
{"level":"info","time":"2025-04-22T14:37:10+02:00","message":" - DoPost Result :: Status code: 200"}
{"level":"info","time":"2025-04-22T14:37:10+02:00","message":" - Headers :\r\nDate:Tue, 22 Apr 2025 12:36:41 GMT\nConnection:keep-alive\nAccess-Control-Allow-Origin:*\nAccess-Control-Allow-Credentials:true\n"}
{"level":"info","time":"2025-04-22T14:37:10+02:00","message":" - Headers :\r\nAccess-Control-Allow-Origin:*\nAccess-Control-Allow-Credentials:true\nDate:Tue, 22 Apr 2025 12:36:36 GMT\nConnection:keep-alive\n"}
{"level":"error","time":"2025-04-22T14:37:20+02:00","message":" - DoPost Failed to load fetch the request -request failed: lookup httpbin.org: i/o timeout"}
{"level":"info","time":"2025-04-22T14:37:24+02:00","message":" - [8] - GET Result :: Status code: 200"}
{"level":"info","time":"2025-04-22T14:37:24+02:00","message":" - Headers :\r\nConnection:keep-alive\nAccess-Control-Allow-Origin:*\nAccess-Control-Allow-Credentials:true\nDate:Tue, 22 Apr 2025 12:37:24 GMT\n"}
{"level":"info","time":"2025-04-22T14:37:24+02:00","message":" - DoPost Result :: Status code: 200"}
{"level":"info","time":"2025-04-22T14:37:24+02:00","message":" - Headers :\r\nAccess-Control-Allow-Origin:*\nAccess-Control-Allow-Credentials:true\nDate:Tue, 22 Apr 2025 12:37:24 GMT\nConnection:keep-alive\n"}
{"level":"info","time":"2025-04-22T14:38:20+02:00","message":"Logger Initialized & Started"}
{"level":"info","time":"2025-04-22T14:38:20+02:00","message":"logger instance created with file /media/ajith/work/dev/go/Git_Lab2/agnione//log/AgniOne_demo_http.log"}
{"level":"info","time":"2025-04-22T14:38:20+02:00","message":"Application AgniOne Demo Application - 1.0.0.0 loaded"}
{"level":"info","time":"2025-04-22T14:38:20+02:00","message":"Found 1 pool setting for appunit Http_demo"}
{"level":"info","time":"2025-04-22T14:38:20+02:00","message":"Loading the 0 appunit of pool [1] of Http_demo"}
{"level":"info","time":"2025-04-22T14:38:20+02:00","message":"Starting (0) of [1] - Http_demo.............\nAppunit info -> "}
{"level":"info","time":"2025-04-22T14:38:20+02:00","message":"Loaded & started 1 pool of appunits"}
{"level":"info","time":"2025-04-22T14:38:20+02:00","message":" - Starting ....."}
{"level":"info","time":"2025-04-22T14:38:20+02:00","message":" - Starting the ........... DONE"}
{"level":"info","time":"2025-04-22T14:38:20+02:00","message":"Started ------ (0) of [1] - Http_demo successfully"}
{"level":"info","time":"2025-04-22T14:38:20+02:00","message":"Started\t1 out of 1 pool of appunit Http_demo\n"}
{"level":"info","time":"2025-04-22T14:38:20+02:00","message":"starting the DoGet routine"}
{"level":"info","time":"2025-04-22T14:38:21+02:00","message":"starting HTTP monitoring ......"}
{"level":"info","time":"2025-04-22T14:38:21+02:00","message":"HTTP monitoring started on 0.0.0.0:8080"}
{"level":"info","time":"2025-04-22T14:38:27+02:00","message":"broadcasting status via SSE started"}
{"level":"error","time":"2025-04-22T14:38:35+02:00","message":" - Failed to load fetch the request - request failed: lookup httpbin.org: i/o timeout"}
{"level":"error","time":"2025-04-22T14:38:35+02:00","message":" - DoPost Failed to load fetch the request -request failed: lookup httpbin.org: i/o timeout"}
{"level":"error","time":"2025-04-22T14:38:35+02:00","message":" - Failed to load fetch the request - request failed: lookup httpbin.org: i/o timeout"}
{"level":"info","time":"2025-04-22T14:38:36+02:00","message":" - DoPost Result :: Status code: 200"}
{"level":"info","time":"2025-04-22T14:38:36+02:00","message":" - Headers :\r\nDate:Tue, 22 Apr 2025 12:38:36 GMT\nConnection:keep-alive\nAccess-Control-Allow-Origin:*\nAccess-Control-Allow-Credentials:true\n"}
{"level":"info","time":"2025-04-22T14:38:38+02:00","message":" - [2] - GET Result :: Status code: 200"}
{"level":"info","time":"2025-04-22T14:38:38+02:00","message":" - Headers :\r\nAccess-Control-Allow-Credentials:true\nDate:Tue, 22 Apr 2025 12:38:38 GMT\nConnection:keep-alive\nAccess-Control-Allow-Origin:*\n"}
{"level":"info","time":"2025-04-22T14:38:41+02:00","message":" - [3] - GET Result :: Status code: 200"}
{"level":"info","time":"2025-04-22T14:38:41+02:00","message":" - Headers :\r\nDate:Tue, 22 Apr 2025 12:38:41 GMT\nConnection:keep-alive\nAccess-Control-Allow-Origin:*\nAccess-Control-Allow-Credentials:true\n"}
{"level":"info","time":"2025-04-22T14:38:46+02:00","message":" - DoPost Result :: Status code: 200"}
{"level":"info","time":"2025-04-22T14:38:46+02:00","message":" - Headers :\r\nAccess-Control-Allow-Credentials:true\nDate:Tue, 22 Apr 2025 12:38:46 GMT\nConnection:keep-alive\nAccess-Control-Allow-Origin:*\n"}
{"level":"info","time":"2025-04-22T14:38:55+02:00","message":" - Headers :\r\nConnection:keep-alive\nAccess-Control-Allow-Origin:*\nAccess-Control-Allow-Credentials:true\nDate:Tue, 22 Apr 2025 12:38:47 GMT\n"}
{"level":"info","time":"2025-04-22T14:38:55+02:00","message":" - DoPost Result :: Status code: 200"}
{"level":"info","time":"2025-04-22T14:38:58+02:00","message":" - DoPost Result :: Status code: 200"}
{"level":"info","time":"2025-04-22T14:38:59+02:00","message":" - Headers :\r\nAccess-Control-Allow-Origin:*\nAccess-Control-Allow-Credentials:true\nDate:Tue, 22 Apr 2025 12:38:57 GMT\nConnection:keep-alive\n"}
{"level":"info","time":"2025-04-22T14:39:02+02:00","message":" - DoPost Result :: Status code: 200"}
{"level":"info","time":"2025-04-22T14:39:02+02:00","message":" - Headers :\r\nDate:Tue, 22 Apr 2025 12:39:01 GMT\nConnection:keep-alive\nAccess-Control-Allow-Origin:*\nAccess-Control-Allow-Credentials:true\n"}
{"level":"info","time":"2025-04-22T14:39:07+02:00","message":" - DoPost Result :: Status code: 200"}
{"level":"info","time":"2025-04-22T14:39:07+02:00","message":" - Headers :\r\nAccess-Control-Allow-Credentials:true\nDate:Tue, 22 Apr 2025 12:39:06 GMT\nConnection:keep-alive\nAccess-Control-Allow-Origin:*\n"}
{"level":"info","time":"2025-04-22T14:39:16+02:00","message":" - [4] - GET Result :: Status code: 200"}
{"level":"info","time":"2025-04-22T14:39:16+02:00","message":" - Headers :\r\nAccess-Control-Allow-Credentials:true\nDate:Tue, 22 Apr 2025 12:39:09 GMT\nConnection:keep-alive\nAccess-Control-Allow-Origin:*\n"}
{"level":"info","time":"2025-04-22T14:39:17+02:00","message":" - [5] - GET Result :: Status code: 200"}
{"level":"info","time":"2025-04-22T14:39:17+02:00","message":" - Headers :\r\nDate:Tue, 22 Apr 2025 12:39:16 GMT\nConnection:keep-alive\nAccess-Control-Allow-Origin:*\nAccess-Control-Allow-Credentials:true\n"}
{"level":"info","time":"2025-04-22T14:39:20+02:00","message":" - DoPost Result :: Status code: 200"}
{"level":"info","time":"2025-04-22T14:39:20+02:00","message":" - Headers :\r\nConnection:keep-alive\nAccess-Control-Allow-Origin:*\nAccess-Control-Allow-Credentials:true\nDate:Tue, 22 Apr 2025 12:39:20 GMT\n"}
{"level":"info","time":"2025-04-22T14:40:14+02:00","message":" - DoPost Result :: Status code: 200"}
{"level":"info","time":"2025-04-22T14:40:14+02:00","message":" - Headers :\r\nAccess-Control-Allow-Origin:*\nAccess-Control-Allow-Credentials:true\nDate:Tue, 22 Apr 2025 12:39:21 GMT\nConnection:keep-alive\n"}
{"level":"info","time":"2025-04-22T14:40:14+02:00","message":" - [6] - GET Result :: Status code: 200"}
{"level":"info","time":"2025-04-22T14:40:14+02:00","message":" - Headers :\r\nConnection:keep-alive\nAccess-Control-Allow-Origin:*\nAccess-Control-Allow-Credentials:true\nDate:Tue, 22 Apr 2025 12:39:20 GMT\n"}
{"level":"info","time":"2025-04-22T14:40:14+02:00","message":" - DoPost Result :: Status code: 503"}
{"level":"info","time":"2025-04-22T14:40:14+02:00","message":" - Headers :\r\nDate:Tue, 22 Apr 2025 12:40:14 GMT\nConnection:keep-alive\n"}
{"level":"info","time":"2025-04-22T14:40:14+02:00","message":" - DoPost Result :: Status code: 503"}
{"level":"info","time":"2025-04-22T14:40:14+02:00","message":" - Headers :\r\nDate:Tue, 22 Apr 2025 12:40:14 GMT\nConnection:keep-alive\n"}
{"level":"info","time":"2025-04-22T14:40:15+02:00","message":" - [7] - GET Result :: Status code: 200"}
{"level":"info","time":"2025-04-22T14:40:15+02:00","message":" - Headers :\r\nDate:Tue, 22 Apr 2025 12:40:15 GMT\nConnection:keep-alive\nAccess-Control-Allow-Origin:*\nAccess-Control-Allow-Credentials:true\n"}
{"level":"info","time":"2025-04-22T14:40:15+02:00","message":" - [8] - GET Result :: Status code: 503"}
{"level":"info","time":"2025-04-22T14:40:15+02:00","message":" - Headers :\r\nDate:Tue, 22 Apr 2025 12:40:15 GMT\nConnection:keep-alive\n"}
{"level":"info","time":"2025-04-22T14:40:17+02:00","message":" - Headers :\r\nConnection:keep-alive\nDate:Tue, 22 Apr 2025 12:40:17 GMT\n"}
{"level":"info","time":"2025-04-22T14:40:17+02:00","message":" - DoPost Result :: Status code: 503"}
{"level":"info","time":"2025-04-22T14:40:20+02:00","message":" - DoPost Result :: Status code: 503"}
{"level":"info","time":"2025-04-22T14:40:20+02:00","message":" - Headers :\r\nDate:Tue, 22 Apr 2025 12:40:20 GMT\nConnection:keep-alive\n"}
{"level":"info","time":"2025-04-22T14:40:23+02:00","message":" - [9] - GET Result :: Status code: 200"}
{"level":"info","time":"2025-04-22T14:40:23+02:00","message":" - Headers :\r\nAccess-Control-Allow-Origin:*\nAccess-Control-Allow-Credentials:true\nDate:Tue, 22 Apr 2025 12:40:23 GMT\nConnection:keep-alive\n"}
{"level":"info","time":"2025-04-22T14:40:23+02:00","message":" - [10] - GET Result :: Status code: 503"}
{"level":"info","time":"2025-04-22T14:40:23+02:00","message":" - Headers :\r\nDate:Tue, 22 Apr 2025 12:40:23 GMT\nConnection:keep-alive\n"}
{"level":"info","time":"2025-04-22T14:40:24+02:00","message":" - Headers :\r\nDate:Tue, 22 Apr 2025 12:40:23 GMT\nConnection:keep-alive\n"}
{"level":"info","time":"2025-04-22T14:40:24+02:00","message":" - [11] - GET Result :: Status code: 503"}
{"level":"info","time":"2025-04-22T14:40:26+02:00","message":" - [12] - GET Result :: Status code: 503"}
{"level":"info","time":"2025-04-22T14:40:26+02:00","message":" - Headers :\r\nDate:Tue, 22 Apr 2025 12:40:26 GMT\nConnection:keep-alive\n"}
{"level":"info","time":"2025-04-22T14:40:28+02:00","message":" - DoPost Result :: Status code: 200"}
{"level":"info","time":"2025-04-22T14:40:28+02:00","message":" - Headers :\r\nAccess-Control-Allow-Origin:*\nAccess-Control-Allow-Credentials:true\nDate:Tue, 22 Apr 2025 12:40:28 GMT\nConnection:keep-alive\n"}
{"level":"info","time":"2025-04-22T14:40:28+02:00","message":" - DoPost Result :: Status code: 503"}
{"level":"info","time":"2025-04-22T14:40:28+02:00","message":" - Headers :\r\nConnection:keep-alive\nDate:Tue, 22 Apr 2025 12:40:28 GMT\n"}
{"level":"info","time":"2025-04-22T14:40:29+02:00","message":" - DoPost Result :: Status code: 503"}
{"level":"info","time":"2025-04-22T14:40:29+02:00","message":" - Headers :\r\nDate:Tue, 22 Apr 2025 12:40:29 GMT\nConnection:keep-alive\n"}
{"level":"info","time":"2025-04-22T14:40:33+02:00","message":" - Headers :\r\nDate:Tue, 22 Apr 2025 12:40:32 GMT\nConnection:keep-alive\n"}
{"level":"info","time":"2025-04-22T14:40:33+02:00","message":" - DoPost Result :: Status code: 503"}
{"level":"info","time":"2025-04-22T14:40:33+02:00","message":" - [13] - GET Result :: Status code: 200"}
{"level":"info","time":"2025-04-22T14:40:33+02:00","message":" - Headers :\r\nAccess-Control-Allow-Credentials:true\nDate:Tue, 22 Apr 2025 12:40:33 GMT\nConnection:keep-alive\nAccess-Control-Allow-Origin:*\n"}
{"level":"info","time":"2025-04-22T14:40:33+02:00","message":" - [14] - GET Result :: Status code: 503"}
{"level":"info","time":"2025-04-22T14:40:33+02:00","message":" - Headers :\r\nDate:Tue, 22 Apr 2025 12:40:33 GMT\nConnection:keep-alive\n"}
{"level":"info","time":"2025-04-22T14:40:43+02:00","message":" - DoPost Result :: Status code: 503"}
{"level":"info","time":"2025-04-22T14:40:45+02:00","message":" - Headers :\r\nDate:Tue, 22 Apr 2025 12:40:37 GMT\nConnection:keep-alive\n"}
{"level":"info","time":"2025-04-22T14:40:46+02:00","message":" - Headers :\r\nDate:Tue, 22 Apr 2025 12:40:45 GMT\nConnection:keep-alive\n"}
{"level":"info","time":"2025-04-22T14:40:47+02:00","message":" - DoPost Result :: Status code: 503"}
{"level":"info","time":"2025-04-22T14:40:47+02:00","message":" - [15] - GET Result :: Status code: 200"}
{"level":"info","time":"2025-04-22T14:40:47+02:00","message":" - Headers :\r\nAccess-Control-Allow-Origin:*\nAccess-Control-Allow-Credentials:true\nDate:Tue, 22 Apr 2025 12:40:45 GMT\nConnection:keep-alive\n"}
{"level":"info","time":"2025-04-22T14:41:00+02:00","message":" - [16] - GET Result :: Status code: 503"}
{"level":"info","time":"2025-04-22T14:41:00+02:00","message":" - Headers :\r\nDate:Tue, 22 Apr 2025 12:40:46 GMT\nConnection:keep-alive\n"}
{"level":"error","time":"2025-04-22T14:41:18+02:00","message":" - DoPost Failed to load fetch the request -request failed: error when dialing 34.205.14.84:443: dialing to the given TCP address timed out"}
{"level":"error","time":"2025-04-22T14:41:18+02:00","message":" - Failed to load fetch the request - request failed: error when dialing 54.198.227.115:443: dialing to the given TCP address timed out"}
{"level":"error","time":"2025-04-22T14:41:18+02:00","message":" - Failed to load fetch the request - request failed: error when dialing 54.198.227.115:443: dialing to the given TCP address timed out"}
{"level":"info","time":"2025-04-22T14:41:19+02:00","message":" - [19] - GET Result :: Status code: 503"}
{"level":"info","time":"2025-04-22T14:41:19+02:00","message":" - Headers :\r\nDate:Tue, 22 Apr 2025 12:41:19 GMT\nConnection:keep-alive\n"}
{"level":"info","time":"2025-04-22T14:41:20+02:00","message":" - [20] - GET Result :: Status code: 503"}
{"level":"info","time":"2025-04-22T14:41:20+02:00","message":" - Headers :\r\nDate:Tue, 22 Apr 2025 12:41:20 GMT\nConnection:keep-alive\n"}
{"level":"info","time":"2025-04-22T14:41:23+02:00","message":" - DoPost Result :: Status code: 200"}
{"level":"info","time":"2025-04-22T14:41:23+02:00","message":" - Headers :\r\nDate:Tue, 22 Apr 2025 12:41:23 GMT\nConnection:keep-alive\nAccess-Control-Allow-Origin:*\nAccess-Control-Allow-Credentials:true\n"}
{"level":"info","time":"2025-04-22T14:41:23+02:00","message":" - DoPost Result :: Status code: 503"}
{"level":"info","time":"2025-04-22T14:41:23+02:00","message":" - Headers :\r\nDate:Tue, 22 Apr 2025 12:41:23 GMT\nConnection:keep-alive\n"}
{"level":"info","time":"2025-04-22T14:41:23+02:00","message":" - DoPost Result :: Status code: 503"}
{"level":"info","time":"2025-04-22T14:41:23+02:00","message":" - Headers :\r\nConnection:keep-alive\nDate:Tue, 22 Apr 2025 12:41:23 GMT\n"}
{"level":"info","time":"2025-04-22T14:41:26+02:00","message":" - [21] - GET Result :: Status code: 200"}
{"level":"info","time":"2025-04-22T14:41:26+02:00","message":" - Headers :\r\nDate:Tue, 22 Apr 2025 12:41:26 GMT\nConnection:keep-alive\nAccess-Control-Allow-Origin:*\nAccess-Control-Allow-Credentials:true\n"}
{"level":"info","time":"2025-04-22T14:42:23+02:00","message":"Logger Initialized & Started"}
{"level":"info","time":"2025-04-22T14:42:23+02:00","message":"logger instance created with file /media/ajith/work/dev/go/Git_Lab2/agnione//log/AgniOne_demo_http.log"}
{"level":"info","time":"2025-04-22T14:42:23+02:00","message":"Application AgniOne Demo Application - 1.0.0.0 loaded"}
{"level":"info","time":"2025-04-22T14:42:23+02:00","message":"Found 1 pool setting for appunit Http_demo"}
{"level":"info","time":"2025-04-22T14:42:23+02:00","message":"Loading the 0 appunit of pool [1] of Http_demo"}
{"level":"info","time":"2025-04-22T14:42:23+02:00","message":"Starting (0) of [1] - Http_demo.............\nAppunit info -> "}
{"level":"info","time":"2025-04-22T14:42:23+02:00","message":"Loaded & started 1 pool of appunits"}
{"level":"info","time":"2025-04-22T14:42:23+02:00","message":" - Starting the ........... DONE"}
{"level":"info","time":"2025-04-22T14:42:23+02:00","message":"Started ------ (0) of [1] - Http_demo successfully"}
{"level":"info","time":"2025-04-22T14:42:23+02:00","message":"Started\t1 out of 1 pool of appunit Http_demo\n"}
{"level":"info","time":"2025-04-22T14:42:23+02:00","message":" - Starting ....."}
{"level":"info","time":"2025-04-22T14:42:23+02:00","message":"starting the DoGet routine"}
{"level":"info","time":"2025-04-22T14:42:24+02:00","message":"HTTP monitoring started on 0.0.0.0:8080"}
{"level":"info","time":"2025-04-22T14:42:24+02:00","message":"starting HTTP monitoring ......"}
{"level":"info","time":"2025-04-22T14:42:37+02:00","message":"broadcasting status via SSE started"}
{"level":"info","time":"2025-04-22T14:42:37+02:00","message":" - DoPost Result :: Status code: 503"}
{"level":"info","time":"2025-04-22T14:42:37+02:00","message":" - Headers :\r\nDate:Tue, 22 Apr 2025 12:42:37 GMT\nConnection:keep-alive\n"}
{"level":"info","time":"2025-04-22T14:42:37+02:00","message":" - [0] - GET Result :: Status code: 503"}
{"level":"info","time":"2025-04-22T14:42:37+02:00","message":" - Headers :\r\nDate:Tue, 22 Apr 2025 12:42:37 GMT\nConnection:keep-alive\n"}
{"level":"info","time":"2025-04-22T14:42:38+02:00","message":" - [1] - GET Result :: Status code: 503"}
{"level":"info","time":"2025-04-22T14:42:38+02:00","message":" - Headers :\r\nDate:Tue, 22 Apr 2025 12:42:38 GMT\nConnection:keep-alive\n"}
{"level":"info","time":"2025-04-22T14:42:38+02:00","message":" - Headers :\r\nDate:Tue, 22 Apr 2025 12:42:38 GMT\nConnection:keep-alive\n"}
{"level":"info","time":"2025-04-22T14:42:38+02:00","message":" - DoPost Result :: Status code: 503"}
{"level":"info","time":"2025-04-22T14:42:41+02:00","message":" - [2] - GET Result :: Status code: 503"}
{"level":"info","time":"2025-04-22T14:42:41+02:00","message":" - DoPost Result :: Status code: 503"}
{"level":"info","time":"2025-04-22T14:42:41+02:00","message":" - Headers :\r\nDate:Tue, 22 Apr 2025 12:42:41 GMT\nConnection:keep-alive\n"}
{"level":"info","time":"2025-04-22T14:42:41+02:00","message":" - Headers :\r\nDate:Tue, 22 Apr 2025 12:42:41 GMT\nConnection:keep-alive\n"}
{"level":"info","time":"2025-04-22T14:42:50+02:00","message":" - DoPost Result :: Status code: 503"}
{"level":"info","time":"2025-04-22T14:42:50+02:00","message":" - Headers :\r\nDate:Tue, 22 Apr 2025 12:42:46 GMT\nConnection:keep-alive\n"}
{"level":"info","time":"2025-04-22T14:42:50+02:00","message":" - [3] - GET Result :: Status code: 503"}
{"level":"info","time":"2025-04-22T14:42:50+02:00","message":" - Headers :\r\nDate:Tue, 22 Apr 2025 12:42:46 GMT\nConnection:keep-alive\n"}
{"level":"info","time":"2025-04-22T14:42:57+02:00","message":" - [4] - GET Result :: Status code: 503"}
{"level":"info","time":"2025-04-22T14:42:57+02:00","message":" - Headers :\r\nDate:Tue, 22 Apr 2025 12:42:50 GMT\nConnection:keep-alive\n"}
{"level":"info","time":"2025-04-22T14:42:57+02:00","message":" - [5] - GET Result :: Status code: 503"}
{"level":"info","time":"2025-04-22T14:42:57+02:00","message":" - Headers :\r\nConnection:keep-alive\nDate:Tue, 22 Apr 2025 12:42:56 GMT\n"}
{"level":"info","time":"2025-04-22T14:42:57+02:00","message":" - DoPost Result :: Status code: 503"}
{"level":"info","time":"2025-04-22T14:42:57+02:00","message":" - Headers :\r\nDate:Tue, 22 Apr 2025 12:42:54 GMT\nConnection:keep-alive\n"}
{"level":"info","time":"2025-04-22T14:42:57+02:00","message":" - DoPost Result :: Status code: 503"}
{"level":"info","time":"2025-04-22T14:42:57+02:00","message":" - Headers :\r\nDate:Tue, 22 Apr 2025 12:42:56 GMT\nConnection:keep-alive\n"}
{"level":"info","time":"2025-04-22T14:43:03+02:00","message":" - [6] - GET Result :: Status code: 503"}
{"level":"info","time":"2025-04-22T14:43:03+02:00","message":" - Headers :\r\nDate:Tue, 22 Apr 2025 12:43:00 GMT\nConnection:keep-alive\n"}
{"level":"info","time":"2025-04-22T14:43:03+02:00","message":" - DoPost Result :: Status code: 503"}
{"level":"info","time":"2025-04-22T14:43:03+02:00","message":" - Headers :\r\nDate:Tue, 22 Apr 2025 12:43:00 GMT\nConnection:keep-alive\n"}
{"level":"info","time":"2025-04-22T14:43:03+02:00","message":" - [7] - GET Result :: Status code: 503"}
{"level":"info","time":"2025-04-22T14:43:03+02:00","message":" - DoPost Result :: Status code: 503"}
{"level":"info","time":"2025-04-22T14:43:03+02:00","message":" - Headers :\r\nDate:Tue, 22 Apr 2025 12:43:03 GMT\nConnection:keep-alive\n"}
{"level":"info","time":"2025-04-22T14:43:03+02:00","message":" - Headers :\r\nDate:Tue, 22 Apr 2025 12:43:03 GMT\nConnection:keep-alive\n"}
{"level":"info","time":"2025-04-22T14:43:05+02:00","message":" - [8] - GET Result :: Status code: 503"}
{"level":"info","time":"2025-04-22T14:43:05+02:00","message":" - Headers :\r\nDate:Tue, 22 Apr 2025 12:43:05 GMT\nConnection:keep-alive\n"}
{"level":"info","time":"2025-04-22T14:43:05+02:00","message":" - DoPost Result :: Status code: 503"}
{"level":"info","time":"2025-04-22T14:43:05+02:00","message":" - Headers :\r\nDate:Tue, 22 Apr 2025 12:43:05 GMT\nConnection:keep-alive\n"}
{"level":"info","time":"2025-04-22T14:43:08+02:00","message":" - DoPost Result :: Status code: 503"}
{"level":"info","time":"2025-04-22T14:43:08+02:00","message":" - Headers :\r\nConnection:keep-alive\nDate:Tue, 22 Apr 2025 12:43:08 GMT\n"}
{"level":"info","time":"2025-04-22T14:43:08+02:00","message":" - Headers :\r\nDate:Tue, 22 Apr 2025 12:43:08 GMT\nConnection:keep-alive\n"}
{"level":"info","time":"2025-04-22T14:43:08+02:00","message":" - [9] - GET Result :: Status code: 503"}
{"level":"info","time":"2025-04-22T14:43:11+02:00","message":" - [10] - GET Result :: Status code: 503"}
{"level":"info","time":"2025-04-22T14:43:11+02:00","message":" - DoPost Result :: Status code: 503"}
{"level":"info","time":"2025-04-22T14:43:11+02:00","message":" - Headers :\r\nConnection:keep-alive\nDate:Tue, 22 Apr 2025 12:43:11 GMT\n"}
{"level":"info","time":"2025-04-22T14:43:11+02:00","message":" - Headers :\r\nDate:Tue, 22 Apr 2025 12:43:11 GMT\nConnection:keep-alive\n"}
{"level":"info","time":"2025-04-22T14:43:14+02:00","message":" - DoPost Result :: Status code: 503"}
{"level":"info","time":"2025-04-22T14:43:14+02:00","message":" - Headers :\r\nDate:Tue, 22 Apr 2025 12:43:14 GMT\nConnection:keep-alive\n"}
{"level":"info","time":"2025-04-22T14:43:14+02:00","message":" - [11] - GET Result :: Status code: 503"}
{"level":"info","time":"2025-04-22T14:43:14+02:00","message":" - Headers :\r\nDate:Tue, 22 Apr 2025 12:43:14 GMT\nConnection:keep-alive\n"}
{"level":"info","time":"2025-04-22T14:43:17+02:00","message":" - [12] - GET Result :: Status code: 503"}
{"level":"info","time":"2025-04-22T14:43:17+02:00","message":" - DoPost Result :: Status code: 503"}
{"level":"info","time":"2025-04-22T14:43:17+02:00","message":" - Headers :\r\nDate:Tue, 22 Apr 2025 12:43:17 GMT\nConnection:keep-alive\n"}
{"level":"info","time":"2025-04-22T14:43:17+02:00","message":" - Headers :\r\nDate:Tue, 22 Apr 2025 12:43:17 GMT\nConnection:keep-alive\n"}
{"level":"info","time":"2025-04-22T14:43:20+02:00","message":" - [13] - GET Result :: Status code: 503"}
{"level":"info","time":"2025-04-22T14:43:20+02:00","message":" - Headers :\r\nDate:Tue, 22 Apr 2025 12:43:20 GMT\nConnection:keep-alive\n"}
{"level":"info","time":"2025-04-22T14:43:20+02:00","message":" - DoPost Result :: Status code: 503"}
{"level":"info","time":"2025-04-22T14:43:20+02:00","message":" - Headers :\r\nDate:Tue, 22 Apr 2025 12:43:20 GMT\nConnection:keep-alive\n"}
{"level":"info","time":"2025-04-22T14:43:23+02:00","message":" - [14] - GET Result :: Status code: 503"}
{"level":"info","time":"2025-04-22T14:43:23+02:00","message":" - Headers :\r\nDate:Tue, 22 Apr 2025 12:43:23 GMT\nConnection:keep-alive\n"}
{"level":"info","time":"2025-04-22T14:43:23+02:00","message":" - DoPost Result :: Status code: 503"}
{"level":"info","time":"2025-04-22T14:43:23+02:00","message":" - Headers :\r\nDate:Tue, 22 Apr 2025 12:43:23 GMT\nConnection:keep-alive\n"}
{"level":"info","time":"2025-04-23T11:07:04+02:00","message":"Logger Initialized & Started"}
{"level":"info","time":"2025-04-23T11:07:04+02:00","message":"logger instance created with file /media/ajith/work/dev/go/Git_Lab2/agnione//log/AgniOne_demo_http.log"}
{"level":"info","time":"2025-04-23T11:07:04+02:00","message":"Application AgniOne Demo Application - 1.0.0.0 loaded"}
{"level":"info","time":"2025-04-23T11:07:04+02:00","message":"Found 1 pool setting for appunit Http_demo"}
{"level":"info","time":"2025-04-23T11:07:04+02:00","message":"Loading the 0 appunit of pool [1] of Http_demo"}
{"level":"info","time":"2025-04-23T11:07:04+02:00","message":"Starting (0) of [1] - Http_demo.............\nAppunit info -> "}
{"level":"info","time":"2025-04-23T11:07:04+02:00","message":" - Starting ....."}
{"level":"info","time":"2025-04-23T11:07:04+02:00","message":"Loaded & started 1 pool of appunits"}
{"level":"info","time":"2025-04-23T11:07:04+02:00","message":" - Starting the ........... DONE"}
{"level":"info","time":"2025-04-23T11:07:04+02:00","message":"Started\t1 out of 1 pool of appunit Http_demo\n"}
{"level":"info","time":"2025-04-23T11:07:04+02:00","message":"Started ------ (0) of [1] - Http_demo successfully"}
{"level":"info","time":"2025-04-23T11:07:04+02:00","message":"starting the DoGet routine"}
{"level":"info","time":"2025-04-23T11:07:05+02:00","message":"starting HTTP monitoring ......"}
{"level":"info","time":"2025-04-23T11:07:05+02:00","message":"HTTP monitoring started on 0.0.0.0:8080"}
{"level":"info","time":"2025-04-23T11:07:07+02:00","message":"broadcasting status via SSE started"}
{"level":"info","time":"2025-04-23T11:07:08+02:00","message":" - [0] - GET Result :: Status code: 200"}
{"level":"info","time":"2025-04-23T11:07:08+02:00","message":" - Headers :\r\nDate:Wed, 23 Apr 2025 09:07:08 GMT\nConnection:keep-alive\nAccess-Control-Allow-Origin:*\nAccess-Control-Allow-Credentials:true\n"}
{"level":"info","time":"2025-04-23T11:07:08+02:00","message":" - DoPost Result :: Status code: 200"}
{"level":"info","time":"2025-04-23T11:07:08+02:00","message":" - Headers :\r\nDate:Wed, 23 Apr 2025 09:07:08 GMT\nConnection:keep-alive\nAccess-Control-Allow-Origin:*\nAccess-Control-Allow-Credentials:true\n"}
{"level":"info","time":"2025-04-23T11:07:10+02:00","message":" - DoPost Result :: Status code: 200"}
{"level":"info","time":"2025-04-23T11:07:10+02:00","message":" - Headers :\r\nDate:Wed, 23 Apr 2025 09:07:10 GMT\nConnection:keep-alive\nAccess-Control-Allow-Origin:*\nAccess-Control-Allow-Credentials:true\n"}
{"level":"info","time":"2025-04-23T11:07:11+02:00","message":" - [1] - GET Result :: Status code: 200"}
{"level":"info","time":"2025-04-23T11:07:11+02:00","message":" - Headers :\r\nDate:Wed, 23 Apr 2025 09:07:11 GMT\nConnection:keep-alive\nAccess-Control-Allow-Origin:*\nAccess-Control-Allow-Credentials:true\n"}
{"level":"info","time":"2025-04-23T11:07:13+02:00","message":" - [2] - GET Result :: Status code: 200"}
{"level":"info","time":"2025-04-23T11:07:13+02:00","message":" - Headers :\r\nConnection:keep-alive\nAccess-Control-Allow-Origin:*\nAccess-Control-Allow-Credentials:true\nDate:Wed, 23 Apr 2025 09:07:13 GMT\n"}
{"level":"info","time":"2025-04-23T11:07:13+02:00","message":" - DoPost Result :: Status code: 200"}
{"level":"info","time":"2025-04-23T11:07:13+02:00","message":" - Headers :\r\nDate:Wed, 23 Apr 2025 09:07:13 GMT\nConnection:keep-alive\nAccess-Control-Allow-Origin:*\nAccess-Control-Allow-Credentials:true\n"}
{"level":"info","time":"2025-04-23T11:07:16+02:00","message":" - DoPost Result :: Status code: 200"}
{"level":"info","time":"2025-04-23T11:07:16+02:00","message":" - Headers :\r\nAccess-Control-Allow-Credentials:true\nDate:Wed, 23 Apr 2025 09:07:16 GMT\nConnection:keep-alive\nAccess-Control-Allow-Origin:*\n"}
{"level":"info","time":"2025-04-23T11:07:17+02:00","message":" - [3] - GET Result :: Status code: 200"}
{"level":"info","time":"2025-04-23T11:07:17+02:00","message":" - Headers :\r\nAccess-Control-Allow-Credentials:true\nDate:Wed, 23 Apr 2025 09:07:17 GMT\nConnection:keep-alive\nAccess-Control-Allow-Origin:*\n"}
{"level":"info","time":"2025-04-23T11:07:19+02:00","message":" - [4] - GET Result :: Status code: 200"}
{"level":"info","time":"2025-04-23T11:07:19+02:00","message":" - Headers :\r\nAccess-Control-Allow-Origin:*\nAccess-Control-Allow-Credentials:true\nDate:Wed, 23 Apr 2025 09:07:19 GMT\nConnection:keep-alive\n"}
{"level":"info","time":"2025-04-23T11:07:19+02:00","message":" - DoPost Result :: Status code: 200"}
{"level":"info","time":"2025-04-23T11:07:19+02:00","message":" - Headers :\r\nConnection:keep-alive\nAccess-Control-Allow-Origin:*\nAccess-Control-Allow-Credentials:true\nDate:Wed, 23 Apr 2025 09:07:19 GMT\n"}
{"level":"info","time":"2025-04-23T11:07:22+02:00","message":" - DoPost Result :: Status code: 200"}
{"level":"info","time":"2025-04-23T11:07:22+02:00","message":" - Headers :\r\nConnection:keep-alive\nAccess-Control-Allow-Origin:*\nAccess-Control-Allow-Credentials:true\nDate:Wed, 23 Apr 2025 09:07:22 GMT\n"}
{"level":"info","time":"2025-04-23T11:07:22+02:00","message":" - Headers :\r\nConnection:keep-alive\nAccess-Control-Allow-Origin:*\nAccess-Control-Allow-Credentials:true\nDate:Wed, 23 Apr 2025 09:07:22 GMT\n"}
{"level":"info","time":"2025-04-23T11:07:22+02:00","message":" - [5] - GET Result :: Status code: 200"}
{"level":"info","time":"2025-04-23T11:07:25+02:00","message":" - Headers :\r\nDate:Wed, 23 Apr 2025 09:07:25 GMT\nConnection:keep-alive\nAccess-Control-Allow-Origin:*\nAccess-Control-Allow-Credentials:true\n"}
{"level":"info","time":"2025-04-23T11:07:25+02:00","message":" - DoPost Result :: Status code: 200"}
{"level":"info","time":"2025-04-23T11:07:26+02:00","message":" - [6] - GET Result :: Status code: 200"}
{"level":"info","time":"2025-04-23T11:07:26+02:00","message":" - Headers :\r\nAccess-Control-Allow-Origin:*\nAccess-Control-Allow-Credentials:true\nDate:Wed, 23 Apr 2025 09:07:26 GMT\nConnection:keep-alive\n"}
{"level":"info","time":"2025-04-23T11:07:28+02:00","message":" - DoPost Result :: Status code: 200"}
{"level":"info","time":"2025-04-23T11:07:28+02:00","message":" - Headers :\r\nDate:Wed, 23 Apr 2025 09:07:28 GMT\nConnection:keep-alive\nAccess-Control-Allow-Origin:*\nAccess-Control-Allow-Credentials:true\n"}
{"level":"info","time":"2025-04-23T11:07:29+02:00","message":" - [7] - GET Result :: Status code: 200"}
{"level":"info","time":"2025-04-23T11:07:29+02:00","message":" - Headers :\r\nDate:Wed, 23 Apr 2025 09:07:29 GMT\nConnection:keep-alive\nAccess-Control-Allow-Origin:*\nAccess-Control-Allow-Credentials:true\n"}
{"level":"info","time":"2025-04-23T11:07:31+02:00","message":" - Headers :\r\nDate:Wed, 23 Apr 2025 09:07:31 GMT\nConnection:keep-alive\nAccess-Control-Allow-Origin:*\nAccess-Control-Allow-Credentials:true\n"}
{"level":"info","time":"2025-04-23T11:07:31+02:00","message":" - DoPost Result :: Status code: 200"}
{"level":"info","time":"2025-04-23T11:07:32+02:00","message":" - [8] - GET Result :: Status code: 200"}
{"level":"info","time":"2025-04-23T11:07:32+02:00","message":" - Headers :\r\nDate:Wed, 23 Apr 2025 09:07:32 GMT\nConnection:keep-alive\nAccess-Control-Allow-Origin:*\nAccess-Control-Allow-Credentials:true\n"}
{"level":"info","time":"2025-04-23T11:07:34+02:00","message":" - DoPost Result :: Status code: 200"}
{"level":"info","time":"2025-04-23T11:07:34+02:00","message":" - Headers :\r\nDate:Wed, 23 Apr 2025 09:07:34 GMT\nConnection:keep-alive\nAccess-Control-Allow-Origin:*\nAccess-Control-Allow-Credentials:true\n"}
{"level":"info","time":"2025-04-23T11:07:35+02:00","message":" - [9] - GET Result :: Status code: 200"}
{"level":"info","time":"2025-04-23T11:07:35+02:00","message":" - Headers :\r\nDate:Wed, 23 Apr 2025 09:07:35 GMT\nConnection:keep-alive\nAccess-Control-Allow-Origin:*\nAccess-Control-Allow-Credentials:true\n"}
{"level":"info","time":"2025-04-23T11:07:37+02:00","message":" - [10] - GET Result :: Status code: 200"}
{"level":"info","time":"2025-04-23T11:07:37+02:00","message":" - Headers :\r\nDate:Wed, 23 Apr 2025 09:07:37 GMT\nConnection:keep-alive\nAccess-Control-Allow-Origin:*\nAccess-Control-Allow-Credentials:true\n"}
{"level":"info","time":"2025-04-23T11:07:37+02:00","message":" - Headers :\r\nDate:Wed, 23 Apr 2025 09:07:37 GMT\nConnection:keep-alive\nAccess-Control-Allow-Origin:*\nAccess-Control-Allow-Credentials:true\n"}
{"level":"info","time":"2025-04-23T11:07:37+02:00","message":" - DoPost Result :: Status code: 200"}
{"level":"info","time":"2025-04-23T11:07:40+02:00","message":" - DoPost Result :: Status code: 200"}
{"level":"info","time":"2025-04-23T11:07:40+02:00","message":" - Headers :\r\nConnection:keep-alive\nAccess-Control-Allow-Origin:*\nAccess-Control-Allow-Credentials:true\nDate:Wed, 23 Apr 2025 09:07:40 GMT\n"}
{"level":"info","time":"2025-04-23T11:07:41+02:00","message":" - [11] - GET Result :: Status code: 200"}
{"level":"info","time":"2025-04-23T11:07:41+02:00","message":" - Headers :\r\nDate:Wed, 23 Apr 2025 09:07:41 GMT\nConnection:keep-alive\nAccess-Control-Allow-Origin:*\nAccess-Control-Allow-Credentials:true\n"}
{"level":"info","time":"2025-04-23T11:07:44+02:00","message":" - [12] - GET Result :: Status code: 200"}
{"level":"info","time":"2025-04-23T11:07:44+02:00","message":" - Headers :\r\nDate:Wed, 23 Apr 2025 09:07:44 GMT\nConnection:keep-alive\nAccess-Control-Allow-Origin:*\nAccess-Control-Allow-Credentials:true\n"}
{"level":"info","time":"2025-04-23T11:07:46+02:00","message":" - Headers :\r\nAccess-Control-Allow-Credentials:true\nDate:Wed, 23 Apr 2025 09:07:45 GMT\nConnection:keep-alive\nAccess-Control-Allow-Origin:*\n"}
{"level":"info","time":"2025-04-23T11:07:46+02:00","message":" - DoPost Result :: Status code: 200"}
{"level":"info","time":"2025-04-23T11:07:46+02:00","message":" - [13] - GET Result :: Status code: 200"}
{"level":"info","time":"2025-04-23T11:07:46+02:00","message":" - Headers :\r\nDate:Wed, 23 Apr 2025 09:07:46 GMT\nConnection:keep-alive\nAccess-Control-Allow-Origin:*\nAccess-Control-Allow-Credentials:true\n"}
{"level":"info","time":"2025-04-23T11:07:47+02:00","message":" - DoPost Result :: Status code: 200"}
{"level":"info","time":"2025-04-23T11:07:47+02:00","message":" - Headers :\r\nConnection:keep-alive\nAccess-Control-Allow-Origin:*\nAccess-Control-Allow-Credentials:true\nDate:Wed, 23 Apr 2025 09:07:47 GMT\n"}
{"level":"info","time":"2025-04-23T11:07:50+02:00","message":" - [14] - GET Result :: Status code: 200"}
{"level":"info","time":"2025-04-23T11:07:50+02:00","message":" - Headers :\r\nDate:Wed, 23 Apr 2025 09:07:50 GMT\nConnection:keep-alive\nAccess-Control-Allow-Origin:*\nAccess-Control-Allow-Credentials:true\n"}
{"level":"info","time":"2025-04-23T11:07:50+02:00","message":" - Headers :\r\nDate:Wed, 23 Apr 2025 09:07:50 GMT\nConnection:keep-alive\nAccess-Control-Allow-Origin:*\nAccess-Control-Allow-Credentials:true\n"}
{"level":"info","time":"2025-04-23T11:07:50+02:00","message":" - DoPost Result :: Status code: 200"}
{"level":"info","time":"2025-04-23T11:07:52+02:00","message":" - [15] - GET Result :: Status code: 200"}
{"level":"info","time":"2025-04-23T11:07:52+02:00","message":" - Headers :\r\nDate:Wed, 23 Apr 2025 09:07:52 GMT\nConnection:keep-alive\nAccess-Control-Allow-Origin:*\nAccess-Control-Allow-Credentials:true\n"}
{"level":"info","time":"2025-04-23T11:07:53+02:00","message":" - Headers :\r\nDate:Wed, 23 Apr 2025 09:07:53 GMT\nConnection:keep-alive\nAccess-Control-Allow-Origin:*\nAccess-Control-Allow-Credentials:true\n"}
{"level":"info","time":"2025-04-23T11:07:53+02:00","message":" - DoPost Result :: Status code: 200"}
{"level":"info","time":"2025-04-23T11:07:55+02:00","message":" - DoPost Result :: Status code: 200"}
{"level":"info","time":"2025-04-23T11:07:55+02:00","message":" - Headers :\r\nConnection:keep-alive\nAccess-Control-Allow-Origin:*\nAccess-Control-Allow-Credentials:true\nDate:Wed, 23 Apr 2025 09:07:55 GMT\n"}
{"level":"info","time":"2025-04-23T11:07:56+02:00","message":" - [16] - GET Result :: Status code: 200"}
{"level":"info","time":"2025-04-23T11:07:56+02:00","message":" - Headers :\r\nConnection:keep-alive\nAccess-Control-Allow-Origin:*\nAccess-Control-Allow-Credentials:true\nDate:Wed, 23 Apr 2025 09:07:56 GMT\n"}
{"level":"info","time":"2025-04-23T11:07:58+02:00","message":" - Headers :\r\nDate:Wed, 23 Apr 2025 09:07:58 GMT\nConnection:keep-alive\nAccess-Control-Allow-Origin:*\nAccess-Control-Allow-Credentials:true\n"}
{"level":"info","time":"2025-04-23T11:07:58+02:00","message":" - [17] - GET Result :: Status code: 200"}
{"level":"info","time":"2025-04-23T11:08:00+02:00","message":" - Headers :\r\nDate:Wed, 23 Apr 2025 09:08:00 GMT\nConnection:keep-alive\nAccess-Control-Allow-Origin:*\nAccess-Control-Allow-Credentials:true\n"}
{"level":"info","time":"2025-04-23T11:08:00+02:00","message":" - DoPost Result :: Status code: 200"}
{"level":"info","time":"2025-04-23T11:08:01+02:00","message":" - [18] - GET Result :: Status code: 200"}
{"level":"info","time":"2025-04-23T11:08:01+02:00","message":" - Headers :\r\nAccess-Control-Allow-Credentials:true\nDate:Wed, 23 Apr 2025 09:08:01 GMT\nConnection:keep-alive\nAccess-Control-Allow-Origin:*\n"}
{"level":"info","time":"2025-04-23T11:08:01+02:00","message":" - Headers :\r\nDate:Wed, 23 Apr 2025 09:08:01 GMT\nConnection:keep-alive\nAccess-Control-Allow-Origin:*\nAccess-Control-Allow-Credentials:true\n"}
{"level":"info","time":"2025-04-23T11:08:01+02:00","message":" - DoPost Result :: Status code: 200"}
{"level":"info","time":"2025-04-23T11:08:11+02:00","message":" - [19] - GET Result :: Status code: 200"}
{"level":"info","time":"2025-04-23T11:08:11+02:00","message":" - DoPost Result :: Status code: 200"}
{"level":"info","time":"2025-04-23T11:08:16+02:00","message":" - Headers :\r\nConnection:keep-alive\nAccess-Control-Allow-Origin:*\nAccess-Control-Allow-Credentials:true\nDate:Wed, 23 Apr 2025 09:08:05 GMT\n"}
{"level":"info","time":"2025-04-23T11:08:16+02:00","message":" - [20] - GET Result :: Status code: 200"}
{"level":"info","time":"2025-04-23T11:08:17+02:00","message":" - Headers :\r\nDate:Wed, 23 Apr 2025 09:08:06 GMT\nConnection:keep-alive\nAccess-Control-Allow-Origin:*\nAccess-Control-Allow-Credentials:true\n"}
{"level":"info","time":"2025-04-23T11:08:17+02:00","message":" - Headers :\r\nAccess-Control-Allow-Credentials:true\nDate:Wed, 23 Apr 2025 09:08:11 GMT\nConnection:keep-alive\nAccess-Control-Allow-Origin:*\n"}
{"level":"info","time":"2025-04-23T11:08:17+02:00","message":" - DoPost Result :: Status code: 200"}
{"level":"info","time":"2025-04-23T11:08:17+02:00","message":" - [21] - GET Result :: Status code: 200"}
{"level":"info","time":"2025-04-23T11:08:17+02:00","message":" - Headers :\r\nDate:Wed, 23 Apr 2025 09:08:16 GMT\nConnection:keep-alive\nAccess-Control-Allow-Origin:*\nAccess-Control-Allow-Credentials:true\n"}
{"level":"info","time":"2025-04-23T11:08:17+02:00","message":" - Headers :\r\nDate:Wed, 23 Apr 2025 09:08:11 GMT\nConnection:keep-alive\nAccess-Control-Allow-Origin:*\nAccess-Control-Allow-Credentials:true\n"}
{"level":"info","time":"2025-04-23T11:08:27+02:00","message":" - DoPost Result :: Status code: 200"}
{"level":"info","time":"2025-04-23T11:08:27+02:00","message":" - Headers :\r\nDate:Wed, 23 Apr 2025 09:08:17 GMT\nConnection:keep-alive\nAccess-Control-Allow-Origin:*\nAccess-Control-Allow-Credentials:true\n"}
{"level":"info","time":"2025-04-23T11:08:27+02:00","message":" - [22] - GET Result :: Status code: 200"}
{"level":"info","time":"2025-04-23T11:08:27+02:00","message":" - Headers :\r\nAccess-Control-Allow-Origin:*\nAccess-Control-Allow-Credentials:true\nDate:Wed, 23 Apr 2025 09:08:17 GMT\nConnection:keep-alive\n"}
{"level":"error","time":"2025-04-23T11:08:27+02:00","message":"Failed to parse embeded log_client.html. template: pattern matches no files: `ui/log_client.html`"}
{"level":"info","time":"2025-04-23T11:08:27+02:00","message":" - Headers :\r\nDate:Wed, 23 Apr 2025 09:08:27 GMT\nConnection:keep-alive\nAccess-Control-Allow-Origin:*\nAccess-Control-Allow-Credentials:true\n"}
{"level":"info","time":"2025-04-23T11:08:27+02:00","message":" - DoPost Result :: Status code: 200"}
{"level":"info","time":"2025-04-23T11:08:27+02:00","message":" - Headers :\r\nConnection:keep-alive\nAccess-Control-Allow-Origin:*\nAccess-Control-Allow-Credentials:true\nDate:Wed, 23 Apr 2025 09:08:27 GMT\n"}
{"level":"info","time":"2025-04-23T11:08:27+02:00","message":" - [23] - GET Result :: Status code: 200"}
{"level":"info","time":"2025-04-23T11:08:28+02:00","message":" - Headers :\r\nDate:Wed, 23 Apr 2025 09:08:28 GMT\nConnection:keep-alive\nAccess-Control-Allow-Origin:*\nAccess-Control-Allow-Credentials:true\n"}
{"level":"info","time":"2025-04-23T11:08:28+02:00","message":" - [24] - GET Result :: Status code: 200"}
{"level":"info","time":"2025-04-23T11:08:30+02:00","message":" - DoPost Result :: Status code: 200"}
{"level":"info","time":"2025-04-23T11:08:30+02:00","message":" - Headers :\r\nAccess-Control-Allow-Credentials:true\nDate:Wed, 23 Apr 2025 09:08:30 GMT\nConnection:keep-alive\nAccess-Control-Allow-Origin:*\n"}
{"level":"info","time":"2025-04-23T11:08:33+02:00","message":" - Headers :\r\nAccess-Control-Allow-Credentials:true\nDate:Wed, 23 Apr 2025 09:08:33 GMT\nConnection:keep-alive\nAccess-Control-Allow-Origin:*\n"}
{"level":"info","time":"2025-04-23T11:08:33+02:00","message":" - [25] - GET Result :: Status code: 200"}
{"level":"info","time":"2025-04-23T11:08:33+02:00","message":" - DoPost Result :: Status code: 200"}
{"level":"info","time":"2025-04-23T11:08:33+02:00","message":" - Headers :\r\nDate:Wed, 23 Apr 2025 09:08:33 GMT\nConnection:keep-alive\nAccess-Control-Allow-Origin:*\nAccess-Control-Allow-Credentials:true\n"}
{"level":"info","time":"2025-04-23T11:08:34+02:00","message":" - DoPost Result :: Status code: 200"}
{"level":"info","time":"2025-04-23T11:08:34+02:00","message":" - Headers :\r\nDate:Wed, 23 Apr 2025 09:08:34 GMT\nConnection:keep-alive\nAccess-Control-Allow-Origin:*\nAccess-Control-Allow-Credentials:true\n"}
{"level":"info","time":"2025-04-23T11:08:35+02:00","message":" - [26] - GET Result :: Status code: 200"}
{"level":"info","time":"2025-04-23T11:08:35+02:00","message":" - Headers :\r\nAccess-Control-Allow-Credentials:true\nDate:Wed, 23 Apr 2025 09:08:35 GMT\nConnection:keep-alive\nAccess-Control-Allow-Origin:*\n"}
{"level":"info","time":"2025-04-23T11:08:37+02:00","message":" - Headers :\r\nAccess-Control-Allow-Credentials:true\nDate:Wed, 23 Apr 2025 09:08:37 GMT\nConnection:keep-alive\nAccess-Control-Allow-Origin:*\n"}
{"level":"info","time":"2025-04-23T11:08:37+02:00","message":" - [27] - GET Result :: Status code: 200"}
{"level":"info","time":"2025-04-23T11:08:38+02:00","message":" - Headers :\r\nAccess-Control-Allow-Credentials:true\nDate:Wed, 23 Apr 2025 09:08:38 GMT\nConnection:keep-alive\nAccess-Control-Allow-Origin:*\n"}
{"level":"info","time":"2025-04-23T11:08:38+02:00","message":" - DoPost Result :: Status code: 200"}
{"level":"info","time":"2025-04-23T11:08:40+02:00","message":" - [28] - GET Result :: Status code: 200"}
{"level":"info","time":"2025-04-23T11:08:40+02:00","message":" - Headers :\r\nDate:Wed, 23 Apr 2025 09:08:40 GMT\nConnection:keep-alive\nAccess-Control-Allow-Origin:*\nAccess-Control-Allow-Credentials:true\n"}
{"level":"info","time":"2025-04-23T11:08:41+02:00","message":" - DoPost Result :: Status code: 200"}
{"level":"info","time":"2025-04-23T11:08:41+02:00","message":" - Headers :\r\nDate:Wed, 23 Apr 2025 09:08:41 GMT\nConnection:keep-alive\nAccess-Control-Allow-Origin:*\nAccess-Control-Allow-Credentials:true\n"}
{"level":"info","time":"2025-04-23T11:08:43+02:00","message":" - [29] - GET Result :: Status code: 200"}
{"level":"info","time":"2025-04-23T11:08:43+02:00","message":" - Headers :\r\nDate:Wed, 23 Apr 2025 09:08:43 GMT\nConnection:keep-alive\nAccess-Control-Allow-Origin:*\nAccess-Control-Allow-Credentials:true\n"}
{"level":"info","time":"2025-04-23T11:08:43+02:00","message":" - DoPost Result :: Status code: 200"}
{"level":"info","time":"2025-04-23T11:08:43+02:00","message":" - Headers :\r\nDate:Wed, 23 Apr 2025 09:08:43 GMT\nConnection:keep-alive\nAccess-Control-Allow-Origin:*\nAccess-Control-Allow-Credentials:true\n"}
{"level":"info","time":"2025-04-23T11:08:46+02:00","message":" - DoPost Result :: Status code: 200"}
{"level":"info","time":"2025-04-23T11:08:46+02:00","message":" - Headers :\r\nDate:Wed, 23 Apr 2025 09:08:46 GMT\nConnection:keep-alive\nAccess-Control-Allow-Origin:*\nAccess-Control-Allow-Credentials:true\n"}
{"level":"info","time":"2025-04-23T11:08:47+02:00","message":" - [30] - GET Result :: Status code: 200"}
{"level":"info","time":"2025-04-23T11:08:47+02:00","message":" - Headers :\r\nAccess-Control-Allow-Origin:*\nAccess-Control-Allow-Credentials:true\nDate:Wed, 23 Apr 2025 09:08:47 GMT\nConnection:keep-alive\n"}
{"level":"info","time":"2025-04-23T11:08:49+02:00","message":" - [31] - GET Result :: Status code: 200"}
{"level":"info","time":"2025-04-23T11:08:49+02:00","message":" - Headers :\r\nDate:Wed, 23 Apr 2025 09:08:49 GMT\nConnection:keep-alive\nAccess-Control-Allow-Origin:*\nAccess-Control-Allow-Credentials:true\n"}
{"level":"info","time":"2025-04-23T11:08:50+02:00","message":" - DoPost Result :: Status code: 200"}
{"level":"info","time":"2025-04-23T11:08:50+02:00","message":" - Headers :\r\nDate:Wed, 23 Apr 2025 09:08:50 GMT\nConnection:keep-alive\nAccess-Control-Allow-Origin:*\nAccess-Control-Allow-Credentials:true\n"}
{"level":"info","time":"2025-04-23T11:08:53+02:00","message":" - Headers :\r\nDate:Wed, 23 Apr 2025 09:08:53 GMT\nConnection:keep-alive\nAccess-Control-Allow-Origin:*\nAccess-Control-Allow-Credentials:true\n"}
{"level":"info","time":"2025-04-23T11:08:53+02:00","message":" - DoPost Result :: Status code: 200"}
{"level":"info","time":"2025-04-23T11:08:54+02:00","message":" - [32] - GET Result :: Status code: 200"}
{"level":"info","time":"2025-04-23T11:08:54+02:00","message":" - Headers :\r\nAccess-Control-Allow-Origin:*\nAccess-Control-Allow-Credentials:true\nDate:Wed, 23 Apr 2025 09:08:54 GMT\nConnection:keep-alive\n"}
{"level":"info","time":"2025-04-23T11:08:55+02:00","message":" - [33] - GET Result :: Status code: 200"}
{"level":"info","time":"2025-04-23T11:08:55+02:00","message":" - Headers :\r\nAccess-Control-Allow-Origin:*\nAccess-Control-Allow-Credentials:true\nDate:Wed, 23 Apr 2025 09:08:55 GMT\nConnection:keep-alive\n"}
{"level":"info","time":"2025-04-23T11:08:55+02:00","message":" - Headers :\r\nDate:Wed, 23 Apr 2025 09:08:55 GMT\nConnection:keep-alive\nAccess-Control-Allow-Origin:*\nAccess-Control-Allow-Credentials:true\n"}
{"level":"info","time":"2025-04-23T11:08:55+02:00","message":" - DoPost Result :: Status code: 200"}
{"level":"info","time":"2025-04-23T11:08:58+02:00","message":" - Headers :\r\nAccess-Control-Allow-Origin:*\nAccess-Control-Allow-Credentials:true\nDate:Wed, 23 Apr 2025 09:08:58 GMT\nConnection:keep-alive\n"}
{"level":"info","time":"2025-04-23T11:08:58+02:00","message":" - [34] - GET Result :: Status code: 200"}
{"level":"info","time":"2025-04-23T11:08:58+02:00","message":" - Headers :\r\nDate:Wed, 23 Apr 2025 09:08:58 GMT\nConnection:keep-alive\nAccess-Control-Allow-Origin:*\nAccess-Control-Allow-Credentials:true\n"}
{"level":"info","time":"2025-04-23T11:08:58+02:00","message":" - DoPost Result :: Status code: 200"}
{"level":"info","time":"2025-04-23T11:09:01+02:00","message":" - [35] - GET Result :: Status code: 200"}
{"level":"info","time":"2025-04-23T11:09:01+02:00","message":" - Headers :\r\nAccess-Control-Allow-Credentials:true\nDate:Wed, 23 Apr 2025 09:09:01 GMT\nConnection:keep-alive\nAccess-Control-Allow-Origin:*\n"}
{"level":"info","time":"2025-04-23T11:09:01+02:00","message":" - DoPost Result :: Status code: 200"}
{"level":"info","time":"2025-04-23T11:09:01+02:00","message":" - Headers :\r\nDate:Wed, 23 Apr 2025 09:09:01 GMT\nConnection:keep-alive\nAccess-Control-Allow-Origin:*\nAccess-Control-Allow-Credentials:true\n"}
{"level":"info","time":"2025-04-23T11:09:04+02:00","message":" - [36] - GET Result :: Status code: 200"}
{"level":"info","time":"2025-04-23T11:09:04+02:00","message":" - Headers :\r\nDate:Wed, 23 Apr 2025 09:09:04 GMT\nConnection:keep-alive\nAccess-Control-Allow-Origin:*\nAccess-Control-Allow-Credentials:true\n"}
{"level":"info","time":"2025-04-23T11:09:04+02:00","message":" - Headers :\r\nDate:Wed, 23 Apr 2025 09:09:04 GMT\nConnection:keep-alive\nAccess-Control-Allow-Origin:*\nAccess-Control-Allow-Credentials:true\n"}
{"level":"info","time":"2025-04-23T11:09:04+02:00","message":" - DoPost Result :: Status code: 200"}
{"level":"info","time":"2025-04-23T11:13:54+02:00","message":"Logger Initialized & Started"}
{"level":"info","time":"2025-04-23T11:13:54+02:00","message":"logger instance created with file /media/ajith/work/dev/go/Git_Lab2/agnione//log/AgniOne_demo_http.log"}
{"level":"info","time":"2025-04-23T11:13:54+02:00","message":"Application AgniOne Demo Application - 1.0.0.0 loaded"}
{"level":"info","time":"2025-04-23T11:13:54+02:00","message":"Found 1 pool setting for appunit Http_demo"}
{"level":"info","time":"2025-04-23T11:13:55+02:00","message":"Loading the 0 appunit of pool [1] of Http_demo"}
{"level":"info","time":"2025-04-23T11:13:55+02:00","message":"Loaded & started 1 pool of appunits"}
{"level":"info","time":"2025-04-23T11:13:55+02:00","message":" - Starting ....."}
{"level":"info","time":"2025-04-23T11:13:55+02:00","message":"Started ------ (0) of [1] - Http_demo successfully"}
{"level":"info","time":"2025-04-23T11:13:55+02:00","message":"Starting (0) of [1] - Http_demo.............\nAppunit info -> "}
{"level":"info","time":"2025-04-23T11:13:55+02:00","message":" - Starting the ........... DONE"}
{"level":"info","time":"2025-04-23T11:13:55+02:00","message":"Started\t1 out of 1 pool of appunit Http_demo\n"}
{"level":"info","time":"2025-04-23T11:13:55+02:00","message":"starting the DoGet routine"}
{"level":"info","time":"2025-04-23T11:13:56+02:00","message":"starting HTTP monitoring ......"}
{"level":"info","time":"2025-04-23T11:13:56+02:00","message":"HTTP monitoring started on 0.0.0.0:8080"}
{"level":"info","time":"2025-04-23T11:13:58+02:00","message":"broadcasting status via SSE started"}
{"level":"info","time":"2025-04-23T11:13:59+02:00","message":" - [0] - GET Result :: Status code: 200"}
{"level":"info","time":"2025-04-23T11:13:59+02:00","message":" - Headers :\r\nDate:Wed, 23 Apr 2025 09:13:58 GMT\nConnection:keep-alive\nAccess-Control-Allow-Origin:*\nAccess-Control-Allow-Credentials:true\n"}
{"level":"info","time":"2025-04-23T11:13:59+02:00","message":" - Headers :\r\nDate:Wed, 23 Apr 2025 09:13:59 GMT\nConnection:keep-alive\nAccess-Control-Allow-Origin:*\nAccess-Control-Allow-Credentials:true\n"}
{"level":"info","time":"2025-04-23T11:13:59+02:00","message":" - DoPost Result :: Status code: 200"}
{"level":"info","time":"2025-04-23T11:14:01+02:00","message":" - DoPost Result :: Status code: 200"}
{"level":"info","time":"2025-04-23T11:14:01+02:00","message":" - Headers :\r\nDate:Wed, 23 Apr 2025 09:14:01 GMT\nConnection:keep-alive\nAccess-Control-Allow-Origin:*\nAccess-Control-Allow-Credentials:true\n"}
{"level":"info","time":"2025-04-23T11:14:01+02:00","message":" - [1] - GET Result :: Status code: 200"}
{"level":"info","time":"2025-04-23T11:14:01+02:00","message":" - Headers :\r\nConnection:keep-alive\nAccess-Control-Allow-Origin:*\nAccess-Control-Allow-Credentials:true\nDate:Wed, 23 Apr 2025 09:14:01 GMT\n"}
{"level":"info","time":"2025-04-23T11:14:30+02:00","message":" - [2] - GET Result :: Status code: 200"}
{"level":"info","time":"2025-04-23T11:14:31+02:00","message":" - DoPost Result :: Status code: 200"}
{"level":"info","time":"2025-04-23T11:14:37+02:00","message":" - Headers :\r\nDate:Wed, 23 Apr 2025 09:14:14 GMT\nConnection:keep-alive\nAccess-Control-Allow-Origin:*\nAccess-Control-Allow-Credentials:true\n"}
{"level":"info","time":"2025-04-23T11:14:37+02:00","message":" - Headers :\r\nConnection:keep-alive\nAccess-Control-Allow-Origin:*\nAccess-Control-Allow-Credentials:true\nDate:Wed, 23 Apr 2025 09:14:09 GMT\n"}
{"level":"info","time":"2025-04-23T11:14:37+02:00","message":" - [3] - GET Result :: Status code: 200"}
{"level":"info","time":"2025-04-23T11:14:37+02:00","message":" - Headers :\r\nDate:Wed, 23 Apr 2025 09:14:32 GMT\nConnection:keep-alive\nAccess-Control-Allow-Origin:*\nAccess-Control-Allow-Credentials:true\n"}
{"level":"info","time":"2025-04-23T11:14:46+02:00","message":" - [4] - GET Result :: Status code: 200"}
{"level":"info","time":"2025-04-23T11:14:46+02:00","message":" - Headers :\r\nDate:Wed, 23 Apr 2025 09:14:37 GMT\nConnection:keep-alive\nAccess-Control-Allow-Origin:*\nAccess-Control-Allow-Credentials:true\n"}
{"level":"error","time":"2025-04-23T11:14:46+02:00","message":" - DoPost Failed to load fetch the request -request failed: error when dialing 34.238.6.191:443: dialing to the given TCP address timed out"}
{"level":"info","time":"2025-04-23T11:15:11+02:00","message":" - [5] - GET Result :: Status code: 200"}
{"level":"info","time":"2025-04-23T11:15:11+02:00","message":" - Headers :\r\nConnection:keep-alive\nAccess-Control-Allow-Origin:*\nAccess-Control-Allow-Credentials:true\nDate:Wed, 23 Apr 2025 09:14:46 GMT\n"}
{"level":"info","time":"2025-04-23T11:27:35+02:00","message":"Logger Initialized & Started"}
{"level":"info","time":"2025-04-23T11:27:35+02:00","message":"logger instance created with file /media/ajith/work/dev/go/Git_Lab2/agnione//log/AgniOne_demo_http.log"}
{"level":"info","time":"2025-04-23T11:27:35+02:00","message":"Application AgniOne Demo Application - 1.0.0.0 loaded"}
{"level":"info","time":"2025-04-23T11:27:35+02:00","message":"Found 1 pool setting for appunit Http_demo"}
{"level":"info","time":"2025-04-23T11:27:35+02:00","message":"Loading the 0 appunit of pool [1] of Http_demo"}
{"level":"info","time":"2025-04-23T11:27:35+02:00","message":"Starting (0) of [1] - Http_demo.............\nAppunit info -> "}
{"level":"info","time":"2025-04-23T11:27:35+02:00","message":" - Starting ....."}
{"level":"info","time":"2025-04-23T11:27:35+02:00","message":"Loaded & started 1 pool of appunits"}
{"level":"info","time":"2025-04-23T11:27:35+02:00","message":"Started\t1 out of 1 pool of appunit Http_demo\n"}
{"level":"info","time":"2025-04-23T11:27:35+02:00","message":"Started ------ (0) of [1] - Http_demo successfully"}
{"level":"info","time":"2025-04-23T11:27:35+02:00","message":" - Starting the ........... DONE"}
{"level":"info","time":"2025-04-23T11:27:35+02:00","message":"starting the DoGet routine"}
{"level":"info","time":"2025-04-23T11:27:36+02:00","message":"starting HTTP monitoring ......"}
{"level":"info","time":"2025-04-23T11:27:36+02:00","message":"HTTP monitoring started on 0.0.0.0:8080"}
{"level":"info","time":"2025-04-23T11:27:38+02:00","message":"broadcasting status via SSE started"}
{"level":"info","time":"2025-04-23T11:27:41+02:00","message":" - DoPost Result :: Status code: 200"}
{"level":"info","time":"2025-04-23T11:27:41+02:00","message":" - Headers :\r\nDate:Wed, 23 Apr 2025 09:27:40 GMT\nConnection:keep-alive\nAccess-Control-Allow-Origin:*\nAccess-Control-Allow-Credentials:true\n"}
{"level":"info","time":"2025-04-23T11:41:28+02:00","message":"Logger Initialized & Started"}
{"level":"info","time":"2025-04-23T11:41:28+02:00","message":"logger instance created with file /media/ajith/work/dev/go/Git_Lab2/agnione//log/AgniOne_demo_http.log"}
{"level":"info","time":"2025-04-23T11:41:28+02:00","message":"Found 1 pool setting for appunit Http_demo"}
{"level":"info","time":"2025-04-23T11:41:28+02:00","message":"Application AgniOne Demo Application - 1.0.0.0 loaded"}
{"level":"info","time":"2025-04-23T11:41:28+02:00","message":"Loading the 0 appunit of pool [1] of Http_demo"}
{"level":"info","time":"2025-04-23T11:41:28+02:00","message":" - Starting ....."}
{"level":"info","time":"2025-04-23T11:41:28+02:00","message":"Starting (0) of [1] - Http_demo.............\nAppunit info -> "}
{"level":"info","time":"2025-04-23T11:41:28+02:00","message":" - Starting the ........... DONE"}
{"level":"info","time":"2025-04-23T11:41:28+02:00","message":"Loaded & started 1 pool of appunits"}
{"level":"info","time":"2025-04-23T11:41:28+02:00","message":"Started ------ (0) of [1] - Http_demo successfully"}
{"level":"info","time":"2025-04-23T11:41:28+02:00","message":"Started\t1 out of 1 pool of appunit Http_demo\n"}
{"level":"info","time":"2025-04-23T11:41:28+02:00","message":"starting the DoGet routine"}
{"level":"info","time":"2025-04-23T11:41:29+02:00","message":"starting HTTP monitoring ......"}
{"level":"info","time":"2025-04-23T11:41:29+02:00","message":"HTTP monitoring started on 0.0.0.0:8080"}
{"level":"info","time":"2025-04-23T11:41:31+02:00","message":"broadcasting status via SSE started"}
{"level":"info","time":"2025-04-23T11:41:32+02:00","message":" - [0] - GET Result :: Status code: 200"}
{"level":"info","time":"2025-04-23T11:41:32+02:00","message":" - Headers :\r\nAccess-Control-Allow-Origin:*\nAccess-Control-Allow-Credentials:true\nDate:Wed, 23 Apr 2025 09:41:32 GMT\nConnection:keep-alive\n"}
{"level":"info","time":"2025-04-23T11:41:33+02:00","message":" - DoPost Result :: Status code: 200"}
{"level":"info","time":"2025-04-23T11:41:33+02:00","message":" - Headers :\r\nConnection:keep-alive\nAccess-Control-Allow-Origin:*\nAccess-Control-Allow-Credentials:true\nDate:Wed, 23 Apr 2025 09:41:33 GMT\n"}
{"level":"info","time":"2025-04-23T11:41:34+02:00","message":" - DoPost Result :: Status code: 200"}
{"level":"info","time":"2025-04-23T11:41:34+02:00","message":" - Headers :\r\nDate:Wed, 23 Apr 2025 09:41:34 GMT\nConnection:keep-alive\nAccess-Control-Allow-Origin:*\nAccess-Control-Allow-Credentials:true\n"}
{"level":"info","time":"2025-04-23T11:41:34+02:00","message":" - Headers :\r\nAccess-Control-Allow-Credentials:true\nDate:Wed, 23 Apr 2025 09:41:34 GMT\nConnection:keep-alive\nAccess-Control-Allow-Origin:*\n"}
{"level":"info","time":"2025-04-23T11:41:34+02:00","message":" - [1] - GET Result :: Status code: 200"}
{"level":"info","time":"2025-04-23T11:41:45+02:00","message":" - [2] - GET Result :: Status code: 200"}
{"level":"info","time":"2025-04-23T11:41:45+02:00","message":" - Headers :\r\nDate:Wed, 23 Apr 2025 09:41:38 GMT\nConnection:keep-alive\nAccess-Control-Allow-Origin:*\nAccess-Control-Allow-Credentials:true\n"}
{"level":"error","time":"2025-04-23T11:41:45+02:00","message":"Failed to parse embeded log_client.html. template: pattern matches no files: `src/monitor/http/ui/log_client.html`"}
{"level":"info","time":"2025-04-23T11:41:45+02:00","message":" - DoPost Result :: Status code: 200"}
{"level":"info","time":"2025-04-23T11:41:45+02:00","message":" - Headers :\r\nDate:Wed, 23 Apr 2025 09:41:38 GMT\nConnection:keep-alive\nAccess-Control-Allow-Origin:*\nAccess-Control-Allow-Credentials:true\n"}
{"level":"info","time":"2025-04-23T11:41:45+02:00","message":" - DoPost Result :: Status code: 200"}
{"level":"info","time":"2025-04-23T11:41:45+02:00","message":" - Headers :\r\nDate:Wed, 23 Apr 2025 09:41:45 GMT\nConnection:keep-alive\nAccess-Control-Allow-Origin:*\nAccess-Control-Allow-Credentials:true\n"}
{"level":"info","time":"2025-04-23T11:41:45+02:00","message":" - [3] - GET Result :: Status code: 200"}
{"level":"info","time":"2025-04-23T11:41:45+02:00","message":" - Headers :\r\nDate:Wed, 23 Apr 2025 09:41:45 GMT\nConnection:keep-alive\nAccess-Control-Allow-Origin:*\nAccess-Control-Allow-Credentials:true\n"}
{"level":"info","time":"2025-04-23T11:41:46+02:00","message":" - [4] - GET Result :: Status code: 200"}
{"level":"info","time":"2025-04-23T11:41:46+02:00","message":" - Headers :\r\nDate:Wed, 23 Apr 2025 09:41:46 GMT\nConnection:keep-alive\nAccess-Control-Allow-Origin:*\nAccess-Control-Allow-Credentials:true\n"}
{"level":"info","time":"2025-04-23T11:41:47+02:00","message":" - DoPost Result :: Status code: 200"}
{"level":"info","time":"2025-04-23T11:41:47+02:00","message":" - Headers :\r\nDate:Wed, 23 Apr 2025 09:41:47 GMT\nConnection:keep-alive\nAccess-Control-Allow-Origin:*\nAccess-Control-Allow-Credentials:true\n"}
{"level":"info","time":"2025-04-23T11:46:15+02:00","message":"Logger Initialized & Started"}
{"level":"info","time":"2025-04-23T11:46:15+02:00","message":"Application AgniOne Demo Application - 1.0.0.0 loaded"}
{"level":"info","time":"2025-04-23T11:46:15+02:00","message":"Found 1 pool setting for appunit Http_demo"}
{"level":"info","time":"2025-04-23T11:46:15+02:00","message":"logger instance created with file /media/ajith/work/dev/go/Git_Lab2/agnione//log/AgniOne_demo_http.log"}
{"level":"info","time":"2025-04-23T11:46:15+02:00","message":"Loading the 0 appunit of pool [1] of Http_demo"}
{"level":"info","time":"2025-04-23T11:46:15+02:00","message":"Starting (0) of [1] - Http_demo.............\nAppunit info -> "}
{"level":"info","time":"2025-04-23T11:46:15+02:00","message":" - Starting ....."}
{"level":"info","time":"2025-04-23T11:46:15+02:00","message":"Loaded & started 1 pool of appunits"}
{"level":"info","time":"2025-04-23T11:46:15+02:00","message":" - Starting the ........... DONE"}
{"level":"info","time":"2025-04-23T11:46:15+02:00","message":"Started ------ (0) of [1] - Http_demo successfully"}
{"level":"info","time":"2025-04-23T11:46:15+02:00","message":"Started\t1 out of 1 pool of appunit Http_demo\n"}
{"level":"info","time":"2025-04-23T11:46:15+02:00","message":"starting the DoGet routine"}
{"level":"info","time":"2025-04-23T11:46:16+02:00","message":"starting HTTP monitoring ......"}
{"level":"error","time":"2025-04-23T11:46:23+02:00","message":" - DoPost Failed to load fetch the request -request failed: lookup httpbin.org: i/o timeout"}
{"level":"error","time":"2025-04-23T11:46:29+02:00","message":" - Failed to load fetch the request - request failed: lookup httpbin.org: i/o timeout"}
{"level":"info","time":"2025-04-23T11:49:51+02:00","message":"Logger Initialized & Started"}
{"level":"info","time":"2025-04-23T11:49:51+02:00","message":"Application AgniOne Demo Application - 1.0.0.0 loaded"}
{"level":"info","time":"2025-04-23T11:49:51+02:00","message":"logger instance created with file /media/ajith/work/dev/go/Git_Lab2/agnione//log/AgniOne_demo_http.log"}
{"level":"info","time":"2025-04-23T11:49:51+02:00","message":"Found 1 pool setting for appunit Http_demo"}
{"level":"info","time":"2025-04-23T11:49:52+02:00","message":"Loading the 0 appunit of pool [1] of Http_demo"}
{"level":"info","time":"2025-04-23T11:49:52+02:00","message":"Loaded & started 1 pool of appunits"}
{"level":"info","time":"2025-04-23T11:49:52+02:00","message":"Starting (0) of [1] - Http_demo.............\nAppunit info -> "}
{"level":"info","time":"2025-04-23T11:49:52+02:00","message":" - Starting ....."}
{"level":"info","time":"2025-04-23T11:49:52+02:00","message":"Started\t1 out of 1 pool of appunit Http_demo\n"}
{"level":"info","time":"2025-04-23T11:49:52+02:00","message":" - Starting the ........... DONE"}
{"level":"info","time":"2025-04-23T11:49:52+02:00","message":"starting the DoGet routine"}
{"level":"info","time":"2025-04-23T11:49:52+02:00","message":"Started ------ (0) of [1] - Http_demo successfully"}
{"level":"info","time":"2025-04-23T11:49:53+02:00","message":"starting HTTP monitoring ......"}
{"level":"info","time":"2025-04-23T11:51:12+02:00","message":"Logger Initialized & Started"}
{"level":"info","time":"2025-04-23T11:51:12+02:00","message":"logger instance created with file /media/ajith/work/dev/go/Git_Lab2/agnione//log/AgniOne_demo_http.log"}
{"level":"info","time":"2025-04-23T11:51:12+02:00","message":"Found 1 pool setting for appunit Http_demo"}
{"level":"info","time":"2025-04-23T11:51:12+02:00","message":"Application AgniOne Demo Application - 1.0.0.0 loaded"}
{"level":"info","time":"2025-04-23T11:51:12+02:00","message":"Loading the 0 appunit of pool [1] of Http_demo"}
{"level":"info","time":"2025-04-23T11:51:12+02:00","message":"Loaded & started 1 pool of appunits"}
{"level":"info","time":"2025-04-23T11:51:12+02:00","message":"Starting (0) of [1] - Http_demo.............\nAppunit info -> "}
{"level":"info","time":"2025-04-23T11:51:12+02:00","message":" - Starting ....."}
{"level":"info","time":"2025-04-23T11:51:12+02:00","message":" - Starting the ........... DONE"}
{"level":"info","time":"2025-04-23T11:51:12+02:00","message":"starting the DoGet routine"}
{"level":"info","time":"2025-04-23T11:51:12+02:00","message":"Started ------ (0) of [1] - Http_demo successfully"}
{"level":"info","time":"2025-04-23T11:51:12+02:00","message":"Started\t1 out of 1 pool of appunit Http_demo\n"}
{"level":"info","time":"2025-04-23T11:51:13+02:00","message":"starting HTTP monitoring ......"}
{"level":"info","time":"2025-04-23T11:52:13+02:00","message":"Logger Initialized & Started"}
{"level":"info","time":"2025-04-23T11:52:13+02:00","message":"logger instance created with file /media/ajith/work/dev/go/Git_Lab2/agnione//log/AgniOne_demo_http.log"}
{"level":"info","time":"2025-04-23T11:52:13+02:00","message":"Found 1 pool setting for appunit Http_demo"}
{"level":"info","time":"2025-04-23T11:52:13+02:00","message":"Application AgniOne Demo Application - 1.0.0.0 loaded"}
{"level":"info","time":"2025-04-23T11:52:13+02:00","message":"Loaded & started 1 pool of appunits"}
{"level":"info","time":"2025-04-23T11:52:13+02:00","message":"Starting (0) of [1] - Http_demo.............\nAppunit info -> "}
{"level":"info","time":"2025-04-23T11:52:13+02:00","message":" - Starting ....."}
{"level":"info","time":"2025-04-23T11:52:13+02:00","message":"Loading the 0 appunit of pool [1] of Http_demo"}
{"level":"info","time":"2025-04-23T11:52:13+02:00","message":"starting the DoGet routine"}
{"level":"info","time":"2025-04-23T11:52:13+02:00","message":"Started ------ (0) of [1] - Http_demo successfully"}
{"level":"info","time":"2025-04-23T11:52:13+02:00","message":" - Starting the ........... DONE"}
{"level":"info","time":"2025-04-23T11:52:13+02:00","message":"Started\t1 out of 1 pool of appunit Http_demo\n"}
{"level":"info","time":"2025-04-23T11:52:14+02:00","message":"starting HTTP monitoring ......"}
{"level":"info","time":"2025-04-23T11:53:33+02:00","message":"Logger Initialized & Started"}
{"level":"info","time":"2025-04-23T11:53:33+02:00","message":"logger instance created with file /media/ajith/work/dev/go/Git_Lab2/agnione//log/AgniOne_demo_http.log"}
{"level":"info","time":"2025-04-23T11:53:33+02:00","message":"Application AgniOne Demo Application - 1.0.0.0 loaded"}
{"level":"info","time":"2025-04-23T11:53:33+02:00","message":"Found 1 pool setting for appunit Http_demo"}
{"level":"info","time":"2025-04-23T11:53:34+02:00","message":"Loaded & started 1 pool of appunits"}
{"level":"info","time":"2025-04-23T11:53:34+02:00","message":"Loading the 0 appunit of pool [1] of Http_demo"}
{"level":"info","time":"2025-04-23T11:53:34+02:00","message":" - Starting ....."}
{"level":"info","time":"2025-04-23T11:53:34+02:00","message":"Starting (0) of [1] - Http_demo.............\nAppunit info -> "}
{"level":"info","time":"2025-04-23T11:53:34+02:00","message":"Started ------ (0) of [1] - Http_demo successfully"}
{"level":"info","time":"2025-04-23T11:53:34+02:00","message":"Started\t1 out of 1 pool of appunit Http_demo\n"}
{"level":"info","time":"2025-04-23T11:53:34+02:00","message":" - Starting the ........... DONE"}
{"level":"info","time":"2025-04-23T11:53:34+02:00","message":"starting the DoGet routine"}
{"level":"info","time":"2025-04-23T11:53:35+02:00","message":"starting HTTP monitoring ......"}
{"level":"info","time":"2025-04-23T11:55:41+02:00","message":"Logger Initialized & Started"}
{"level":"info","time":"2025-04-23T11:55:41+02:00","message":"logger instance created with file /media/ajith/work/dev/go/Git_Lab2/agnione//log/AgniOne_demo_http.log"}
{"level":"info","time":"2025-04-23T11:55:41+02:00","message":"Application AgniOne Demo Application - 1.0.0.0 loaded"}
{"level":"info","time":"2025-04-23T11:55:41+02:00","message":"Found 1 pool setting for appunit Http_demo"}
{"level":"info","time":"2025-04-23T11:55:42+02:00","message":"Loading the 0 appunit of pool [1] of Http_demo"}
{"level":"info","time":"2025-04-23T11:55:42+02:00","message":"Loaded & started 1 pool of appunits"}
{"level":"info","time":"2025-04-23T11:55:42+02:00","message":"Starting (0) of [1] - Http_demo.............\nAppunit info -> "}
{"level":"info","time":"2025-04-23T11:55:42+02:00","message":" - Starting ....."}
{"level":"info","time":"2025-04-23T11:55:42+02:00","message":" - Starting the ........... DONE"}
{"level":"info","time":"2025-04-23T11:55:42+02:00","message":"Started\t1 out of 1 pool of appunit Http_demo\n"}
{"level":"info","time":"2025-04-23T11:55:42+02:00","message":"Started ------ (0) of [1] - Http_demo successfully"}
{"level":"info","time":"2025-04-23T11:55:42+02:00","message":"starting the DoGet routine"}
{"level":"info","time":"2025-04-23T11:55:43+02:00","message":"starting HTTP monitoring ......"}
{"level":"info","time":"2025-04-23T11:56:45+02:00","message":"Logger Initialized & Started"}
{"level":"info","time":"2025-04-23T11:56:45+02:00","message":"logger instance created with file /media/ajith/work/dev/go/Git_Lab2/agnione//log/AgniOne_demo_http.log"}
{"level":"info","time":"2025-04-23T11:56:45+02:00","message":"Application AgniOne Demo Application - 1.0.0.0 loaded"}
{"level":"info","time":"2025-04-23T11:56:45+02:00","message":"Found 1 pool setting for appunit Http_demo"}
{"level":"info","time":"2025-04-23T11:56:46+02:00","message":"Loading the 0 appunit of pool [1] of Http_demo"}
{"level":"info","time":"2025-04-23T11:56:46+02:00","message":"Loaded & started 1 pool of appunits"}
{"level":"info","time":"2025-04-23T11:56:46+02:00","message":"Starting (0) of [1] - Http_demo.............\nAppunit info -> "}
{"level":"info","time":"2025-04-23T11:56:46+02:00","message":" - Starting ....."}
{"level":"info","time":"2025-04-23T11:56:46+02:00","message":" - Starting the ........... DONE"}
{"level":"info","time":"2025-04-23T11:56:46+02:00","message":"Started\t1 out of 1 pool of appunit Http_demo\n"}
{"level":"info","time":"2025-04-23T11:56:46+02:00","message":"Started ------ (0) of [1] - Http_demo successfully"}
{"level":"info","time":"2025-04-23T11:56:46+02:00","message":"starting the DoGet routine"}
{"level":"info","time":"2025-04-23T11:56:47+02:00","message":"starting HTTP monitoring ......"}
{"level":"info","time":"2025-04-23T11:59:06+02:00","message":"Logger Initialized & Started"}
{"level":"info","time":"2025-04-23T11:59:06+02:00","message":"logger instance created with file /media/ajith/work/dev/go/Git_Lab2/agnione//log/AgniOne_demo_http.log"}
{"level":"info","time":"2025-04-23T11:59:06+02:00","message":"Application AgniOne Demo Application - 1.0.0.0 loaded"}
{"level":"info","time":"2025-04-23T11:59:06+02:00","message":"Found 1 pool setting for appunit Http_demo"}
{"level":"info","time":"2025-04-23T11:59:06+02:00","message":"Loading the 0 appunit of pool [1] of Http_demo"}
{"level":"info","time":"2025-04-23T11:59:06+02:00","message":"Starting (0) of [1] - Http_demo.............\nAppunit info -> "}
{"level":"info","time":"2025-04-23T11:59:06+02:00","message":" - Starting ....."}
{"level":"info","time":"2025-04-23T11:59:06+02:00","message":"Loaded & started 1 pool of appunits"}
{"level":"info","time":"2025-04-23T11:59:06+02:00","message":" - Starting the ........... DONE"}
{"level":"info","time":"2025-04-23T11:59:06+02:00","message":"Started ------ (0) of [1] - Http_demo successfully"}
{"level":"info","time":"2025-04-23T11:59:06+02:00","message":"Started\t1 out of 1 pool of appunit Http_demo\n"}
{"level":"info","time":"2025-04-23T11:59:06+02:00","message":"starting the DoGet routine"}
{"level":"info","time":"2025-04-23T11:59:07+02:00","message":"starting HTTP monitoring ......"}
{"level":"info","time":"2025-04-23T11:59:07+02:00","message":"HTTP monitoring started on 0.0.0.0:8080"}
{"level":"info","time":"2025-04-23T11:59:09+02:00","message":"broadcasting status via SSE started"}
{"level":"info","time":"2025-04-23T11:59:10+02:00","message":" - DoPost Result :: Status code: 200"}
{"level":"info","time":"2025-04-23T11:59:10+02:00","message":" - Headers :\r\nDate:Wed, 23 Apr 2025 09:59:10 GMT\nConnection:keep-alive\nAccess-Control-Allow-Origin:*\nAccess-Control-Allow-Credentials:true\n"}
{"level":"info","time":"2025-04-23T11:59:10+02:00","message":" - [0] - GET Result :: Status code: 200"}
{"level":"info","time":"2025-04-23T11:59:10+02:00","message":" - Headers :\r\nConnection:keep-alive\nAccess-Control-Allow-Origin:*\nAccess-Control-Allow-Credentials:true\nDate:Wed, 23 Apr 2025 09:59:10 GMT\n"}
{"level":"info","time":"2025-04-23T11:59:12+02:00","message":" - [1] - GET Result :: Status code: 200"}
{"level":"info","time":"2025-04-23T11:59:12+02:00","message":" - Headers :\r\nAccess-Control-Allow-Credentials:true\nDate:Wed, 23 Apr 2025 09:59:12 GMT\nConnection:keep-alive\nAccess-Control-Allow-Origin:*\n"}
{"level":"info","time":"2025-04-23T11:59:13+02:00","message":" - Headers :\r\nDate:Wed, 23 Apr 2025 09:59:13 GMT\nConnection:keep-alive\nAccess-Control-Allow-Origin:*\nAccess-Control-Allow-Credentials:true\n"}
{"level":"info","time":"2025-04-23T11:59:13+02:00","message":" - DoPost Result :: Status code: 200"}
{"level":"info","time":"2025-04-23T11:59:37+02:00","message":" - DoPost Result :: Status code: 200"}
{"level":"info","time":"2025-04-23T11:59:37+02:00","message":" - Headers :\r\nDate:Wed, 23 Apr 2025 09:59:37 GMT\nConnection:keep-alive\nAccess-Control-Allow-Origin:*\nAccess-Control-Allow-Credentials:true\n"}
{"level":"info","time":"2025-04-23T11:59:37+02:00","message":" - Headers :\r\nAccess-Control-Allow-Credentials:true\nDate:Wed, 23 Apr 2025 09:59:37 GMT\nConnection:keep-alive\nAccess-Control-Allow-Origin:*\n"}
{"level":"info","time":"2025-04-23T11:59:37+02:00","message":" - DoPost Result :: Status code: 200"}
{"level":"info","time":"2025-04-23T11:59:38+02:00","message":" - [2] - GET Result :: Status code: 200"}
{"level":"info","time":"2025-04-23T11:59:38+02:00","message":" - Headers :\r\nDate:Wed, 23 Apr 2025 09:59:37 GMT\nConnection:keep-alive\nAccess-Control-Allow-Origin:*\nAccess-Control-Allow-Credentials:true\n"}
{"level":"info","time":"2025-04-23T11:59:38+02:00","message":" - [3] - GET Result :: Status code: 200"}
{"level":"info","time":"2025-04-23T11:59:38+02:00","message":" - Headers :\r\nDate:Wed, 23 Apr 2025 09:59:38 GMT\nConnection:keep-alive\nAccess-Control-Allow-Origin:*\nAccess-Control-Allow-Credentials:true\n"}
{"level":"info","time":"2025-04-23T11:59:39+02:00","message":" - [4] - GET Result :: Status code: 200"}
{"level":"info","time":"2025-04-23T11:59:39+02:00","message":" - Headers :\r\nDate:Wed, 23 Apr 2025 09:59:39 GMT\nConnection:keep-alive\nAccess-Control-Allow-Origin:*\nAccess-Control-Allow-Credentials:true\n"}
{"level":"info","time":"2025-04-23T11:59:40+02:00","message":" - DoPost Result :: Status code: 200"}
{"level":"info","time":"2025-04-23T11:59:40+02:00","message":" - Headers :\r\nDate:Wed, 23 Apr 2025 09:59:40 GMT\nConnection:keep-alive\nAccess-Control-Allow-Origin:*\nAccess-Control-Allow-Credentials:true\n"}
{"level":"info","time":"2025-04-23T11:59:43+02:00","message":" - [5] - GET Result :: Status code: 200"}
{"level":"info","time":"2025-04-23T11:59:43+02:00","message":" - Headers :\r\nDate:Wed, 23 Apr 2025 09:59:43 GMT\nConnection:keep-alive\nAccess-Control-Allow-Origin:*\nAccess-Control-Allow-Credentials:true\n"}
{"level":"info","time":"2025-04-23T11:59:43+02:00","message":" - DoPost Result :: Status code: 200"}
{"level":"info","time":"2025-04-23T11:59:43+02:00","message":" - Headers :\r\nAccess-Control-Allow-Credentials:true\nDate:Wed, 23 Apr 2025 09:59:43 GMT\nConnection:keep-alive\nAccess-Control-Allow-Origin:*\n"}
{"level":"info","time":"2025-04-23T11:59:45+02:00","message":" - [6] - GET Result :: Status code: 200"}
{"level":"info","time":"2025-04-23T11:59:45+02:00","message":" - Headers :\r\nDate:Wed, 23 Apr 2025 09:59:45 GMT\nConnection:keep-alive\nAccess-Control-Allow-Origin:*\nAccess-Control-Allow-Credentials:true\n"}
{"level":"info","time":"2025-04-23T11:59:46+02:00","message":" - DoPost Result :: Status code: 200"}
{"level":"info","time":"2025-04-23T11:59:46+02:00","message":" - Headers :\r\nConnection:keep-alive\nAccess-Control-Allow-Origin:*\nAccess-Control-Allow-Credentials:true\nDate:Wed, 23 Apr 2025 09:59:46 GMT\n"}
{"level":"info","time":"2025-04-23T11:59:48+02:00","message":" - DoPost Result :: Status code: 200"}
{"level":"info","time":"2025-04-23T11:59:48+02:00","message":" - Headers :\r\nDate:Wed, 23 Apr 2025 09:59:48 GMT\nConnection:keep-alive\nAccess-Control-Allow-Origin:*\nAccess-Control-Allow-Credentials:true\n"}
{"level":"info","time":"2025-04-23T11:59:49+02:00","message":" - [7] - GET Result :: Status code: 200"}
{"level":"info","time":"2025-04-23T11:59:49+02:00","message":" - Headers :\r\nDate:Wed, 23 Apr 2025 09:59:49 GMT\nConnection:keep-alive\nAccess-Control-Allow-Origin:*\nAccess-Control-Allow-Credentials:true\n"}
{"level":"info","time":"2025-04-23T11:59:52+02:00","message":" - DoPost Result :: Status code: 200"}
{"level":"info","time":"2025-04-23T11:59:52+02:00","message":" - Headers :\r\nDate:Wed, 23 Apr 2025 09:59:52 GMT\nConnection:keep-alive\nAccess-Control-Allow-Origin:*\nAccess-Control-Allow-Credentials:true\n"}
{"level":"info","time":"2025-04-23T11:59:52+02:00","message":" - [8] - GET Result :: Status code: 200"}
{"level":"info","time":"2025-04-23T11:59:52+02:00","message":" - Headers :\r\nAccess-Control-Allow-Origin:*\nAccess-Control-Allow-Credentials:true\nDate:Wed, 23 Apr 2025 09:59:52 GMT\nConnection:keep-alive\n"}
{"level":"info","time":"2025-04-23T11:59:54+02:00","message":" - DoPost Result :: Status code: 200"}
{"level":"info","time":"2025-04-23T11:59:54+02:00","message":" - Headers :\r\nDate:Wed, 23 Apr 2025 09:59:54 GMT\nConnection:keep-alive\nAccess-Control-Allow-Origin:*\nAccess-Control-Allow-Credentials:true\n"}
{"level":"info","time":"2025-04-23T11:59:55+02:00","message":" - [9] - GET Result :: Status code: 200"}
{"level":"info","time":"2025-04-23T11:59:55+02:00","message":" - Headers :\r\nDate:Wed, 23 Apr 2025 09:59:55 GMT\nConnection:keep-alive\nAccess-Control-Allow-Origin:*\nAccess-Control-Allow-Credentials:true\n"}
{"level":"info","time":"2025-04-23T11:59:57+02:00","message":" - [10] - GET Result :: Status code: 200"}
{"level":"info","time":"2025-04-23T11:59:57+02:00","message":" - Headers :\r\nAccess-Control-Allow-Origin:*\nAccess-Control-Allow-Credentials:true\nDate:Wed, 23 Apr 2025 09:59:57 GMT\nConnection:keep-alive\n"}
{"level":"info","time":"2025-04-23T11:59:57+02:00","message":" - DoPost Result :: Status code: 200"}
{"level":"info","time":"2025-04-23T11:59:57+02:00","message":" - Headers :\r\nDate:Wed, 23 Apr 2025 09:59:57 GMT\nConnection:keep-alive\nAccess-Control-Allow-Origin:*\nAccess-Control-Allow-Credentials:true\n"}
{"level":"info","time":"2025-04-23T12:00:33+02:00","message":"Logger Initialized & Started"}
{"level":"info","time":"2025-04-23T12:00:33+02:00","message":"logger instance created with file /media/ajith/work/dev/go/Git_Lab2/agnione//log/AgniOne_demo_http.log"}
{"level":"info","time":"2025-04-23T12:00:33+02:00","message":"Application AgniOne Demo Application - 1.0.0.0 loaded"}
{"level":"info","time":"2025-04-23T12:00:33+02:00","message":"Found 1 pool setting for appunit Http_demo"}
{"level":"info","time":"2025-04-23T12:00:33+02:00","message":"Loading the 0 appunit of pool [1] of Http_demo"}
{"level":"info","time":"2025-04-23T12:00:33+02:00","message":"Starting (0) of [1] - Http_demo.............\nAppunit info -> "}
{"level":"info","time":"2025-04-23T12:00:33+02:00","message":"Loaded & started 1 pool of appunits"}
{"level":"info","time":"2025-04-23T12:00:33+02:00","message":" - Starting ....."}
{"level":"info","time":"2025-04-23T12:00:33+02:00","message":" - Starting the ........... DONE"}
{"level":"info","time":"2025-04-23T12:00:33+02:00","message":"Started\t1 out of 1 pool of appunit Http_demo\n"}
{"level":"info","time":"2025-04-23T12:00:33+02:00","message":"Started ------ (0) of [1] - Http_demo successfully"}
{"level":"info","time":"2025-04-23T12:00:33+02:00","message":"starting the DoGet routine"}
{"level":"info","time":"2025-04-23T12:00:34+02:00","message":"starting HTTP monitoring ......"}
{"level":"info","time":"2025-04-23T12:00:34+02:00","message":"HTTP monitoring started on 0.0.0.0:8080"}
{"level":"info","time":"2025-04-23T12:00:36+02:00","message":"broadcasting status via SSE started"}
{"level":"info","time":"2025-04-23T12:00:37+02:00","message":" - DoPost Result :: Status code: 200"}
{"level":"info","time":"2025-04-23T12:00:37+02:00","message":" - Headers :\r\nDate:Wed, 23 Apr 2025 10:00:37 GMT\nConnection:keep-alive\nAccess-Control-Allow-Origin:*\nAccess-Control-Allow-Credentials:true\n"}
{"level":"info","time":"2025-04-23T12:00:37+02:00","message":" - Headers :\r\nDate:Wed, 23 Apr 2025 10:00:37 GMT\nConnection:keep-alive\nAccess-Control-Allow-Origin:*\nAccess-Control-Allow-Credentials:true\n"}
{"level":"info","time":"2025-04-23T12:00:37+02:00","message":" - [0] - GET Result :: Status code: 200"}
{"level":"info","time":"2025-04-23T12:00:56+02:00","message":" - [1] - GET Result :: Status code: 200"}
{"level":"info","time":"2025-04-23T12:00:56+02:00","message":" - Headers :\r\nConnection:keep-alive\nAccess-Control-Allow-Origin:*\nAccess-Control-Allow-Credentials:true\nDate:Wed, 23 Apr 2025 10:00:49 GMT\n"}
{"level":"info","time":"2025-04-23T12:00:58+02:00","message":" - [2] - GET Result :: Status code: 200"}
{"level":"info","time":"2025-04-23T12:00:59+02:00","message":" - Headers :\r\nDate:Wed, 23 Apr 2025 10:00:57 GMT\nConnection:keep-alive\nAccess-Control-Allow-Origin:*\nAccess-Control-Allow-Credentials:true\n"}
{"level":"info","time":"2025-04-23T12:01:34+02:00","message":" - Headers :\r\nAccess-Control-Allow-Origin:*\nAccess-Control-Allow-Credentials:true\nDate:Wed, 23 Apr 2025 10:00:59 GMT\nConnection:keep-alive\n"}
{"level":"info","time":"2025-04-23T12:01:34+02:00","message":" - [3] - GET Result :: Status code: 200"}
{"level":"info","time":"2025-04-23T12:01:52+02:00","message":" - [4] - GET Result :: Status code: 200"}
{"level":"info","time":"2025-04-23T12:01:52+02:00","message":" - Headers :\r\nDate:Wed, 23 Apr 2025 10:01:41 GMT\nConnection:keep-alive\nAccess-Control-Allow-Origin:*\nAccess-Control-Allow-Credentials:true\n"}
{"level":"info","time":"2025-04-23T12:01:55+02:00","message":" - [5] - GET Result :: Status code: 200"}
{"level":"info","time":"2025-04-23T12:01:57+02:00","message":" - Headers :\r\nAccess-Control-Allow-Origin:*\nAccess-Control-Allow-Credentials:true\nDate:Wed, 23 Apr 2025 10:01:53 GMT\nConnection:keep-alive\n"}
{"level":"info","time":"2025-04-23T12:02:00+02:00","message":" - [6] - GET Result :: Status code: 200"}
{"level":"info","time":"2025-04-23T12:02:00+02:00","message":" - Headers :\r\nDate:Wed, 23 Apr 2025 10:01:57 GMT\nConnection:keep-alive\nAccess-Control-Allow-Origin:*\nAccess-Control-Allow-Credentials:true\n"}
{"level":"info","time":"2025-04-23T12:02:04+02:00","message":" - [7] - GET Result :: Status code: 200"}
{"level":"info","time":"2025-04-23T12:02:04+02:00","message":" - Headers :\r\nConnection:keep-alive\nAccess-Control-Allow-Origin:*\nAccess-Control-Allow-Credentials:true\nDate:Wed, 23 Apr 2025 10:02:00 GMT\n"}
{"level":"info","time":"2025-04-23T12:02:11+02:00","message":" - [8] - GET Result :: Status code: 200"}
{"level":"info","time":"2025-04-23T12:02:13+02:00","message":" - Headers :\r\nAccess-Control-Allow-Origin:*\nAccess-Control-Allow-Credentials:true\nDate:Wed, 23 Apr 2025 10:02:04 GMT\nConnection:keep-alive\n"}
{"level":"info","time":"2025-04-23T12:02:22+02:00","message":" - [9] - GET Result :: Status code: 200"}
{"level":"info","time":"2025-04-23T12:02:22+02:00","message":" - Headers :\r\nDate:Wed, 23 Apr 2025 10:02:14 GMT\nConnection:keep-alive\nAccess-Control-Allow-Origin:*\nAccess-Control-Allow-Credentials:true\n"}
{"level":"info","time":"2025-04-23T12:02:24+02:00","message":" - [10] - GET Result :: Status code: 200"}
{"level":"info","time":"2025-04-23T12:02:31+02:00","message":" - Headers :\r\nDate:Wed, 23 Apr 2025 10:02:22 GMT\nConnection:keep-alive\nAccess-Control-Allow-Origin:*\nAccess-Control-Allow-Credentials:true\n"}
{"level":"info","time":"2025-04-23T12:02:45+02:00","message":" - [11] - GET Result :: Status code: 200"}
{"level":"info","time":"2025-04-23T12:02:48+02:00","message":" - Headers :\r\nDate:Wed, 23 Apr 2025 10:02:32 GMT\nConnection:keep-alive\nAccess-Control-Allow-Origin:*\nAccess-Control-Allow-Credentials:true\n"}
{"level":"info","time":"2025-04-23T12:02:48+02:00","message":" - [12] - GET Result :: Status code: 200"}
{"level":"info","time":"2025-04-23T12:02:50+02:00","message":" - Headers :\r\nAccess-Control-Allow-Origin:*\nAccess-Control-Allow-Credentials:true\nDate:Wed, 23 Apr 2025 10:02:45 GMT\nConnection:keep-alive\n"}
{"level":"info","time":"2025-04-23T12:02:51+02:00","message":" - [13] - GET Result :: Status code: 200"}
{"level":"info","time":"2025-04-23T12:02:51+02:00","message":" - Headers :\r\nDate:Wed, 23 Apr 2025 10:02:49 GMT\nConnection:keep-alive\nAccess-Control-Allow-Origin:*\nAccess-Control-Allow-Credentials:true\n"}
{"level":"error","time":"2025-04-23T12:02:51+02:00","message":" - DoPost Failed to load fetch the request -request failed: the server closed connection before returning the first response byte. Make sure the server returns 'Connection: close' response header before closing the connection"}
{"level":"info","time":"2025-04-23T12:02:52+02:00","message":" - [14] - GET Result :: Status code: 200"}
{"level":"info","time":"2025-04-23T12:02:52+02:00","message":" - Headers :\r\nDate:Wed, 23 Apr 2025 10:02:51 GMT\nConnection:keep-alive\nAccess-Control-Allow-Origin:*\nAccess-Control-Allow-Credentials:true\n"}
{"level":"error","time":"2025-04-23T12:02:56+02:00","message":" - DoPost Failed to load fetch the request -request failed: lookup httpbin.org: i/o timeout"}
{"level":"info","time":"2025-04-23T12:02:56+02:00","message":" - [15] - GET Result :: Status code: 200"}
{"level":"info","time":"2025-04-23T12:02:56+02:00","message":" - Headers :\r\nDate:Wed, 23 Apr 2025 10:02:52 GMT\nConnection:keep-alive\nAccess-Control-Allow-Origin:*\nAccess-Control-Allow-Credentials:true\n"}
{"level":"info","time":"2025-04-23T12:04:33+02:00","message":" - [16] - GET Result :: Status code: 200"}
{"level":"info","time":"2025-04-23T12:04:33+02:00","message":" - Headers :\r\nConnection:keep-alive\nAccess-Control-Allow-Origin:*\nAccess-Control-Allow-Credentials:true\nDate:Wed, 23 Apr 2025 10:02:56 GMT\n"}
{"level":"error","time":"2025-04-23T12:04:33+02:00","message":" - DoPost Failed to load fetch the request -request failed: lookup httpbin.org: i/o timeout"}
{"level":"info","time":"2025-04-23T12:04:33+02:00","message":" - [17] - GET Result :: Status code: 200"}
{"level":"info","time":"2025-04-23T12:04:33+02:00","message":" - Headers :\r\nDate:Wed, 23 Apr 2025 10:04:33 GMT\nConnection:keep-alive\nAccess-Control-Allow-Origin:*\nAccess-Control-Allow-Credentials:true\n"}
{"level":"info","time":"2025-04-23T12:04:34+02:00","message":" - [18] - GET Result :: Status code: 200"}
{"level":"info","time":"2025-04-23T12:04:34+02:00","message":" - Headers :\r\nDate:Wed, 23 Apr 2025 10:04:33 GMT\nConnection:keep-alive\nAccess-Control-Allow-Origin:*\nAccess-Control-Allow-Credentials:true\n"}
{"level":"info","time":"2025-04-23T12:04:34+02:00","message":" - DoPost Result :: Status code: 200"}
{"level":"info","time":"2025-04-23T12:04:34+02:00","message":" - Headers :\r\nDate:Wed, 23 Apr 2025 10:04:34 GMT\nConnection:keep-alive\nAccess-Control-Allow-Origin:*\nAccess-Control-Allow-Credentials:true\n"}
{"level":"info","time":"2025-04-23T12:04:34+02:00","message":" - DoPost Result :: Status code: 200"}
{"level":"info","time":"2025-04-23T12:04:34+02:00","message":" - Headers :\r\nDate:Wed, 23 Apr 2025 10:04:34 GMT\nConnection:keep-alive\nAccess-Control-Allow-Origin:*\nAccess-Control-Allow-Credentials:true\n"}
{"level":"info","time":"2025-04-23T12:04:36+02:00","message":" - [19] - GET Result :: Status code: 200"}
{"level":"info","time":"2025-04-23T12:04:36+02:00","message":" - Headers :\r\nDate:Wed, 23 Apr 2025 10:04:36 GMT\nConnection:keep-alive\nAccess-Control-Allow-Origin:*\nAccess-Control-Allow-Credentials:true\n"}
{"level":"info","time":"2025-04-23T12:04:38+02:00","message":" - Headers :\r\nConnection:keep-alive\nAccess-Control-Allow-Origin:*\nAccess-Control-Allow-Credentials:true\nDate:Wed, 23 Apr 2025 10:04:38 GMT\n"}
{"level":"info","time":"2025-04-23T12:04:38+02:00","message":" - DoPost Result :: Status code: 200"}
{"level":"info","time":"2025-04-23T12:04:39+02:00","message":" - DoPost Result :: Status code: 200"}
{"level":"info","time":"2025-04-23T12:04:39+02:00","message":" - Headers :\r\nDate:Wed, 23 Apr 2025 10:04:39 GMT\nConnection:keep-alive\nAccess-Control-Allow-Origin:*\nAccess-Control-Allow-Credentials:true\n"}
{"level":"info","time":"2025-04-23T12:04:39+02:00","message":" - [20] - GET Result :: Status code: 200"}
{"level":"info","time":"2025-04-23T12:04:39+02:00","message":" - Headers :\r\nAccess-Control-Allow-Credentials:true\nDate:Wed, 23 Apr 2025 10:04:39 GMT\nConnection:keep-alive\nAccess-Control-Allow-Origin:*\n"}
{"level":"info","time":"2025-04-23T12:04:42+02:00","message":" - Headers :\r\nDate:Wed, 23 Apr 2025 10:04:42 GMT\nConnection:keep-alive\nAccess-Control-Allow-Origin:*\nAccess-Control-Allow-Credentials:true\n"}
{"level":"info","time":"2025-04-23T12:04:42+02:00","message":" - [21] - GET Result :: Status code: 200"}
{"level":"info","time":"2025-04-23T12:04:43+02:00","message":" - DoPost Result :: Status code: 200"}
{"level":"info","time":"2025-04-23T12:04:43+02:00","message":" - Headers :\r\nDate:Wed, 23 Apr 2025 10:04:43 GMT\nConnection:keep-alive\nAccess-Control-Allow-Origin:*\nAccess-Control-Allow-Credentials:true\n"}
{"level":"info","time":"2025-04-23T12:04:45+02:00","message":" - DoPost Result :: Status code: 200"}
{"level":"info","time":"2025-04-23T12:04:45+02:00","message":" - Headers :\r\nAccess-Control-Allow-Credentials:true\nDate:Wed, 23 Apr 2025 10:04:45 GMT\nConnection:keep-alive\nAccess-Control-Allow-Origin:*\n"}
{"level":"info","time":"2025-04-23T12:04:47+02:00","message":" - Headers :\r\nAccess-Control-Allow-Credentials:true\nDate:Wed, 23 Apr 2025 10:04:47 GMT\nConnection:keep-alive\nAccess-Control-Allow-Origin:*\n"}
{"level":"info","time":"2025-04-23T12:04:47+02:00","message":" - [22] - GET Result :: Status code: 200"}
{"level":"info","time":"2025-04-23T12:04:48+02:00","message":" - Headers :\r\nDate:Wed, 23 Apr 2025 10:04:48 GMT\nConnection:keep-alive\nAccess-Control-Allow-Origin:*\nAccess-Control-Allow-Credentials:true\n"}
{"level":"info","time":"2025-04-23T12:04:48+02:00","message":" - DoPost Result :: Status code: 200"}
{"level":"info","time":"2025-04-23T12:04:49+02:00","message":" - [23] - GET Result :: Status code: 200"}
{"level":"info","time":"2025-04-23T12:04:49+02:00","message":" - Headers :\r\nDate:Wed, 23 Apr 2025 10:04:49 GMT\nConnection:keep-alive\nAccess-Control-Allow-Origin:*\nAccess-Control-Allow-Credentials:true\n"}
{"level":"info","time":"2025-04-23T12:04:52+02:00","message":" - Headers :\r\nDate:Wed, 23 Apr 2025 10:04:52 GMT\nConnection:keep-alive\nAccess-Control-Allow-Origin:*\nAccess-Control-Allow-Credentials:true\n"}
{"level":"info","time":"2025-04-23T12:04:52+02:00","message":" - DoPost Result :: Status code: 200"}
{"level":"info","time":"2025-04-23T12:04:53+02:00","message":" - [24] - GET Result :: Status code: 200"}
{"level":"info","time":"2025-04-23T12:04:53+02:00","message":" - Headers :\r\nDate:Wed, 23 Apr 2025 10:04:53 GMT\nConnection:keep-alive\nAccess-Control-Allow-Origin:*\nAccess-Control-Allow-Credentials:true\n"}
{"level":"info","time":"2025-04-23T12:04:54+02:00","message":" - [25] - GET Result :: Status code: 200"}
{"level":"info","time":"2025-04-23T12:04:54+02:00","message":" - Headers :\r\nDate:Wed, 23 Apr 2025 10:04:54 GMT\nConnection:keep-alive\nAccess-Control-Allow-Origin:*\nAccess-Control-Allow-Credentials:true\n"}
{"level":"info","time":"2025-04-23T12:04:54+02:00","message":" - DoPost Result :: Status code: 200"}
{"level":"info","time":"2025-04-23T12:04:54+02:00","message":" - Headers :\r\nDate:Wed, 23 Apr 2025 10:04:54 GMT\nConnection:keep-alive\nAccess-Control-Allow-Origin:*\nAccess-Control-Allow-Credentials:true\n"}
{"level":"info","time":"2025-04-23T12:04:57+02:00","message":" - DoPost Result :: Status code: 200"}
{"level":"info","time":"2025-04-23T12:04:57+02:00","message":" - Headers :\r\nAccess-Control-Allow-Origin:*\nAccess-Control-Allow-Credentials:true\nDate:Wed, 23 Apr 2025 10:04:57 GMT\nConnection:keep-alive\n"}
{"level":"info","time":"2025-04-23T12:04:57+02:00","message":" - [26] - GET Result :: Status code: 200"}
{"level":"info","time":"2025-04-23T12:04:57+02:00","message":" - Headers :\r\nDate:Wed, 23 Apr 2025 10:04:57 GMT\nConnection:keep-alive\nAccess-Control-Allow-Origin:*\nAccess-Control-Allow-Credentials:true\n"}
{"level":"info","time":"2025-04-23T12:05:01+02:00","message":" - Headers :\r\nDate:Wed, 23 Apr 2025 10:05:00 GMT\nConnection:keep-alive\nAccess-Control-Allow-Origin:*\nAccess-Control-Allow-Credentials:true\n"}
{"level":"info","time":"2025-04-23T12:05:01+02:00","message":" - DoPost Result :: Status code: 200"}
{"level":"info","time":"2025-04-23T12:05:01+02:00","message":" - [27] - GET Result :: Status code: 200"}
{"level":"info","time":"2025-04-23T12:05:01+02:00","message":" - Headers :\r\nDate:Wed, 23 Apr 2025 10:05:01 GMT\nConnection:keep-alive\nAccess-Control-Allow-Origin:*\nAccess-Control-Allow-Credentials:true\n"}
{"level":"info","time":"2025-04-23T12:05:05+02:00","message":" - DoPost Result :: Status code: 200"}
{"level":"info","time":"2025-04-23T12:05:05+02:00","message":" - [28] - GET Result :: Status code: 200"}
{"level":"info","time":"2025-04-23T12:05:05+02:00","message":" - Headers :\r\nDate:Wed, 23 Apr 2025 10:05:05 GMT\nConnection:keep-alive\nAccess-Control-Allow-Origin:*\nAccess-Control-Allow-Credentials:true\n"}
{"level":"info","time":"2025-04-23T12:05:05+02:00","message":" - Headers :\r\nDate:Wed, 23 Apr 2025 10:05:05 GMT\nConnection:keep-alive\nAccess-Control-Allow-Origin:*\nAccess-Control-Allow-Credentials:true\n"}
{"level":"info","time":"2025-04-23T12:05:07+02:00","message":" - Headers :\r\nDate:Wed, 23 Apr 2025 10:05:07 GMT\nConnection:keep-alive\nAccess-Control-Allow-Origin:*\nAccess-Control-Allow-Credentials:true\n"}
{"level":"info","time":"2025-04-23T12:05:07+02:00","message":" - [29] - GET Result :: Status code: 200"}
{"level":"info","time":"2025-04-23T12:05:07+02:00","message":" - Headers :\r\nDate:Wed, 23 Apr 2025 10:05:07 GMT\nConnection:keep-alive\nAccess-Control-Allow-Origin:*\nAccess-Control-Allow-Credentials:true\n"}
{"level":"info","time":"2025-04-23T12:05:07+02:00","message":" - DoPost Result :: Status code: 200"}
{"level":"info","time":"2025-04-23T12:05:10+02:00","message":" - DoPost Result :: Status code: 200"}
{"level":"info","time":"2025-04-23T12:05:10+02:00","message":" - [30] - GET Result :: Status code: 200"}
{"level":"info","time":"2025-04-23T12:05:10+02:00","message":" - Headers :\r\nDate:Wed, 23 Apr 2025 10:05:10 GMT\nConnection:keep-alive\nAccess-Control-Allow-Origin:*\nAccess-Control-Allow-Credentials:true\n"}
{"level":"info","time":"2025-04-23T12:05:10+02:00","message":" - Headers :\r\nConnection:keep-alive\nAccess-Control-Allow-Origin:*\nAccess-Control-Allow-Credentials:true\nDate:Wed, 23 Apr 2025 10:05:10 GMT\n"}
{"level":"info","time":"2025-04-23T12:05:12+02:00","message":" - [31] - GET Result :: Status code: 200"}
{"level":"info","time":"2025-04-23T12:05:12+02:00","message":" - Headers :\r\nAccess-Control-Allow-Credentials:true\nDate:Wed, 23 Apr 2025 10:05:12 GMT\nConnection:keep-alive\nAccess-Control-Allow-Origin:*\n"}
{"level":"info","time":"2025-04-23T12:05:13+02:00","message":" - Headers :\r\nDate:Wed, 23 Apr 2025 10:05:13 GMT\nConnection:keep-alive\nAccess-Control-Allow-Origin:*\nAccess-Control-Allow-Credentials:true\n"}
{"level":"info","time":"2025-04-23T12:05:13+02:00","message":" - DoPost Result :: Status code: 200"}
{"level":"info","time":"2025-04-23T12:05:15+02:00","message":" - DoPost Result :: Status code: 200"}
{"level":"info","time":"2025-04-23T12:05:15+02:00","message":" - Headers :\r\nConnection:keep-alive\nAccess-Control-Allow-Origin:*\nAccess-Control-Allow-Credentials:true\nDate:Wed, 23 Apr 2025 10:05:15 GMT\n"}
{"level":"info","time":"2025-04-23T12:05:15+02:00","message":" - Headers :\r\nDate:Wed, 23 Apr 2025 10:05:15 GMT\nConnection:keep-alive\nAccess-Control-Allow-Origin:*\nAccess-Control-Allow-Credentials:true\n"}
{"level":"info","time":"2025-04-23T12:05:15+02:00","message":" - [32] - GET Result :: Status code: 200"}
{"level":"info","time":"2025-04-23T12:05:19+02:00","message":" - Headers :\r\nDate:Wed, 23 Apr 2025 10:05:19 GMT\nConnection:keep-alive\nAccess-Control-Allow-Origin:*\nAccess-Control-Allow-Credentials:true\n"}
{"level":"info","time":"2025-04-23T12:05:19+02:00","message":" - DoPost Result :: Status code: 200"}
{"level":"info","time":"2025-04-23T12:05:19+02:00","message":" - Headers :\r\nDate:Wed, 23 Apr 2025 10:05:19 GMT\nConnection:keep-alive\nAccess-Control-Allow-Origin:*\nAccess-Control-Allow-Credentials:true\n"}
{"level":"info","time":"2025-04-23T12:05:19+02:00","message":" - [33] - GET Result :: Status code: 200"}
{"level":"info","time":"2025-04-23T12:05:21+02:00","message":" - DoPost Result :: Status code: 200"}
{"level":"info","time":"2025-04-23T12:05:21+02:00","message":" - Headers :\r\nDate:Wed, 23 Apr 2025 10:05:21 GMT\nConnection:keep-alive\nAccess-Control-Allow-Origin:*\nAccess-Control-Allow-Credentials:true\n"}
{"level":"info","time":"2025-04-23T12:05:23+02:00","message":" - Headers :\r\nAccess-Control-Allow-Credentials:true\nDate:Wed, 23 Apr 2025 10:05:23 GMT\nConnection:keep-alive\nAccess-Control-Allow-Origin:*\n"}
{"level":"info","time":"2025-04-23T12:05:23+02:00","message":" - [34] - GET Result :: Status code: 200"}
{"level":"info","time":"2025-04-23T12:05:24+02:00","message":" - DoPost Result :: Status code: 200"}
{"level":"info","time":"2025-04-23T12:05:24+02:00","message":" - Headers :\r\nDate:Wed, 23 Apr 2025 10:05:24 GMT\nConnection:keep-alive\nAccess-Control-Allow-Origin:*\nAccess-Control-Allow-Credentials:true\n"}
{"level":"info","time":"2025-04-23T12:05:25+02:00","message":" - [35] - GET Result :: Status code: 200"}
{"level":"info","time":"2025-04-23T12:05:25+02:00","message":" - Headers :\r\nDate:Wed, 23 Apr 2025 10:05:25 GMT\nConnection:keep-alive\nAccess-Control-Allow-Origin:*\nAccess-Control-Allow-Credentials:true\n"}
{"level":"info","time":"2025-04-23T12:05:28+02:00","message":" - [36] - GET Result :: Status code: 200"}
{"level":"info","time":"2025-04-23T12:05:28+02:00","message":" - Headers :\r\nDate:Wed, 23 Apr 2025 10:05:28 GMT\nConnection:keep-alive\nAccess-Control-Allow-Origin:*\nAccess-Control-Allow-Credentials:true\n"}
{"level":"info","time":"2025-04-23T12:05:28+02:00","message":" - DoPost Result :: Status code: 200"}
{"level":"info","time":"2025-04-23T12:05:28+02:00","message":" - Headers :\r\nAccess-Control-Allow-Credentials:true\nDate:Wed, 23 Apr 2025 10:05:28 GMT\nConnection:keep-alive\nAccess-Control-Allow-Origin:*\n"}
{"level":"info","time":"2025-04-23T12:05:30+02:00","message":" - [37] - GET Result :: Status code: 200"}
{"level":"info","time":"2025-04-23T12:05:30+02:00","message":" - Headers :\r\nDate:Wed, 23 Apr 2025 10:05:30 GMT\nConnection:keep-alive\nAccess-Control-Allow-Origin:*\nAccess-Control-Allow-Credentials:true\n"}
{"level":"info","time":"2025-04-23T12:05:30+02:00","message":" - Headers :\r\nDate:Wed, 23 Apr 2025 10:05:30 GMT\nConnection:keep-alive\nAccess-Control-Allow-Origin:*\nAccess-Control-Allow-Credentials:true\n"}
{"level":"info","time":"2025-04-23T12:05:30+02:00","message":" - DoPost Result :: Status code: 200"}
{"level":"info","time":"2025-04-23T12:05:33+02:00","message":" - [38] - GET Result :: Status code: 200"}
{"level":"info","time":"2025-04-23T12:05:33+02:00","message":" - Headers :\r\nDate:Wed, 23 Apr 2025 10:05:33 GMT\nConnection:keep-alive\nAccess-Control-Allow-Origin:*\nAccess-Control-Allow-Credentials:true\n"}
{"level":"info","time":"2025-04-23T12:05:33+02:00","message":" - DoPost Result :: Status code: 200"}
{"level":"info","time":"2025-04-23T12:05:33+02:00","message":" - Headers :\r\nAccess-Control-Allow-Credentials:true\nDate:Wed, 23 Apr 2025 10:05:33 GMT\nConnection:keep-alive\nAccess-Control-Allow-Origin:*\n"}
{"level":"info","time":"2025-04-23T12:05:36+02:00","message":" - Headers :\r\nConnection:keep-alive\nAccess-Control-Allow-Origin:*\nAccess-Control-Allow-Credentials:true\nDate:Wed, 23 Apr 2025 10:05:36 GMT\n"}
{"level":"info","time":"2025-04-23T12:05:36+02:00","message":" - [39] - GET Result :: Status code: 200"}
{"level":"info","time":"2025-04-23T12:05:37+02:00","message":" - DoPost Result :: Status code: 200"}
{"level":"info","time":"2025-04-23T12:05:37+02:00","message":" - Headers :\r\nDate:Wed, 23 Apr 2025 10:05:37 GMT\nConnection:keep-alive\nAccess-Control-Allow-Origin:*\nAccess-Control-Allow-Credentials:true\n"}
{"level":"info","time":"2025-04-23T12:05:39+02:00","message":" - Headers :\r\nDate:Wed, 23 Apr 2025 10:05:39 GMT\nConnection:keep-alive\nAccess-Control-Allow-Origin:*\nAccess-Control-Allow-Credentials:true\n"}
{"level":"info","time":"2025-04-23T12:05:39+02:00","message":" - DoPost Result :: Status code: 200"}
{"level":"info","time":"2025-04-23T12:05:41+02:00","message":" - Headers :\r\nDate:Wed, 23 Apr 2025 10:05:40 GMT\nConnection:keep-alive\nAccess-Control-Allow-Origin:*\nAccess-Control-Allow-Credentials:true\n"}
{"level":"info","time":"2025-04-23T12:05:41+02:00","message":" - [40] - GET Result :: Status code: 200"}
{"level":"info","time":"2025-04-23T12:05:42+02:00","message":" - [41] - GET Result :: Status code: 200"}
{"level":"info","time":"2025-04-23T12:05:42+02:00","message":" - Headers :\r\nDate:Wed, 23 Apr 2025 10:05:42 GMT\nConnection:keep-alive\nAccess-Control-Allow-Origin:*\nAccess-Control-Allow-Credentials:true\n"}
{"level":"info","time":"2025-04-23T12:05:43+02:00","message":" - DoPost Result :: Status code: 200"}
{"level":"info","time":"2025-04-23T12:05:43+02:00","message":" - Headers :\r\nDate:Wed, 23 Apr 2025 10:05:43 GMT\nConnection:keep-alive\nAccess-Control-Allow-Origin:*\nAccess-Control-Allow-Credentials:true\n"}
{"level":"info","time":"2025-04-23T12:05:45+02:00","message":" - [42] - GET Result :: Status code: 200"}
{"level":"info","time":"2025-04-23T12:05:45+02:00","message":" - Headers :\r\nDate:Wed, 23 Apr 2025 10:05:45 GMT\nConnection:keep-alive\nAccess-Control-Allow-Origin:*\nAccess-Control-Allow-Credentials:true\n"}
{"level":"info","time":"2025-04-23T12:05:45+02:00","message":" - DoPost Result :: Status code: 200"}
{"level":"info","time":"2025-04-23T12:05:45+02:00","message":" - Headers :\r\nAccess-Control-Allow-Credentials:true\nDate:Wed, 23 Apr 2025 10:05:45 GMT\nConnection:keep-alive\nAccess-Control-Allow-Origin:*\n"}
{"level":"info","time":"2025-04-23T12:05:48+02:00","message":" - DoPost Result :: Status code: 200"}
{"level":"info","time":"2025-04-23T12:05:48+02:00","message":" - Headers :\r\nConnection:keep-alive\nAccess-Control-Allow-Origin:*\nAccess-Control-Allow-Credentials:true\nDate:Wed, 23 Apr 2025 10:05:48 GMT\n"}
{"level":"info","time":"2025-04-23T12:05:50+02:00","message":" - [43] - GET Result :: Status code: 200"}
{"level":"info","time":"2025-04-23T12:05:50+02:00","message":" - Headers :\r\nDate:Wed, 23 Apr 2025 10:05:50 GMT\nConnection:keep-alive\nAccess-Control-Allow-Origin:*\nAccess-Control-Allow-Credentials:true\n"}
{"level":"info","time":"2025-04-23T12:05:51+02:00","message":" - [44] - GET Result :: Status code: 200"}
{"level":"info","time":"2025-04-23T12:05:51+02:00","message":" - Headers :\r\nDate:Wed, 23 Apr 2025 10:05:51 GMT\nConnection:keep-alive\nAccess-Control-Allow-Origin:*\nAccess-Control-Allow-Credentials:true\n"}
{"level":"info","time":"2025-04-23T12:05:52+02:00","message":" - DoPost Result :: Status code: 200"}
{"level":"info","time":"2025-04-23T12:05:52+02:00","message":" - Headers :\r\nAccess-Control-Allow-Credentials:true\nDate:Wed, 23 Apr 2025 10:05:52 GMT\nConnection:keep-alive\nAccess-Control-Allow-Origin:*\n"}
{"level":"info","time":"2025-04-23T12:05:55+02:00","message":" - [45] - GET Result :: Status code: 200"}
{"level":"info","time":"2025-04-23T12:05:55+02:00","message":" - Headers :\r\nDate:Wed, 23 Apr 2025 10:05:55 GMT\nConnection:keep-alive\nAccess-Control-Allow-Origin:*\nAccess-Control-Allow-Credentials:true\n"}
{"level":"info","time":"2025-04-23T12:05:55+02:00","message":" - DoPost Result :: Status code: 200"}
{"level":"info","time":"2025-04-23T12:05:55+02:00","message":" - Headers :\r\nConnection:keep-alive\nAccess-Control-Allow-Origin:*\nAccess-Control-Allow-Credentials:true\nDate:Wed, 23 Apr 2025 10:05:55 GMT\n"}
{"level":"info","time":"2025-04-23T12:05:57+02:00","message":" - [46] - GET Result :: Status code: 200"}
{"level":"info","time":"2025-04-23T12:05:57+02:00","message":" - Headers :\r\nAccess-Control-Allow-Credentials:true\nDate:Wed, 23 Apr 2025 10:05:57 GMT\nConnection:keep-alive\nAccess-Control-Allow-Origin:*\n"}
{"level":"info","time":"2025-04-23T12:05:58+02:00","message":" - Headers :\r\nAccess-Control-Allow-Credentials:true\nDate:Wed, 23 Apr 2025 10:05:58 GMT\nConnection:keep-alive\nAccess-Control-Allow-Origin:*\n"}
{"level":"info","time":"2025-04-23T12:05:58+02:00","message":" - DoPost Result :: Status code: 200"}
{"level":"info","time":"2025-04-23T12:06:00+02:00","message":" - [47] - GET Result :: Status code: 200"}
{"level":"info","time":"2025-04-23T12:06:00+02:00","message":" - Headers :\r\nDate:Wed, 23 Apr 2025 10:06:00 GMT\nConnection:keep-alive\nAccess-Control-Allow-Origin:*\nAccess-Control-Allow-Credentials:true\n"}
{"level":"info","time":"2025-04-23T12:06:01+02:00","message":" - DoPost Result :: Status code: 200"}
{"level":"info","time":"2025-04-23T12:06:01+02:00","message":" - Headers :\r\nDate:Wed, 23 Apr 2025 10:06:01 GMT\nConnection:keep-alive\nAccess-Control-Allow-Origin:*\nAccess-Control-Allow-Credentials:true\n"}
{"level":"info","time":"2025-04-23T12:06:03+02:00","message":" - DoPost Result :: Status code: 200"}
{"level":"info","time":"2025-04-23T12:06:03+02:00","message":" - Headers :\r\nAccess-Control-Allow-Origin:*\nAccess-Control-Allow-Credentials:true\nDate:Wed, 23 Apr 2025 10:06:03 GMT\nConnection:keep-alive\n"}
{"level":"info","time":"2025-04-23T12:06:03+02:00","message":" - [48] - GET Result :: Status code: 200"}
{"level":"info","time":"2025-04-23T12:06:03+02:00","message":" - Headers :\r\nDate:Wed, 23 Apr 2025 10:06:03 GMT\nConnection:keep-alive\nAccess-Control-Allow-Origin:*\nAccess-Control-Allow-Credentials:true\n"}
{"level":"info","time":"2025-04-23T12:06:06+02:00","message":" - DoPost Result :: Status code: 200"}
{"level":"info","time":"2025-04-23T12:06:06+02:00","message":" - Headers :\r\nDate:Wed, 23 Apr 2025 10:06:06 GMT\nConnection:keep-alive\nAccess-Control-Allow-Origin:*\nAccess-Control-Allow-Credentials:true\n"}
{"level":"info","time":"2025-04-23T12:06:06+02:00","message":" - Headers :\r\nDate:Wed, 23 Apr 2025 10:06:06 GMT\nConnection:keep-alive\nAccess-Control-Allow-Origin:*\nAccess-Control-Allow-Credentials:true\n"}
{"level":"info","time":"2025-04-23T12:06:06+02:00","message":" - [49] - GET Result :: Status code: 200"}
{"level":"info","time":"2025-04-23T12:06:10+02:00","message":" - Headers :\r\nDate:Wed, 23 Apr 2025 10:06:10 GMT\nConnection:keep-alive\nAccess-Control-Allow-Origin:*\nAccess-Control-Allow-Credentials:true\n"}
{"level":"info","time":"2025-04-23T12:06:10+02:00","message":" - DoPost Result :: Status code: 200"}
{"level":"info","time":"2025-04-23T12:06:10+02:00","message":" - [50] - GET Result :: Status code: 200"}
{"level":"info","time":"2025-04-23T12:06:10+02:00","message":" - Headers :\r\nDate:Wed, 23 Apr 2025 10:06:10 GMT\nConnection:keep-alive\nAccess-Control-Allow-Origin:*\nAccess-Control-Allow-Credentials:true\n"}
{"level":"info","time":"2025-04-23T12:06:12+02:00","message":" - [51] - GET Result :: Status code: 200"}
{"level":"info","time":"2025-04-23T12:06:12+02:00","message":" - Headers :\r\nDate:Wed, 23 Apr 2025 10:06:12 GMT\nConnection:keep-alive\nAccess-Control-Allow-Origin:*\nAccess-Control-Allow-Credentials:true\n"}
{"level":"info","time":"2025-04-23T12:06:13+02:00","message":" - DoPost Result :: Status code: 200"}
{"level":"info","time":"2025-04-23T12:06:13+02:00","message":" - Headers :\r\nAccess-Control-Allow-Credentials:true\nDate:Wed, 23 Apr 2025 10:06:13 GMT\nConnection:keep-alive\nAccess-Control-Allow-Origin:*\n"}
{"level":"info","time":"2025-04-23T12:06:16+02:00","message":" - DoPost Result :: Status code: 200"}
{"level":"info","time":"2025-04-23T12:06:16+02:00","message":" - Headers :\r\nDate:Wed, 23 Apr 2025 10:06:16 GMT\nConnection:keep-alive\nAccess-Control-Allow-Origin:*\nAccess-Control-Allow-Credentials:true\n"}
{"level":"info","time":"2025-04-23T12:06:16+02:00","message":" - [52] - GET Result :: Status code: 200"}
{"level":"info","time":"2025-04-23T12:06:16+02:00","message":" - Headers :\r\nDate:Wed, 23 Apr 2025 10:06:16 GMT\nConnection:keep-alive\nAccess-Control-Allow-Origin:*\nAccess-Control-Allow-Credentials:true\n"}
{"level":"info","time":"2025-04-23T12:06:18+02:00","message":" - Headers :\r\nAccess-Control-Allow-Credentials:true\nDate:Wed, 23 Apr 2025 10:06:18 GMT\nConnection:keep-alive\nAccess-Control-Allow-Origin:*\n"}
{"level":"info","time":"2025-04-23T12:06:18+02:00","message":" - DoPost Result :: Status code: 200"}
{"level":"info","time":"2025-04-23T12:06:19+02:00","message":" - Headers :\r\nAccess-Control-Allow-Origin:*\nAccess-Control-Allow-Credentials:true\nDate:Wed, 23 Apr 2025 10:06:19 GMT\nConnection:keep-alive\n"}
{"level":"info","time":"2025-04-23T12:06:19+02:00","message":" - [53] - GET Result :: Status code: 200"}
{"level":"info","time":"2025-04-23T12:06:22+02:00","message":" - [54] - GET Result :: Status code: 200"}
{"level":"info","time":"2025-04-23T12:06:22+02:00","message":" - Headers :\r\nConnection:keep-alive\nAccess-Control-Allow-Origin:*\nAccess-Control-Allow-Credentials:true\nDate:Wed, 23 Apr 2025 10:06:22 GMT\n"}
{"level":"info","time":"2025-04-23T12:06:22+02:00","message":" - DoPost Result :: Status code: 200"}
{"level":"info","time":"2025-04-23T12:06:22+02:00","message":" - Headers :\r\nConnection:keep-alive\nAccess-Control-Allow-Origin:*\nAccess-Control-Allow-Credentials:true\nDate:Wed, 23 Apr 2025 10:06:22 GMT\n"}
{"level":"info","time":"2025-04-23T12:06:24+02:00","message":" - [55] - GET Result :: Status code: 200"}
{"level":"info","time":"2025-04-23T12:06:24+02:00","message":" - DoPost Result :: Status code: 200"}
{"level":"info","time":"2025-04-23T12:06:24+02:00","message":" - Headers :\r\nDate:Wed, 23 Apr 2025 10:06:24 GMT\nConnection:keep-alive\nAccess-Control-Allow-Origin:*\nAccess-Control-Allow-Credentials:true\n"}
{"level":"info","time":"2025-04-23T12:06:24+02:00","message":" - Headers :\r\nDate:Wed, 23 Apr 2025 10:06:24 GMT\nConnection:keep-alive\nAccess-Control-Allow-Origin:*\nAccess-Control-Allow-Credentials:true\n"}
{"level":"info","time":"2025-04-23T12:06:27+02:00","message":" - Headers :\r\nDate:Wed, 23 Apr 2025 10:06:27 GMT\nConnection:keep-alive\nAccess-Control-Allow-Origin:*\nAccess-Control-Allow-Credentials:true\n"}
{"level":"info","time":"2025-04-23T12:06:27+02:00","message":" - DoPost Result :: Status code: 200"}
{"level":"info","time":"2025-04-23T12:06:27+02:00","message":" - [56] - GET Result :: Status code: 200"}
{"level":"info","time":"2025-04-23T12:06:27+02:00","message":" - Headers :\r\nDate:Wed, 23 Apr 2025 10:06:27 GMT\nConnection:keep-alive\nAccess-Control-Allow-Origin:*\nAccess-Control-Allow-Credentials:true\n"}
{"level":"info","time":"2025-04-23T12:06:30+02:00","message":" - DoPost Result :: Status code: 200"}
{"level":"info","time":"2025-04-23T12:06:30+02:00","message":" - Headers :\r\nConnection:keep-alive\nAccess-Control-Allow-Origin:*\nAccess-Control-Allow-Credentials:true\nDate:Wed, 23 Apr 2025 10:06:30 GMT\n"}
{"level":"info","time":"2025-04-23T12:06:31+02:00","message":" - [57] - GET Result :: Status code: 200"}
{"level":"info","time":"2025-04-23T12:06:31+02:00","message":" - Headers :\r\nDate:Wed, 23 Apr 2025 10:06:31 GMT\nConnection:keep-alive\nAccess-Control-Allow-Origin:*\nAccess-Control-Allow-Credentials:true\n"}
{"level":"info","time":"2025-04-23T12:06:33+02:00","message":" - [58] - GET Result :: Status code: 200"}
{"level":"info","time":"2025-04-23T12:06:33+02:00","message":" - Headers :\r\nDate:Wed, 23 Apr 2025 10:06:33 GMT\nConnection:keep-alive\nAccess-Control-Allow-Origin:*\nAccess-Control-Allow-Credentials:true\n"}
{"level":"info","time":"2025-04-23T12:06:33+02:00","message":" - Headers :\r\nConnection:keep-alive\nAccess-Control-Allow-Origin:*\nAccess-Control-Allow-Credentials:true\nDate:Wed, 23 Apr 2025 10:06:33 GMT\n"}
{"level":"info","time":"2025-04-23T12:06:33+02:00","message":" - DoPost Result :: Status code: 200"}
{"level":"info","time":"2025-04-23T12:06:36+02:00","message":" - Headers :\r\nDate:Wed, 23 Apr 2025 10:06:36 GMT\nConnection:keep-alive\nAccess-Control-Allow-Origin:*\nAccess-Control-Allow-Credentials:true\n"}
{"level":"info","time":"2025-04-23T12:06:36+02:00","message":" - [59] - GET Result :: Status code: 200"}
{"level":"info","time":"2025-04-23T12:06:37+02:00","message":" - DoPost Result :: Status code: 200"}
{"level":"info","time":"2025-04-23T12:06:37+02:00","message":" - Headers :\r\nConnection:keep-alive\nAccess-Control-Allow-Origin:*\nAccess-Control-Allow-Credentials:true\nDate:Wed, 23 Apr 2025 10:06:37 GMT\n"}
{"level":"info","time":"2025-04-23T12:06:39+02:00","message":" - [60] - GET Result :: Status code: 200"}
{"level":"info","time":"2025-04-23T12:06:39+02:00","message":" - Headers :\r\nDate:Wed, 23 Apr 2025 10:06:39 GMT\nConnection:keep-alive\nAccess-Control-Allow-Origin:*\nAccess-Control-Allow-Credentials:true\n"}
{"level":"info","time":"2025-04-23T12:06:40+02:00","message":" - DoPost Result :: Status code: 200"}
{"level":"info","time":"2025-04-23T12:06:40+02:00","message":" - Headers :\r\nAccess-Control-Allow-Origin:*\nAccess-Control-Allow-Credentials:true\nDate:Wed, 23 Apr 2025 10:06:40 GMT\nConnection:keep-alive\n"}
{"level":"info","time":"2025-04-23T12:06:53+02:00","message":" - [61] - GET Result :: Status code: 200"}
{"level":"info","time":"2025-04-23T12:06:53+02:00","message":" - Headers :\r\nDate:Wed, 23 Apr 2025 10:06:53 GMT\nConnection:keep-alive\nAccess-Control-Allow-Origin:*\nAccess-Control-Allow-Credentials:true\n"}
{"level":"info","time":"2025-04-23T12:06:53+02:00","message":" - Headers :\r\nDate:Wed, 23 Apr 2025 10:06:53 GMT\nConnection:keep-alive\nAccess-Control-Allow-Origin:*\nAccess-Control-Allow-Credentials:true\n"}
{"level":"info","time":"2025-04-23T12:06:53+02:00","message":" - DoPost Result :: Status code: 200"}
{"level":"info","time":"2025-04-23T12:06:54+02:00","message":" - [62] - GET Result :: Status code: 200"}
{"level":"info","time":"2025-04-23T12:06:54+02:00","message":" - Headers :\r\nDate:Wed, 23 Apr 2025 10:06:54 GMT\nConnection:keep-alive\nAccess-Control-Allow-Origin:*\nAccess-Control-Allow-Credentials:true\n"}
{"level":"info","time":"2025-04-23T12:06:55+02:00","message":" - DoPost Result :: Status code: 200"}
{"level":"info","time":"2025-04-23T12:06:55+02:00","message":" - Headers :\r\nDate:Wed, 23 Apr 2025 10:06:55 GMT\nConnection:keep-alive\nAccess-Control-Allow-Origin:*\nAccess-Control-Allow-Credentials:true\n"}
{"level":"info","time":"2025-04-23T12:06:57+02:00","message":" - [63] - GET Result :: Status code: 200"}
{"level":"info","time":"2025-04-23T12:06:57+02:00","message":" - Headers :\r\nAccess-Control-Allow-Origin:*\nAccess-Control-Allow-Credentials:true\nDate:Wed, 23 Apr 2025 10:06:57 GMT\nConnection:keep-alive\n"}
{"level":"info","time":"2025-04-23T12:06:57+02:00","message":" - DoPost Result :: Status code: 200"}
{"level":"info","time":"2025-04-23T12:06:57+02:00","message":" - Headers :\r\nAccess-Control-Allow-Credentials:true\nDate:Wed, 23 Apr 2025 10:06:57 GMT\nConnection:keep-alive\nAccess-Control-Allow-Origin:*\n"}
{"level":"info","time":"2025-04-23T12:07:00+02:00","message":" - DoPost Result :: Status code: 200"}
{"level":"info","time":"2025-04-23T12:07:00+02:00","message":" - Headers :\r\nConnection:keep-alive\nAccess-Control-Allow-Origin:*\nAccess-Control-Allow-Credentials:true\nDate:Wed, 23 Apr 2025 10:07:00 GMT\n"}
{"level":"info","time":"2025-04-23T12:07:01+02:00","message":" - Headers :\r\nDate:Wed, 23 Apr 2025 10:07:01 GMT\nConnection:keep-alive\nAccess-Control-Allow-Origin:*\nAccess-Control-Allow-Credentials:true\n"}
{"level":"info","time":"2025-04-23T12:07:01+02:00","message":" - [64] - GET Result :: Status code: 200"}
{"level":"info","time":"2025-04-23T12:07:04+02:00","message":" - DoPost Result :: Status code: 200"}
{"level":"info","time":"2025-04-23T12:07:04+02:00","message":" - Headers :\r\nDate:Wed, 23 Apr 2025 10:07:04 GMT\nConnection:keep-alive\nAccess-Control-Allow-Origin:*\nAccess-Control-Allow-Credentials:true\n"}
{"level":"info","time":"2025-04-23T12:07:05+02:00","message":" - [65] - GET Result :: Status code: 200"}
{"level":"info","time":"2025-04-23T12:07:05+02:00","message":" - Headers :\r\nAccess-Control-Allow-Origin:*\nAccess-Control-Allow-Credentials:true\nDate:Wed, 23 Apr 2025 10:07:05 GMT\nConnection:keep-alive\n"}
{"level":"info","time":"2025-04-23T12:07:06+02:00","message":" - Headers :\r\nDate:Wed, 23 Apr 2025 10:07:06 GMT\nConnection:keep-alive\nAccess-Control-Allow-Origin:*\nAccess-Control-Allow-Credentials:true\n"}
{"level":"info","time":"2025-04-23T12:07:06+02:00","message":" - DoPost Result :: Status code: 200"}
{"level":"info","time":"2025-04-23T12:07:07+02:00","message":" - [66] - GET Result :: Status code: 200"}
{"level":"info","time":"2025-04-23T12:07:07+02:00","message":" - Headers :\r\nDate:Wed, 23 Apr 2025 10:07:07 GMT\nConnection:keep-alive\nAccess-Control-Allow-Origin:*\nAccess-Control-Allow-Credentials:true\n"}
{"level":"info","time":"2025-04-23T12:07:09+02:00","message":" - Headers :\r\nAccess-Control-Allow-Origin:*\nAccess-Control-Allow-Credentials:true\nDate:Wed, 23 Apr 2025 10:07:09 GMT\nConnection:keep-alive\n"}
{"level":"info","time":"2025-04-23T12:07:09+02:00","message":" - DoPost Result :: Status code: 200"}
{"level":"info","time":"2025-04-23T12:07:09+02:00","message":" - [67] - GET Result :: Status code: 200"}
{"level":"info","time":"2025-04-23T12:07:09+02:00","message":" - Headers :\r\nAccess-Control-Allow-Origin:*\nAccess-Control-Allow-Credentials:true\nDate:Wed, 23 Apr 2025 10:07:09 GMT\nConnection:keep-alive\n"}
{"level":"info","time":"2025-04-23T12:07:12+02:00","message":" - [68] - GET Result :: Status code: 200"}
{"level":"info","time":"2025-04-23T12:07:12+02:00","message":" - Headers :\r\nDate:Wed, 23 Apr 2025 10:07:12 GMT\nConnection:keep-alive\nAccess-Control-Allow-Origin:*\nAccess-Control-Allow-Credentials:true\n"}
{"level":"info","time":"2025-04-23T12:07:13+02:00","message":" - DoPost Result :: Status code: 200"}
{"level":"info","time":"2025-04-23T12:07:13+02:00","message":" - Headers :\r\nAccess-Control-Allow-Credentials:true\nDate:Wed, 23 Apr 2025 10:07:13 GMT\nConnection:keep-alive\nAccess-Control-Allow-Origin:*\n"}
{"level":"info","time":"2025-04-23T12:07:15+02:00","message":" - DoPost Result :: Status code: 200"}
{"level":"info","time":"2025-04-23T12:07:15+02:00","message":" - Headers :\r\nAccess-Control-Allow-Credentials:true\nDate:Wed, 23 Apr 2025 10:07:15 GMT\nConnection:keep-alive\nAccess-Control-Allow-Origin:*\n"}
{"level":"info","time":"2025-04-23T12:07:15+02:00","message":" - [69] - GET Result :: Status code: 200"}
{"level":"info","time":"2025-04-23T12:07:15+02:00","message":" - Headers :\r\nDate:Wed, 23 Apr 2025 10:07:15 GMT\nConnection:keep-alive\nAccess-Control-Allow-Origin:*\nAccess-Control-Allow-Credentials:true\n"}
{"level":"info","time":"2025-04-23T12:07:18+02:00","message":" - DoPost Result :: Status code: 200"}
{"level":"info","time":"2025-04-23T12:07:18+02:00","message":" - Headers :\r\nDate:Wed, 23 Apr 2025 10:07:18 GMT\nConnection:keep-alive\nAccess-Control-Allow-Origin:*\nAccess-Control-Allow-Credentials:true\n"}
{"level":"info","time":"2025-04-23T12:07:20+02:00","message":" - [70] - GET Result :: Status code: 200"}
{"level":"info","time":"2025-04-23T12:07:20+02:00","message":" - Headers :\r\nDate:Wed, 23 Apr 2025 10:07:20 GMT\nConnection:keep-alive\nAccess-Control-Allow-Origin:*\nAccess-Control-Allow-Credentials:true\n"}
{"level":"info","time":"2025-04-23T12:07:21+02:00","message":" - [71] - GET Result :: Status code: 200"}
{"level":"info","time":"2025-04-23T12:07:21+02:00","message":" - Headers :\r\nDate:Wed, 23 Apr 2025 10:07:21 GMT\nConnection:keep-alive\nAccess-Control-Allow-Origin:*\nAccess-Control-Allow-Credentials:true\n"}
{"level":"info","time":"2025-04-23T12:07:22+02:00","message":" - DoPost Result :: Status code: 200"}
{"level":"info","time":"2025-04-23T12:07:22+02:00","message":" - Headers :\r\nConnection:keep-alive\nAccess-Control-Allow-Origin:*\nAccess-Control-Allow-Credentials:true\nDate:Wed, 23 Apr 2025 10:07:22 GMT\n"}
{"level":"info","time":"2025-04-23T12:07:24+02:00","message":" - DoPost Result :: Status code: 200"}
{"level":"info","time":"2025-04-23T12:07:24+02:00","message":" - Headers :\r\nDate:Wed, 23 Apr 2025 10:07:24 GMT\nConnection:keep-alive\nAccess-Control-Allow-Origin:*\nAccess-Control-Allow-Credentials:true\n"}
{"level":"info","time":"2025-04-23T12:07:24+02:00","message":" - [72] - GET Result :: Status code: 200"}
{"level":"info","time":"2025-04-23T12:07:24+02:00","message":" - Headers :\r\nAccess-Control-Allow-Origin:*\nAccess-Control-Allow-Credentials:true\nDate:Wed, 23 Apr 2025 10:07:24 GMT\nConnection:keep-alive\n"}
{"level":"info","time":"2025-04-23T12:07:27+02:00","message":" - [73] - GET Result :: Status code: 200"}
{"level":"info","time":"2025-04-23T12:07:27+02:00","message":" - Headers :\r\nConnection:keep-alive\nAccess-Control-Allow-Origin:*\nAccess-Control-Allow-Credentials:true\nDate:Wed, 23 Apr 2025 10:07:27 GMT\n"}
{"level":"info","time":"2025-04-23T12:07:29+02:00","message":" - DoPost Result :: Status code: 200"}
{"level":"info","time":"2025-04-23T12:07:29+02:00","message":" - Headers :\r\nDate:Wed, 23 Apr 2025 10:07:29 GMT\nConnection:keep-alive\nAccess-Control-Allow-Origin:*\nAccess-Control-Allow-Credentials:true\n"}
{"level":"info","time":"2025-04-23T12:07:30+02:00","message":" - DoPost Result :: Status code: 200"}
{"level":"info","time":"2025-04-23T12:07:30+02:00","message":" - Headers :\r\nDate:Wed, 23 Apr 2025 10:07:30 GMT\nConnection:keep-alive\nAccess-Control-Allow-Origin:*\nAccess-Control-Allow-Credentials:true\n"}
{"level":"info","time":"2025-04-23T12:07:31+02:00","message":" - [74] - GET Result :: Status code: 200"}
{"level":"info","time":"2025-04-23T12:07:31+02:00","message":" - Headers :\r\nDate:Wed, 23 Apr 2025 10:07:30 GMT\nConnection:keep-alive\nAccess-Control-Allow-Origin:*\nAccess-Control-Allow-Credentials:true\n"}
{"level":"info","time":"2025-04-23T12:09:00+02:00","message":"Logger Initialized & Started"}
{"level":"info","time":"2025-04-23T12:09:00+02:00","message":"logger instance created with file /media/ajith/work/dev/go/Git_Lab2/agnione//log/AgniOne_demo_http.log"}
{"level":"info","time":"2025-04-23T12:09:00+02:00","message":"Application AgniOne Demo Application - 1.0.0.0 loaded"}
{"level":"info","time":"2025-04-23T12:09:00+02:00","message":"Found 1 pool setting for appunit Http_demo"}
{"level":"info","time":"2025-04-23T12:09:00+02:00","message":"Loading the 0 appunit of pool [1] of Http_demo"}
{"level":"info","time":"2025-04-23T12:09:00+02:00","message":"Starting (0) of [1] - Http_demo.............\nAppunit info -> "}
{"level":"info","time":"2025-04-23T12:09:00+02:00","message":"Loaded & started 1 pool of appunits"}
{"level":"info","time":"2025-04-23T12:09:00+02:00","message":" - Starting ....."}
{"level":"info","time":"2025-04-23T12:09:00+02:00","message":" - Starting the ........... DONE"}
{"level":"info","time":"2025-04-23T12:09:00+02:00","message":"Started\t1 out of 1 pool of appunit Http_demo\n"}
{"level":"info","time":"2025-04-23T12:09:00+02:00","message":"Started ------ (0) of [1] - Http_demo successfully"}
{"level":"info","time":"2025-04-23T12:09:00+02:00","message":"starting the DoGet routine"}
{"level":"info","time":"2025-04-23T12:09:01+02:00","message":"starting HTTP monitoring ......"}
{"level":"info","time":"2025-04-23T12:09:01+02:00","message":"HTTP monitoring started on 0.0.0.0:8080"}
{"level":"info","time":"2025-04-23T12:09:05+02:00","message":"broadcasting status via SSE started"}
{"level":"error","time":"2025-04-23T12:09:09+02:00","message":" - DoPost Failed to load fetch the request -request failed: error when dialing 35.172.19.140:443: dialing to the given TCP address timed out"}
{"level":"error","time":"2025-04-23T12:09:09+02:00","message":" - Failed to load fetch the request - request failed: error when dialing 35.172.19.140:443: dialing to the given TCP address timed out"}
{"level":"info","time":"2025-04-23T12:09:11+02:00","message":" - [1] - GET Result :: Status code: 200"}
{"level":"info","time":"2025-04-23T12:09:11+02:00","message":" - Headers :\r\nDate:Wed, 23 Apr 2025 10:09:11 GMT\nConnection:keep-alive\nAccess-Control-Allow-Origin:*\nAccess-Control-Allow-Credentials:true\n"}
{"level":"info","time":"2025-04-23T12:09:11+02:00","message":" - [2] - GET Result :: Status code: 200"}
{"level":"info","time":"2025-04-23T12:09:11+02:00","message":" - Headers :\r\nDate:Wed, 23 Apr 2025 10:09:11 GMT\nConnection:keep-alive\nAccess-Control-Allow-Origin:*\nAccess-Control-Allow-Credentials:true\n"}
{"level":"info","time":"2025-04-23T12:09:11+02:00","message":" - DoPost Result :: Status code: 200"}
{"level":"info","time":"2025-04-23T12:09:11+02:00","message":" - Headers :\r\nDate:Wed, 23 Apr 2025 10:09:11 GMT\nConnection:keep-alive\nAccess-Control-Allow-Origin:*\nAccess-Control-Allow-Credentials:true\n"}
{"level":"info","time":"2025-04-23T12:09:12+02:00","message":" - DoPost Result :: Status code: 200"}
{"level":"info","time":"2025-04-23T12:09:12+02:00","message":" - Headers :\r\nDate:Wed, 23 Apr 2025 10:09:11 GMT\nConnection:keep-alive\nAccess-Control-Allow-Origin:*\nAccess-Control-Allow-Credentials:true\n"}
{"level":"info","time":"2025-04-23T12:09:13+02:00","message":" - DoPost Result :: Status code: 200"}
{"level":"info","time":"2025-04-23T12:09:13+02:00","message":" - Headers :\r\nDate:Wed, 23 Apr 2025 10:09:13 GMT\nConnection:keep-alive\nAccess-Control-Allow-Origin:*\nAccess-Control-Allow-Credentials:true\n"}
{"level":"info","time":"2025-04-23T12:09:13+02:00","message":" - [3] - GET Result :: Status code: 200"}
{"level":"info","time":"2025-04-23T12:09:13+02:00","message":" - Headers :\r\nConnection:keep-alive\nAccess-Control-Allow-Origin:*\nAccess-Control-Allow-Credentials:true\nDate:Wed, 23 Apr 2025 10:09:13 GMT\n"}
{"level":"info","time":"2025-04-23T12:09:16+02:00","message":" - Headers :\r\nDate:Wed, 23 Apr 2025 10:09:16 GMT\nConnection:keep-alive\nAccess-Control-Allow-Origin:*\nAccess-Control-Allow-Credentials:true\n"}
{"level":"info","time":"2025-04-23T12:09:16+02:00","message":" - [4] - GET Result :: Status code: 200"}
{"level":"info","time":"2025-04-23T12:09:16+02:00","message":" - DoPost Result :: Status code: 200"}
{"level":"info","time":"2025-04-23T12:09:16+02:00","message":" - Headers :\r\nDate:Wed, 23 Apr 2025 10:09:16 GMT\nConnection:keep-alive\nAccess-Control-Allow-Origin:*\nAccess-Control-Allow-Credentials:true\n"}
{"level":"info","time":"2025-04-23T12:09:19+02:00","message":" - [5] - GET Result :: Status code: 200"}
{"level":"info","time":"2025-04-23T12:09:19+02:00","message":" - Headers :\r\nAccess-Control-Allow-Origin:*\nAccess-Control-Allow-Credentials:true\nDate:Wed, 23 Apr 2025 10:09:19 GMT\nConnection:keep-alive\n"}
{"level":"info","time":"2025-04-23T12:09:19+02:00","message":" - DoPost Result :: Status code: 200"}
{"level":"info","time":"2025-04-23T12:09:19+02:00","message":" - Headers :\r\nAccess-Control-Allow-Origin:*\nAccess-Control-Allow-Credentials:true\nDate:Wed, 23 Apr 2025 10:09:19 GMT\nConnection:keep-alive\n"}
{"level":"info","time":"2025-04-23T12:09:54+02:00","message":"Logger Initialized & Started"}
{"level":"info","time":"2025-04-23T12:09:54+02:00","message":"logger instance created with file /media/ajith/work/dev/go/Git_Lab2/agnione//log/AgniOne_demo_http.log"}
{"level":"info","time":"2025-04-23T12:09:54+02:00","message":"Application AgniOne Demo Application - 1.0.0.0 loaded"}
{"level":"info","time":"2025-04-23T12:09:54+02:00","message":"Found 1 pool setting for appunit Http_demo"}
{"level":"info","time":"2025-04-23T12:09:55+02:00","message":"Loading the 0 appunit of pool [1] of Http_demo"}
{"level":"info","time":"2025-04-23T12:09:55+02:00","message":"Loaded & started 1 pool of appunits"}
{"level":"info","time":"2025-04-23T12:09:55+02:00","message":"Starting (0) of [1] - Http_demo.............\nAppunit info -> "}
{"level":"info","time":"2025-04-23T12:09:55+02:00","message":" - Starting ....."}
{"level":"info","time":"2025-04-23T12:09:55+02:00","message":"Started\t1 out of 1 pool of appunit Http_demo\n"}
{"level":"info","time":"2025-04-23T12:09:55+02:00","message":" - Starting the ........... DONE"}
{"level":"info","time":"2025-04-23T12:09:55+02:00","message":"Started ------ (0) of [1] - Http_demo successfully"}
{"level":"info","time":"2025-04-23T12:09:55+02:00","message":"starting the DoGet routine"}
{"level":"info","time":"2025-04-23T12:09:56+02:00","message":"starting HTTP monitoring ......"}
{"level":"info","time":"2025-04-23T12:09:56+02:00","message":"HTTP monitoring started on 0.0.0.0:8080"}
{"level":"info","time":"2025-04-23T12:09:58+02:00","message":"broadcasting status via SSE started"}
{"level":"info","time":"2025-04-23T12:09:58+02:00","message":" - DoPost Result :: Status code: 200"}
{"level":"info","time":"2025-04-23T12:09:58+02:00","message":" - Headers :\r\nDate:Wed, 23 Apr 2025 10:09:58 GMT\nConnection:keep-alive\nAccess-Control-Allow-Origin:*\nAccess-Control-Allow-Credentials:true\n"}
{"level":"info","time":"2025-04-23T12:09:59+02:00","message":" - [0] - GET Result :: Status code: 200"}
{"level":"info","time":"2025-04-23T12:09:59+02:00","message":" - Headers :\r\nDate:Wed, 23 Apr 2025 10:09:59 GMT\nConnection:keep-alive\nAccess-Control-Allow-Origin:*\nAccess-Control-Allow-Credentials:true\n"}
{"level":"info","time":"2025-04-23T12:10:19+02:00","message":" - Headers :\r\nDate:Wed, 23 Apr 2025 10:10:03 GMT\nConnection:keep-alive\nAccess-Control-Allow-Origin:*\nAccess-Control-Allow-Credentials:true\n"}
{"level":"info","time":"2025-04-23T12:10:19+02:00","message":" - DoPost Result :: Status code: 200"}
{"level":"info","time":"2025-04-23T12:10:19+02:00","message":" - [1] - GET Result :: Status code: 200"}
{"level":"info","time":"2025-04-23T12:10:19+02:00","message":" - Headers :\r\nAccess-Control-Allow-Credentials:true\nDate:Wed, 23 Apr 2025 10:10:04 GMT\nConnection:keep-alive\nAccess-Control-Allow-Origin:*\n"}
{"level":"info","time":"2025-04-23T12:10:20+02:00","message":" - DoPost Result :: Status code: 200"}
{"level":"info","time":"2025-04-23T12:10:21+02:00","message":" - [2] - GET Result :: Status code: 200"}
{"level":"info","time":"2025-04-23T12:10:21+02:00","message":" - Headers :\r\nDate:Wed, 23 Apr 2025 10:10:19 GMT\nConnection:keep-alive\nAccess-Control-Allow-Origin:*\nAccess-Control-Allow-Credentials:true\n"}
{"level":"info","time":"2025-04-23T12:10:21+02:00","message":" - Headers :\r\nDate:Wed, 23 Apr 2025 10:10:20 GMT\nConnection:keep-alive\nAccess-Control-Allow-Origin:*\nAccess-Control-Allow-Credentials:true\n"}
{"level":"info","time":"2025-04-23T12:10:31+02:00","message":" - DoPost Result :: Status code: 200"}
{"level":"info","time":"2025-04-23T12:10:31+02:00","message":" - Headers :\r\nAccess-Control-Allow-Credentials:true\nDate:Wed, 23 Apr 2025 10:10:22 GMT\nConnection:keep-alive\nAccess-Control-Allow-Origin:*\n"}
{"level":"info","time":"2025-04-23T12:10:31+02:00","message":" - Headers :\r\nDate:Wed, 23 Apr 2025 10:10:23 GMT\nConnection:keep-alive\nAccess-Control-Allow-Origin:*\nAccess-Control-Allow-Credentials:true\n"}
{"level":"info","time":"2025-04-23T12:10:31+02:00","message":" - [3] - GET Result :: Status code: 200"}
{"level":"info","time":"2025-04-23T12:10:34+02:00","message":" - DoPost Result :: Status code: 200"}
{"level":"info","time":"2025-04-23T12:10:34+02:00","message":" - [4] - GET Result :: Status code: 200"}
{"level":"info","time":"2025-04-23T12:10:34+02:00","message":" - Headers :\r\nAccess-Control-Allow-Credentials:true\nDate:Wed, 23 Apr 2025 10:10:31 GMT\nConnection:keep-alive\nAccess-Control-Allow-Origin:*\n"}
{"level":"info","time":"2025-04-23T12:10:34+02:00","message":" - Headers :\r\nAccess-Control-Allow-Origin:*\nAccess-Control-Allow-Credentials:true\nDate:Wed, 23 Apr 2025 10:10:31 GMT\nConnection:keep-alive\n"}
{"level":"info","time":"2025-04-23T12:10:39+02:00","message":" - [5] - GET Result :: Status code: 200"}
{"level":"info","time":"2025-04-23T12:10:39+02:00","message":" - DoPost Result :: Status code: 200"}
{"level":"info","time":"2025-04-23T12:10:39+02:00","message":" - Headers :\r\nDate:Wed, 23 Apr 2025 10:10:34 GMT\nConnection:keep-alive\nAccess-Control-Allow-Origin:*\nAccess-Control-Allow-Credentials:true\n"}
{"level":"info","time":"2025-04-23T12:10:39+02:00","message":" - Headers :\r\nDate:Wed, 23 Apr 2025 10:10:34 GMT\nConnection:keep-alive\nAccess-Control-Allow-Origin:*\nAccess-Control-Allow-Credentials:true\n"}
{"level":"info","time":"2025-04-23T12:10:39+02:00","message":" - [6] - GET Result :: Status code: 200"}
{"level":"info","time":"2025-04-23T12:10:39+02:00","message":" - Headers :\r\nDate:Wed, 23 Apr 2025 10:10:39 GMT\nConnection:keep-alive\nAccess-Control-Allow-Origin:*\nAccess-Control-Allow-Credentials:true\n"}
{"level":"info","time":"2025-04-23T12:10:39+02:00","message":" - DoPost Result :: Status code: 200"}
{"level":"info","time":"2025-04-23T12:10:39+02:00","message":" - Headers :\r\nDate:Wed, 23 Apr 2025 10:10:39 GMT\nConnection:keep-alive\nAccess-Control-Allow-Origin:*\nAccess-Control-Allow-Credentials:true\n"}
{"level":"info","time":"2025-04-23T12:10:40+02:00","message":" - [7] - GET Result :: Status code: 200"}
{"level":"info","time":"2025-04-23T12:10:40+02:00","message":" - Headers :\r\nConnection:keep-alive\nAccess-Control-Allow-Origin:*\nAccess-Control-Allow-Credentials:true\nDate:Wed, 23 Apr 2025 10:10:40 GMT\n"}
{"level":"info","time":"2025-04-23T12:10:41+02:00","message":" - DoPost Result :: Status code: 200"}
{"level":"info","time":"2025-04-23T12:10:41+02:00","message":" - Headers :\r\nDate:Wed, 23 Apr 2025 10:10:41 GMT\nConnection:keep-alive\nAccess-Control-Allow-Origin:*\nAccess-Control-Allow-Credentials:true\n"}
{"level":"info","time":"2025-04-23T12:10:43+02:00","message":" - [8] - GET Result :: Status code: 200"}
{"level":"info","time":"2025-04-23T12:10:43+02:00","message":" - Headers :\r\nAccess-Control-Allow-Credentials:true\nDate:Wed, 23 Apr 2025 10:10:43 GMT\nConnection:keep-alive\nAccess-Control-Allow-Origin:*\n"}
{"level":"info","time":"2025-04-23T12:10:44+02:00","message":" - DoPost Result :: Status code: 200"}
{"level":"info","time":"2025-04-23T12:10:44+02:00","message":" - Headers :\r\nAccess-Control-Allow-Origin:*\nAccess-Control-Allow-Credentials:true\nDate:Wed, 23 Apr 2025 10:10:44 GMT\nConnection:keep-alive\n"}
{"level":"info","time":"2025-04-23T12:10:47+02:00","message":" - DoPost Result :: Status code: 200"}
{"level":"info","time":"2025-04-23T12:10:47+02:00","message":" - Headers :\r\nConnection:keep-alive\nAccess-Control-Allow-Origin:*\nAccess-Control-Allow-Credentials:true\nDate:Wed, 23 Apr 2025 10:10:47 GMT\n"}
{"level":"info","time":"2025-04-23T12:10:47+02:00","message":" - [9] - GET Result :: Status code: 200"}
{"level":"info","time":"2025-04-23T12:10:47+02:00","message":" - Headers :\r\nDate:Wed, 23 Apr 2025 10:10:47 GMT\nConnection:keep-alive\nAccess-Control-Allow-Origin:*\nAccess-Control-Allow-Credentials:true\n"}
{"level":"info","time":"2025-04-23T12:10:49+02:00","message":" - Headers :\r\nDate:Wed, 23 Apr 2025 10:10:49 GMT\nConnection:keep-alive\nAccess-Control-Allow-Origin:*\nAccess-Control-Allow-Credentials:true\n"}
{"level":"info","time":"2025-04-23T12:10:49+02:00","message":" - [10] - GET Result :: Status code: 200"}
{"level":"info","time":"2025-04-23T12:10:49+02:00","message":" - DoPost Result :: Status code: 200"}
{"level":"info","time":"2025-04-23T12:10:49+02:00","message":" - Headers :\r\nDate:Wed, 23 Apr 2025 10:10:49 GMT\nConnection:keep-alive\nAccess-Control-Allow-Origin:*\nAccess-Control-Allow-Credentials:true\n"}
{"level":"info","time":"2025-04-23T12:10:52+02:00","message":" - DoPost Result :: Status code: 200"}
{"level":"info","time":"2025-04-23T12:10:52+02:00","message":" - Headers :\r\nDate:Wed, 23 Apr 2025 10:10:52 GMT\nConnection:keep-alive\nAccess-Control-Allow-Origin:*\nAccess-Control-Allow-Credentials:true\n"}
{"level":"info","time":"2025-04-23T12:10:52+02:00","message":" - [11] - GET Result :: Status code: 200"}
{"level":"info","time":"2025-04-23T12:10:52+02:00","message":" - Headers :\r\nDate:Wed, 23 Apr 2025 10:10:52 GMT\nConnection:keep-alive\nAccess-Control-Allow-Origin:*\nAccess-Control-Allow-Credentials:true\n"}
{"level":"info","time":"2025-04-23T12:10:55+02:00","message":" - [12] - GET Result :: Status code: 200"}
{"level":"info","time":"2025-04-23T12:10:55+02:00","message":" - Headers :\r\nDate:Wed, 23 Apr 2025 10:10:55 GMT\nConnection:keep-alive\nAccess-Control-Allow-Origin:*\nAccess-Control-Allow-Credentials:true\n"}
{"level":"info","time":"2025-04-23T12:10:55+02:00","message":" - Headers :\r\nDate:Wed, 23 Apr 2025 10:10:55 GMT\nConnection:keep-alive\nAccess-Control-Allow-Origin:*\nAccess-Control-Allow-Credentials:true\n"}
{"level":"info","time":"2025-04-23T12:10:55+02:00","message":" - DoPost Result :: Status code: 200"}
{"level":"info","time":"2025-04-23T12:10:58+02:00","message":" - Headers :\r\nDate:Wed, 23 Apr 2025 10:10:58 GMT\nConnection:keep-alive\nAccess-Control-Allow-Origin:*\nAccess-Control-Allow-Credentials:true\n"}
{"level":"info","time":"2025-04-23T12:10:58+02:00","message":" - [13] - GET Result :: Status code: 200"}
{"level":"info","time":"2025-04-23T12:10:59+02:00","message":" - Headers :\r\nDate:Wed, 23 Apr 2025 10:10:58 GMT\nConnection:keep-alive\nAccess-Control-Allow-Origin:*\nAccess-Control-Allow-Credentials:true\n"}
{"level":"info","time":"2025-04-23T12:10:59+02:00","message":" - DoPost Result :: Status code: 200"}
{"level":"info","time":"2025-04-23T12:11:01+02:00","message":" - DoPost Result :: Status code: 200"}
{"level":"info","time":"2025-04-23T12:11:01+02:00","message":" - Headers :\r\nDate:Wed, 23 Apr 2025 10:11:01 GMT\nConnection:keep-alive\nAccess-Control-Allow-Origin:*\nAccess-Control-Allow-Credentials:true\n"}
{"level":"info","time":"2025-04-23T12:11:01+02:00","message":" - Headers :\r\nConnection:keep-alive\nAccess-Control-Allow-Origin:*\nAccess-Control-Allow-Credentials:true\nDate:Wed, 23 Apr 2025 10:11:01 GMT\n"}
{"level":"info","time":"2025-04-23T12:11:01+02:00","message":" - [14] - GET Result :: Status code: 200"}
{"level":"info","time":"2025-04-23T12:11:04+02:00","message":" - [15] - GET Result :: Status code: 200"}
{"level":"info","time":"2025-04-23T12:11:04+02:00","message":" - Headers :\r\nConnection:keep-alive\nAccess-Control-Allow-Origin:*\nAccess-Control-Allow-Credentials:true\nDate:Wed, 23 Apr 2025 10:11:04 GMT\n"}
{"level":"info","time":"2025-04-23T12:11:05+02:00","message":" - DoPost Result :: Status code: 200"}
{"level":"info","time":"2025-04-23T12:11:05+02:00","message":" - Headers :\r\nAccess-Control-Allow-Origin:*\nAccess-Control-Allow-Credentials:true\nDate:Wed, 23 Apr 2025 10:11:05 GMT\nConnection:keep-alive\n"}
{"level":"info","time":"2025-04-23T12:11:07+02:00","message":" - [16] - GET Result :: Status code: 200"}
{"level":"info","time":"2025-04-23T12:11:07+02:00","message":" - Headers :\r\nAccess-Control-Allow-Credentials:true\nDate:Wed, 23 Apr 2025 10:11:07 GMT\nConnection:keep-alive\nAccess-Control-Allow-Origin:*\n"}
{"level":"info","time":"2025-04-23T12:11:08+02:00","message":" - DoPost Result :: Status code: 200"}
{"level":"info","time":"2025-04-23T12:11:08+02:00","message":" - Headers :\r\nConnection:keep-alive\nAccess-Control-Allow-Origin:*\nAccess-Control-Allow-Credentials:true\nDate:Wed, 23 Apr 2025 10:11:08 GMT\n"}
{"level":"info","time":"2025-04-23T12:11:10+02:00","message":" - DoPost Result :: Status code: 200"}
{"level":"info","time":"2025-04-23T12:11:10+02:00","message":" - Headers :\r\nAccess-Control-Allow-Credentials:true\nDate:Wed, 23 Apr 2025 10:11:10 GMT\nConnection:keep-alive\nAccess-Control-Allow-Origin:*\n"}
{"level":"info","time":"2025-04-23T12:11:11+02:00","message":" - Headers :\r\nDate:Wed, 23 Apr 2025 10:11:10 GMT\nConnection:keep-alive\nAccess-Control-Allow-Origin:*\nAccess-Control-Allow-Credentials:true\n"}
{"level":"info","time":"2025-04-23T12:11:11+02:00","message":" - [17] - GET Result :: Status code: 200"}
{"level":"info","time":"2025-04-23T12:11:13+02:00","message":" - [18] - GET Result :: Status code: 200"}
{"level":"info","time":"2025-04-23T12:11:13+02:00","message":" - Headers :\r\nAccess-Control-Allow-Origin:*\nAccess-Control-Allow-Credentials:true\nDate:Wed, 23 Apr 2025 10:11:13 GMT\nConnection:keep-alive\n"}
{"level":"info","time":"2025-04-23T12:11:14+02:00","message":" - DoPost Result :: Status code: 200"}
{"level":"info","time":"2025-04-23T12:11:14+02:00","message":" - Headers :\r\nDate:Wed, 23 Apr 2025 10:11:14 GMT\nConnection:keep-alive\nAccess-Control-Allow-Origin:*\nAccess-Control-Allow-Credentials:true\n"}
{"level":"info","time":"2025-04-23T12:15:28+02:00","message":"Logger Initialized & Started"}
{"level":"info","time":"2025-04-23T12:15:28+02:00","message":"logger instance created with file /media/ajith/work/dev/go/Git_Lab2/agnione//log/AgniOne_demo_http.log"}
{"level":"info","time":"2025-04-23T12:15:28+02:00","message":"Application AgniOne Demo Application - 1.0.0.0 loaded"}
{"level":"info","time":"2025-04-23T12:15:28+02:00","message":"Found 1 pool setting for appunit Http_demo"}
{"level":"info","time":"2025-04-23T12:15:29+02:00","message":"Loading the 0 appunit of pool [1] of Http_demo"}
{"level":"info","time":"2025-04-23T12:15:29+02:00","message":"Loaded & started 1 pool of appunits"}
{"level":"info","time":"2025-04-23T12:15:29+02:00","message":"Starting (0) of [1] - Http_demo.............\nAppunit info -> "}
{"level":"info","time":"2025-04-23T12:15:29+02:00","message":" - Starting ....."}
{"level":"info","time":"2025-04-23T12:15:29+02:00","message":"Started ------ (0) of [1] - Http_demo successfully"}
{"level":"info","time":"2025-04-23T12:15:29+02:00","message":"Started\t1 out of 1 pool of appunit Http_demo\n"}
{"level":"info","time":"2025-04-23T12:15:29+02:00","message":" - Starting the ........... DONE"}
{"level":"info","time":"2025-04-23T12:15:29+02:00","message":"starting the DoGet routine"}
{"level":"info","time":"2025-04-23T12:15:30+02:00","message":"starting HTTP monitoring ......"}
{"level":"info","time":"2025-04-23T12:15:30+02:00","message":"HTTP monitoring started on 0.0.0.0:8080"}
{"level":"info","time":"2025-04-23T12:15:35+02:00","message":"broadcasting status via SSE started"}
{"level":"info","time":"2025-04-23T12:15:35+02:00","message":" - [0] - GET Result :: Status code: 200"}
{"level":"info","time":"2025-04-23T12:15:35+02:00","message":" - Headers :\r\nConnection:keep-alive\nAccess-Control-Allow-Origin:*\nAccess-Control-Allow-Credentials:true\nDate:Wed, 23 Apr 2025 10:15:35 GMT\n"}
{"level":"info","time":"2025-04-23T12:15:35+02:00","message":" - DoPost Result :: Status code: 200"}
{"level":"info","time":"2025-04-23T12:15:35+02:00","message":" - Headers :\r\nConnection:keep-alive\nAccess-Control-Allow-Origin:*\nAccess-Control-Allow-Credentials:true\nDate:Wed, 23 Apr 2025 10:15:35 GMT\n"}
{"level":"info","time":"2025-04-23T12:15:35+02:00","message":" - DoPost Result :: Status code: 200"}
{"level":"info","time":"2025-04-23T12:15:35+02:00","message":" - Headers :\r\nConnection:keep-alive\nAccess-Control-Allow-Origin:*\nAccess-Control-Allow-Credentials:true\nDate:Wed, 23 Apr 2025 10:15:35 GMT\n"}
{"level":"info","time":"2025-04-23T12:15:37+02:00","message":" - [1] - GET Result :: Status code: 200"}
{"level":"info","time":"2025-04-23T12:15:37+02:00","message":" - Headers :\r\nAccess-Control-Allow-Credentials:true\nDate:Wed, 23 Apr 2025 10:15:36 GMT\nConnection:keep-alive\nAccess-Control-Allow-Origin:*\n"}
{"level":"info","time":"2025-04-23T12:15:38+02:00","message":" - DoPost Result :: Status code: 200"}
{"level":"info","time":"2025-04-23T12:15:38+02:00","message":" - Headers :\r\nDate:Wed, 23 Apr 2025 10:15:38 GMT\nConnection:keep-alive\nAccess-Control-Allow-Origin:*\nAccess-Control-Allow-Credentials:true\n"}
{"level":"info","time":"2025-04-23T12:15:39+02:00","message":" - [2] - GET Result :: Status code: 200"}
{"level":"info","time":"2025-04-23T12:15:39+02:00","message":" - Headers :\r\nAccess-Control-Allow-Origin:*\nAccess-Control-Allow-Credentials:true\nDate:Wed, 23 Apr 2025 10:15:39 GMT\nConnection:keep-alive\n"}
{"level":"info","time":"2025-04-23T12:15:41+02:00","message":" - [3] - GET Result :: Status code: 200"}
{"level":"info","time":"2025-04-23T12:15:41+02:00","message":" - Headers :\r\nDate:Wed, 23 Apr 2025 10:15:41 GMT\nConnection:keep-alive\nAccess-Control-Allow-Origin:*\nAccess-Control-Allow-Credentials:true\n"}
{"level":"info","time":"2025-04-23T12:15:42+02:00","message":" - Headers :\r\nAccess-Control-Allow-Origin:*\nAccess-Control-Allow-Credentials:true\nDate:Wed, 23 Apr 2025 10:15:42 GMT\nConnection:keep-alive\n"}
{"level":"info","time":"2025-04-23T12:15:42+02:00","message":" - DoPost Result :: Status code: 200"}
{"level":"info","time":"2025-04-23T12:15:44+02:00","message":" - Headers :\r\nDate:Wed, 23 Apr 2025 10:15:44 GMT\nConnection:keep-alive\nAccess-Control-Allow-Origin:*\nAccess-Control-Allow-Credentials:true\n"}
{"level":"info","time":"2025-04-23T12:15:44+02:00","message":" - [4] - GET Result :: Status code: 200"}
{"level":"info","time":"2025-04-23T12:15:45+02:00","message":" - DoPost Result :: Status code: 200"}
{"level":"info","time":"2025-04-23T12:15:45+02:00","message":" - Headers :\r\nAccess-Control-Allow-Origin:*\nAccess-Control-Allow-Credentials:true\nDate:Wed, 23 Apr 2025 10:15:44 GMT\nConnection:keep-alive\n"}
{"level":"info","time":"2025-04-23T12:15:47+02:00","message":" - Headers :\r\nDate:Wed, 23 Apr 2025 10:15:47 GMT\nConnection:keep-alive\nAccess-Control-Allow-Origin:*\nAccess-Control-Allow-Credentials:true\n"}
{"level":"info","time":"2025-04-23T12:15:47+02:00","message":" - DoPost Result :: Status code: 200"}
{"level":"info","time":"2025-04-23T12:15:49+02:00","message":" - [5] - GET Result :: Status code: 200"}
{"level":"info","time":"2025-04-23T12:15:49+02:00","message":" - Headers :\r\nDate:Wed, 23 Apr 2025 10:15:48 GMT\nConnection:keep-alive\nAccess-Control-Allow-Origin:*\nAccess-Control-Allow-Credentials:true\n"}
{"level":"info","time":"2025-04-23T12:15:50+02:00","message":" - [6] - GET Result :: Status code: 200"}
{"level":"info","time":"2025-04-23T12:15:50+02:00","message":" - Headers :\r\nConnection:keep-alive\nAccess-Control-Allow-Origin:*\nAccess-Control-Allow-Credentials:true\nDate:Wed, 23 Apr 2025 10:15:50 GMT\n"}
{"level":"info","time":"2025-04-23T12:15:50+02:00","message":" - DoPost Result :: Status code: 200"}
{"level":"info","time":"2025-04-23T12:15:50+02:00","message":" - Headers :\r\nDate:Wed, 23 Apr 2025 10:15:50 GMT\nConnection:keep-alive\nAccess-Control-Allow-Origin:*\nAccess-Control-Allow-Credentials:true\n"}
{"level":"info","time":"2025-04-23T12:15:53+02:00","message":" - [7] - GET Result :: Status code: 200"}
{"level":"info","time":"2025-04-23T12:15:53+02:00","message":" - Headers :\r\nAccess-Control-Allow-Credentials:true\nDate:Wed, 23 Apr 2025 10:15:53 GMT\nConnection:keep-alive\nAccess-Control-Allow-Origin:*\n"}
{"level":"info","time":"2025-04-23T12:15:53+02:00","message":" - DoPost Result :: Status code: 200"}
{"level":"info","time":"2025-04-23T12:15:53+02:00","message":" - Headers :\r\nConnection:keep-alive\nAccess-Control-Allow-Origin:*\nAccess-Control-Allow-Credentials:true\nDate:Wed, 23 Apr 2025 10:15:53 GMT\n"}
{"level":"info","time":"2025-04-23T12:15:56+02:00","message":" - DoPost Result :: Status code: 200"}
{"level":"info","time":"2025-04-23T12:15:56+02:00","message":" - Headers :\r\nDate:Wed, 23 Apr 2025 10:15:56 GMT\nConnection:keep-alive\nAccess-Control-Allow-Origin:*\nAccess-Control-Allow-Credentials:true\n"}
{"level":"info","time":"2025-04-23T12:15:58+02:00","message":" - [8] - GET Result :: Status code: 200"}
{"level":"info","time":"2025-04-23T12:15:58+02:00","message":" - Headers :\r\nConnection:keep-alive\nAccess-Control-Allow-Origin:*\nAccess-Control-Allow-Credentials:true\nDate:Wed, 23 Apr 2025 10:15:57 GMT\n"}
{"level":"info","time":"2025-04-23T12:17:58+02:00","message":"Logger Initialized & Started"}
{"level":"info","time":"2025-04-23T12:17:58+02:00","message":"logger instance created with file /media/ajith/work/dev/go/Git_Lab2/agnione//log/AgniOne_demo_http.log"}
{"level":"info","time":"2025-04-23T12:17:58+02:00","message":"Application AgniOne Demo Application - 1.0.0.0 loaded"}
{"level":"info","time":"2025-04-23T12:17:58+02:00","message":"Found 1 pool setting for appunit Http_demo"}
{"level":"info","time":"2025-04-23T12:17:58+02:00","message":"Loading the 0 appunit of pool [1] of Http_demo"}
{"level":"info","time":"2025-04-23T12:17:58+02:00","message":"Loaded & started 1 pool of appunits"}
{"level":"info","time":"2025-04-23T12:17:58+02:00","message":" - Starting ....."}
{"level":"info","time":"2025-04-23T12:17:58+02:00","message":"Started ------ (0) of [1] - Http_demo successfully"}
{"level":"info","time":"2025-04-23T12:17:58+02:00","message":"Starting (0) of [1] - Http_demo.............\nAppunit info -> "}
{"level":"info","time":"2025-04-23T12:17:58+02:00","message":" - Starting the ........... DONE"}
{"level":"info","time":"2025-04-23T12:17:58+02:00","message":"Started\t1 out of 1 pool of appunit Http_demo\n"}
{"level":"info","time":"2025-04-23T12:17:58+02:00","message":"starting the DoGet routine"}
{"level":"info","time":"2025-04-23T12:17:59+02:00","message":"starting HTTP monitoring ......"}
{"level":"info","time":"2025-04-23T12:17:59+02:00","message":"HTTP monitoring started on 0.0.0.0:8080"}
{"level":"info","time":"2025-04-23T12:18:01+02:00","message":"broadcasting status via SSE started"}
{"level":"info","time":"2025-04-23T12:18:02+02:00","message":" - [0] - GET Result :: Status code: 200"}
{"level":"info","time":"2025-04-23T12:18:02+02:00","message":" - Headers :\r\nDate:Wed, 23 Apr 2025 10:18:02 GMT\nConnection:keep-alive\nAccess-Control-Allow-Origin:*\nAccess-Control-Allow-Credentials:true\n"}
{"level":"info","time":"2025-04-23T12:18:02+02:00","message":" - Headers :\r\nDate:Wed, 23 Apr 2025 10:18:02 GMT\nConnection:keep-alive\nAccess-Control-Allow-Origin:*\nAccess-Control-Allow-Credentials:true\n"}
{"level":"info","time":"2025-04-23T12:18:02+02:00","message":" - DoPost Result :: Status code: 200"}
{"level":"info","time":"2025-04-23T12:18:05+02:00","message":" - DoPost Result :: Status code: 200"}
{"level":"info","time":"2025-04-23T12:18:05+02:00","message":" - Headers :\r\nDate:Wed, 23 Apr 2025 10:18:05 GMT\nConnection:keep-alive\nAccess-Control-Allow-Origin:*\nAccess-Control-Allow-Credentials:true\n"}
{"level":"info","time":"2025-04-23T12:18:05+02:00","message":" - Headers :\r\nDate:Wed, 23 Apr 2025 10:18:05 GMT\nConnection:keep-alive\nAccess-Control-Allow-Origin:*\nAccess-Control-Allow-Credentials:true\n"}
{"level":"info","time":"2025-04-23T12:18:05+02:00","message":" - [1] - GET Result :: Status code: 200"}
{"level":"info","time":"2025-04-23T12:18:08+02:00","message":" - [2] - GET Result :: Status code: 200"}
{"level":"info","time":"2025-04-23T12:18:08+02:00","message":" - Headers :\r\nConnection:keep-alive\nAccess-Control-Allow-Origin:*\nAccess-Control-Allow-Credentials:true\nDate:Wed, 23 Apr 2025 10:18:08 GMT\n"}
{"level":"info","time":"2025-04-23T12:18:08+02:00","message":" - DoPost Result :: Status code: 200"}
{"level":"info","time":"2025-04-23T12:18:08+02:00","message":" - Headers :\r\nAccess-Control-Allow-Credentials:true\nDate:Wed, 23 Apr 2025 10:18:08 GMT\nConnection:keep-alive\nAccess-Control-Allow-Origin:*\n"}
{"level":"info","time":"2025-04-23T12:18:11+02:00","message":" - DoPost Result :: Status code: 200"}
{"level":"info","time":"2025-04-23T12:18:11+02:00","message":" - Headers :\r\nDate:Wed, 23 Apr 2025 10:18:11 GMT\nConnection:keep-alive\nAccess-Control-Allow-Origin:*\nAccess-Control-Allow-Credentials:true\n"}
{"level":"info","time":"2025-04-23T12:18:12+02:00","message":" - [3] - GET Result :: Status code: 200"}
{"level":"info","time":"2025-04-23T12:18:12+02:00","message":" - Headers :\r\nConnection:keep-alive\nAccess-Control-Allow-Origin:*\nAccess-Control-Allow-Credentials:true\nDate:Wed, 23 Apr 2025 10:18:12 GMT\n"}
{"level":"info","time":"2025-04-23T12:20:11+02:00","message":"Logger Initialized & Started"}
{"level":"info","time":"2025-04-23T12:20:11+02:00","message":"Application AgniOne Demo Application - 1.0.0.0 loaded"}
{"level":"info","time":"2025-04-23T12:20:11+02:00","message":"logger instance created with file /media/ajith/work/dev/go/Git_Lab2/agnione//log/AgniOne_demo_http.log"}
{"level":"info","time":"2025-04-23T12:20:11+02:00","message":"Found 1 pool setting for appunit Http_demo"}
{"level":"info","time":"2025-04-23T12:20:11+02:00","message":"Loading the 0 appunit of pool [1] of Http_demo"}
{"level":"info","time":"2025-04-23T12:20:11+02:00","message":"Starting (0) of [1] - Http_demo.............\nAppunit info -> "}
{"level":"info","time":"2025-04-23T12:20:11+02:00","message":"Loaded & started 1 pool of appunits"}
{"level":"info","time":"2025-04-23T12:20:11+02:00","message":" - Starting ....."}
{"level":"info","time":"2025-04-23T12:20:11+02:00","message":" - Starting the ........... DONE"}
{"level":"info","time":"2025-04-23T12:20:11+02:00","message":"starting the DoGet routine"}
{"level":"info","time":"2025-04-23T12:20:11+02:00","message":"Started\t1 out of 1 pool of appunit Http_demo\n"}
{"level":"info","time":"2025-04-23T12:20:11+02:00","message":"Started ------ (0) of [1] - Http_demo successfully"}
{"level":"info","time":"2025-04-23T12:20:12+02:00","message":"starting HTTP monitoring ......"}
{"level":"info","time":"2025-04-23T12:20:12+02:00","message":"HTTP monitoring started on 0.0.0.0:8080"}
{"level":"info","time":"2025-04-23T12:20:14+02:00","message":"broadcasting status via SSE started"}
{"level":"info","time":"2025-04-23T12:20:20+02:00","message":" - [0] - GET Result :: Status code: 200"}
{"level":"info","time":"2025-04-23T12:20:20+02:00","message":" - Headers :\r\nDate:Wed, 23 Apr 2025 10:20:20 GMT\nConnection:keep-alive\nAccess-Control-Allow-Origin:*\nAccess-Control-Allow-Credentials:true\n"}
{"level":"info","time":"2025-04-23T12:20:21+02:00","message":" - DoPost Result :: Status code: 200"}
{"level":"info","time":"2025-04-23T12:20:21+02:00","message":" - Headers :\r\nDate:Wed, 23 Apr 2025 10:20:20 GMT\nConnection:keep-alive\nAccess-Control-Allow-Origin:*\nAccess-Control-Allow-Credentials:true\n"}
{"level":"info","time":"2025-04-23T12:20:21+02:00","message":" - Headers :\r\nDate:Wed, 23 Apr 2025 10:20:20 GMT\nConnection:keep-alive\nAccess-Control-Allow-Origin:*\nAccess-Control-Allow-Credentials:true\n"}
{"level":"info","time":"2025-04-23T12:20:21+02:00","message":" - [1] - GET Result :: Status code: 200"}
{"level":"info","time":"2025-04-23T12:20:21+02:00","message":" - DoPost Result :: Status code: 200"}
{"level":"info","time":"2025-04-23T12:20:21+02:00","message":" - Headers :\r\nAccess-Control-Allow-Origin:*\nAccess-Control-Allow-Credentials:true\nDate:Wed, 23 Apr 2025 10:20:21 GMT\nConnection:keep-alive\n"}
{"level":"info","time":"2025-04-23T12:20:24+02:00","message":" - DoPost Result :: Status code: 200"}
{"level":"info","time":"2025-04-23T12:20:24+02:00","message":" - Headers :\r\nDate:Wed, 23 Apr 2025 10:20:23 GMT\nConnection:keep-alive\nAccess-Control-Allow-Origin:*\nAccess-Control-Allow-Credentials:true\n"}
{"level":"info","time":"2025-04-23T12:20:24+02:00","message":" - [2] - GET Result :: Status code: 200"}
{"level":"info","time":"2025-04-23T12:20:24+02:00","message":" - Headers :\r\nAccess-Control-Allow-Credentials:true\nDate:Wed, 23 Apr 2025 10:20:23 GMT\nConnection:keep-alive\nAccess-Control-Allow-Origin:*\n"}
{"level":"info","time":"2025-04-23T12:20:27+02:00","message":" - [3] - GET Result :: Status code: 200"}
{"level":"info","time":"2025-04-23T12:20:27+02:00","message":" - Headers :\r\nDate:Wed, 23 Apr 2025 10:20:26 GMT\nConnection:keep-alive\nAccess-Control-Allow-Origin:*\nAccess-Control-Allow-Credentials:true\n"}
{"level":"info","time":"2025-04-23T12:20:27+02:00","message":" - DoPost Result :: Status code: 200"}
{"level":"info","time":"2025-04-23T12:20:27+02:00","message":" - Headers :\r\nAccess-Control-Allow-Origin:*\nAccess-Control-Allow-Credentials:true\nDate:Wed, 23 Apr 2025 10:20:26 GMT\nConnection:keep-alive\n"}
{"level":"info","time":"2025-04-23T12:20:30+02:00","message":" - DoPost Result :: Status code: 200"}
{"level":"info","time":"2025-04-23T12:20:30+02:00","message":" - Headers :\r\nDate:Wed, 23 Apr 2025 10:20:29 GMT\nConnection:keep-alive\nAccess-Control-Allow-Origin:*\nAccess-Control-Allow-Credentials:true\n"}
{"level":"info","time":"2025-04-23T12:20:30+02:00","message":" - [4] - GET Result :: Status code: 200"}
{"level":"info","time":"2025-04-23T12:20:30+02:00","message":" - Headers :\r\nAccess-Control-Allow-Credentials:true\nDate:Wed, 23 Apr 2025 10:20:30 GMT\nConnection:keep-alive\nAccess-Control-Allow-Origin:*\n"}
{"level":"info","time":"2025-04-23T12:20:33+02:00","message":" - DoPost Result :: Status code: 200"}
{"level":"info","time":"2025-04-23T12:20:33+02:00","message":" - Headers :\r\nDate:Wed, 23 Apr 2025 10:20:33 GMT\nConnection:keep-alive\nAccess-Control-Allow-Origin:*\nAccess-Control-Allow-Credentials:true\n"}
{"level":"info","time":"2025-04-23T12:20:35+02:00","message":" - [5] - GET Result :: Status code: 200"}
{"level":"info","time":"2025-04-23T12:20:35+02:00","message":" - Headers :\r\nAccess-Control-Allow-Credentials:true\nDate:Wed, 23 Apr 2025 10:20:34 GMT\nConnection:keep-alive\nAccess-Control-Allow-Origin:*\n"}
{"level":"info","time":"2025-04-23T12:20:36+02:00","message":" - DoPost Result :: Status code: 200"}
{"level":"info","time":"2025-04-23T12:20:36+02:00","message":" - Headers :\r\nDate:Wed, 23 Apr 2025 10:20:35 GMT\nConnection:keep-alive\nAccess-Control-Allow-Origin:*\nAccess-Control-Allow-Credentials:true\n"}
{"level":"info","time":"2025-04-23T12:20:36+02:00","message":" - [6] - GET Result :: Status code: 200"}
{"level":"info","time":"2025-04-23T12:20:36+02:00","message":" - Headers :\r\nAccess-Control-Allow-Origin:*\nAccess-Control-Allow-Credentials:true\nDate:Wed, 23 Apr 2025 10:20:36 GMT\nConnection:keep-alive\n"}
{"level":"info","time":"2025-04-23T12:20:39+02:00","message":" - [7] - GET Result :: Status code: 200"}
{"level":"info","time":"2025-04-23T12:20:39+02:00","message":" - Headers :\r\nDate:Wed, 23 Apr 2025 10:20:38 GMT\nConnection:keep-alive\nAccess-Control-Allow-Origin:*\nAccess-Control-Allow-Credentials:true\n"}
{"level":"info","time":"2025-04-23T12:20:39+02:00","message":" - Headers :\r\nAccess-Control-Allow-Origin:*\nAccess-Control-Allow-Credentials:true\nDate:Wed, 23 Apr 2025 10:20:39 GMT\nConnection:keep-alive\n"}
{"level":"info","time":"2025-04-23T12:20:39+02:00","message":" - DoPost Result :: Status code: 200"}
{"level":"info","time":"2025-04-23T12:20:42+02:00","message":" - [8] - GET Result :: Status code: 200"}
{"level":"info","time":"2025-04-23T12:20:42+02:00","message":" - Headers :\r\nConnection:keep-alive\nAccess-Control-Allow-Origin:*\nAccess-Control-Allow-Credentials:true\nDate:Wed, 23 Apr 2025 10:20:41 GMT\n"}
{"level":"info","time":"2025-04-23T12:20:42+02:00","message":" - DoPost Result :: Status code: 200"}
{"level":"info","time":"2025-04-23T12:20:42+02:00","message":" - Headers :\r\nConnection:keep-alive\nAccess-Control-Allow-Origin:*\nAccess-Control-Allow-Credentials:true\nDate:Wed, 23 Apr 2025 10:20:42 GMT\n"}
{"level":"info","time":"2025-04-23T12:20:45+02:00","message":" - DoPost Result :: Status code: 200"}
{"level":"info","time":"2025-04-23T12:20:45+02:00","message":" - Headers :\r\nDate:Wed, 23 Apr 2025 10:20:44 GMT\nConnection:keep-alive\nAccess-Control-Allow-Origin:*\nAccess-Control-Allow-Credentials:true\n"}
{"level":"info","time":"2025-04-23T12:20:45+02:00","message":" - [9] - GET Result :: Status code: 200"}
{"level":"info","time":"2025-04-23T12:20:45+02:00","message":" - Headers :\r\nDate:Wed, 23 Apr 2025 10:20:44 GMT\nConnection:keep-alive\nAccess-Control-Allow-Origin:*\nAccess-Control-Allow-Credentials:true\n"}
{"level":"info","time":"2025-04-23T12:20:48+02:00","message":" - [10] - GET Result :: Status code: 200"}
{"level":"info","time":"2025-04-23T12:20:48+02:00","message":" - Headers :\r\nDate:Wed, 23 Apr 2025 10:20:47 GMT\nConnection:keep-alive\nAccess-Control-Allow-Origin:*\nAccess-Control-Allow-Credentials:true\n"}
{"level":"info","time":"2025-04-23T12:20:48+02:00","message":" - Headers :\r\nAccess-Control-Allow-Origin:*\nAccess-Control-Allow-Credentials:true\nDate:Wed, 23 Apr 2025 10:20:48 GMT\nConnection:keep-alive\n"}
{"level":"info","time":"2025-04-23T12:20:48+02:00","message":" - DoPost Result :: Status code: 200"}
{"level":"info","time":"2025-04-23T12:20:51+02:00","message":" - DoPost Result :: Status code: 200"}
{"level":"info","time":"2025-04-23T12:20:51+02:00","message":" - Headers :\r\nDate:Wed, 23 Apr 2025 10:20:50 GMT\nConnection:keep-alive\nAccess-Control-Allow-Origin:*\nAccess-Control-Allow-Credentials:true\n"}
{"level":"info","time":"2025-04-23T12:20:53+02:00","message":" - [11] - GET Result :: Status code: 200"}
{"level":"info","time":"2025-04-23T12:20:53+02:00","message":" - Headers :\r\nAccess-Control-Allow-Credentials:true\nDate:Wed, 23 Apr 2025 10:20:53 GMT\nConnection:keep-alive\nAccess-Control-Allow-Origin:*\n"}
{"level":"info","time":"2025-04-23T12:20:54+02:00","message":" - DoPost Result :: Status code: 200"}
{"level":"info","time":"2025-04-23T12:20:54+02:00","message":" - Headers :\r\nAccess-Control-Allow-Credentials:true\nDate:Wed, 23 Apr 2025 10:20:53 GMT\nConnection:keep-alive\nAccess-Control-Allow-Origin:*\n"}
{"level":"info","time":"2025-04-23T12:20:54+02:00","message":" - [12] - GET Result :: Status code: 200"}
{"level":"info","time":"2025-04-23T12:20:54+02:00","message":" - Headers :\r\nAccess-Control-Allow-Origin:*\nAccess-Control-Allow-Credentials:true\nDate:Wed, 23 Apr 2025 10:20:54 GMT\nConnection:keep-alive\n"}
{"level":"info","time":"2025-04-23T12:20:57+02:00","message":" - [13] - GET Result :: Status code: 200"}
{"level":"info","time":"2025-04-23T12:20:57+02:00","message":" - Headers :\r\nAccess-Control-Allow-Credentials:true\nDate:Wed, 23 Apr 2025 10:20:56 GMT\nConnection:keep-alive\nAccess-Control-Allow-Origin:*\n"}
{"level":"info","time":"2025-04-23T12:20:57+02:00","message":" - Headers :\r\nAccess-Control-Allow-Origin:*\nAccess-Control-Allow-Credentials:true\nDate:Wed, 23 Apr 2025 10:20:56 GMT\nConnection:keep-alive\n"}
{"level":"info","time":"2025-04-23T12:20:57+02:00","message":" - DoPost Result :: Status code: 200"}
{"level":"info","time":"2025-04-23T12:21:00+02:00","message":"Logger Initialized & Started"}
{"level":"info","time":"2025-04-23T12:21:00+02:00","message":"logger instance created with file /media/ajith/work/dev/go/Git_Lab2/agnione//log/AgniOne_demo_http.log"}
{"level":"info","time":"2025-04-23T12:21:00+02:00","message":"Found 1 pool setting for appunit Http_demo"}
{"level":"info","time":"2025-04-23T12:21:00+02:00","message":"Application AgniOne Demo Application - 1.0.0.0 loaded"}
{"level":"info","time":"2025-04-23T12:21:00+02:00","message":"Loading the 0 appunit of pool [1] of Http_demo"}
{"level":"info","time":"2025-04-23T12:21:00+02:00","message":"Starting (0) of [1] - Http_demo.............\nAppunit info -> "}
{"level":"info","time":"2025-04-23T12:21:00+02:00","message":" - Starting ....."}
{"level":"info","time":"2025-04-23T12:21:00+02:00","message":"Loaded & started 1 pool of appunits"}
{"level":"info","time":"2025-04-23T12:21:00+02:00","message":" - Starting the ........... DONE"}
{"level":"info","time":"2025-04-23T12:21:00+02:00","message":"Started ------ (0) of [1] - Http_demo successfully"}
{"level":"info","time":"2025-04-23T12:21:00+02:00","message":"Started\t1 out of 1 pool of appunit Http_demo\n"}
{"level":"info","time":"2025-04-23T12:21:00+02:00","message":"starting the DoGet routine"}
{"level":"info","time":"2025-04-23T12:21:01+02:00","message":"starting HTTP monitoring ......"}
{"level":"info","time":"2025-04-23T12:21:01+02:00","message":"HTTP monitoring started on 0.0.0.0:8080"}
{"level":"info","time":"2025-04-23T12:21:03+02:00","message":"broadcasting status via SSE started"}
{"level":"info","time":"2025-04-23T12:21:04+02:00","message":" - DoPost Result :: Status code: 200"}
{"level":"info","time":"2025-04-23T12:21:04+02:00","message":" - Headers :\r\nDate:Wed, 23 Apr 2025 10:21:04 GMT\nConnection:keep-alive\nAccess-Control-Allow-Origin:*\nAccess-Control-Allow-Credentials:true\n"}
{"level":"info","time":"2025-04-23T12:21:04+02:00","message":" - Headers :\r\nConnection:keep-alive\nAccess-Control-Allow-Origin:*\nAccess-Control-Allow-Credentials:true\nDate:Wed, 23 Apr 2025 10:21:04 GMT\n"}
{"level":"info","time":"2025-04-23T12:21:04+02:00","message":" - [0] - GET Result :: Status code: 200"}
{"level":"info","time":"2025-04-23T12:21:10+02:00","message":" - DoPost Result :: Status code: 200"}
{"level":"info","time":"2025-04-23T12:21:10+02:00","message":" - Headers :\r\nAccess-Control-Allow-Credentials:true\nDate:Wed, 23 Apr 2025 10:21:10 GMT\nConnection:keep-alive\nAccess-Control-Allow-Origin:*\n"}
{"level":"info","time":"2025-04-23T12:21:10+02:00","message":" - [1] - GET Result :: Status code: 200"}
{"level":"info","time":"2025-04-23T12:21:10+02:00","message":" - Headers :\r\nDate:Wed, 23 Apr 2025 10:21:10 GMT\nConnection:keep-alive\nAccess-Control-Allow-Origin:*\nAccess-Control-Allow-Credentials:true\n"}
{"level":"info","time":"2025-04-23T12:21:13+02:00","message":" - DoPost Result :: Status code: 200"}
{"level":"info","time":"2025-04-23T12:21:13+02:00","message":" - Headers :\r\nDate:Wed, 23 Apr 2025 10:21:12 GMT\nConnection:keep-alive\nAccess-Control-Allow-Origin:*\nAccess-Control-Allow-Credentials:true\n"}
{"level":"info","time":"2025-04-23T12:21:13+02:00","message":" - [2] - GET Result :: Status code: 200"}
{"level":"info","time":"2025-04-23T12:21:13+02:00","message":" - Headers :\r\nDate:Wed, 23 Apr 2025 10:21:13 GMT\nConnection:keep-alive\nAccess-Control-Allow-Origin:*\nAccess-Control-Allow-Credentials:true\n"}
{"level":"info","time":"2025-04-23T12:21:15+02:00","message":" - Headers :\r\nDate:Wed, 23 Apr 2025 10:21:15 GMT\nConnection:keep-alive\nAccess-Control-Allow-Origin:*\nAccess-Control-Allow-Credentials:true\n"}
{"level":"info","time":"2025-04-23T12:21:15+02:00","message":" - DoPost Result :: Status code: 200"}
{"level":"info","time":"2025-04-23T12:21:16+02:00","message":" - [3] - GET Result :: Status code: 200"}
{"level":"info","time":"2025-04-23T12:21:16+02:00","message":" - Headers :\r\nDate:Wed, 23 Apr 2025 10:21:15 GMT\nConnection:keep-alive\nAccess-Control-Allow-Origin:*\nAccess-Control-Allow-Credentials:true\n"}
{"level":"info","time":"2025-04-23T12:21:18+02:00","message":" - [4] - GET Result :: Status code: 200"}
{"level":"info","time":"2025-04-23T12:21:18+02:00","message":" - Headers :\r\nAccess-Control-Allow-Origin:*\nAccess-Control-Allow-Credentials:true\nDate:Wed, 23 Apr 2025 10:21:18 GMT\nConnection:keep-alive\n"}
{"level":"info","time":"2025-04-23T12:21:18+02:00","message":" - DoPost Result :: Status code: 200"}
{"level":"info","time":"2025-04-23T12:21:18+02:00","message":" - Headers :\r\nDate:Wed, 23 Apr 2025 10:21:18 GMT\nConnection:keep-alive\nAccess-Control-Allow-Origin:*\nAccess-Control-Allow-Credentials:true\n"}
{"level":"info","time":"2025-04-23T12:21:21+02:00","message":" - [5] - GET Result :: Status code: 200"}
{"level":"info","time":"2025-04-23T12:21:21+02:00","message":" - Headers :\r\nDate:Wed, 23 Apr 2025 10:21:21 GMT\nConnection:keep-alive\nAccess-Control-Allow-Origin:*\nAccess-Control-Allow-Credentials:true\n"}
{"level":"info","time":"2025-04-23T12:21:21+02:00","message":" - DoPost Result :: Status code: 200"}
{"level":"info","time":"2025-04-23T12:21:21+02:00","message":" - Headers :\r\nDate:Wed, 23 Apr 2025 10:21:21 GMT\nConnection:keep-alive\nAccess-Control-Allow-Origin:*\nAccess-Control-Allow-Credentials:true\n"}
{"level":"info","time":"2025-04-23T12:21:24+02:00","message":" - [6] - GET Result :: Status code: 200"}
{"level":"info","time":"2025-04-23T12:21:24+02:00","message":" - Headers :\r\nConnection:keep-alive\nAccess-Control-Allow-Origin:*\nAccess-Control-Allow-Credentials:true\nDate:Wed, 23 Apr 2025 10:21:24 GMT\n"}
{"level":"info","time":"2025-04-23T12:21:25+02:00","message":" - DoPost Result :: Status code: 200"}
{"level":"info","time":"2025-04-23T12:21:25+02:00","message":" - Headers :\r\nDate:Wed, 23 Apr 2025 10:21:25 GMT\nConnection:keep-alive\nAccess-Control-Allow-Origin:*\nAccess-Control-Allow-Credentials:true\n"}
{"level":"info","time":"2025-04-23T12:21:27+02:00","message":" - DoPost Result :: Status code: 200"}
{"level":"info","time":"2025-04-23T12:21:27+02:00","message":" - Headers :\r\nDate:Wed, 23 Apr 2025 10:21:27 GMT\nConnection:keep-alive\nAccess-Control-Allow-Origin:*\nAccess-Control-Allow-Credentials:true\n"}
{"level":"info","time":"2025-04-23T12:21:28+02:00","message":" - [7] - GET Result :: Status code: 200"}
{"level":"info","time":"2025-04-23T12:21:28+02:00","message":" - Headers :\r\nConnection:keep-alive\nAccess-Control-Allow-Origin:*\nAccess-Control-Allow-Credentials:true\nDate:Wed, 23 Apr 2025 10:21:28 GMT\n"}
{"level":"info","time":"2025-04-23T12:21:30+02:00","message":" - Headers :\r\nDate:Wed, 23 Apr 2025 10:21:30 GMT\nConnection:keep-alive\nAccess-Control-Allow-Origin:*\nAccess-Control-Allow-Credentials:true\n"}
{"level":"info","time":"2025-04-23T12:21:30+02:00","message":" - [8] - GET Result :: Status code: 200"}
{"level":"info","time":"2025-04-23T12:21:31+02:00","message":" - DoPost Result :: Status code: 200"}
{"level":"info","time":"2025-04-23T12:21:31+02:00","message":" - Headers :\r\nAccess-Control-Allow-Credentials:true\nDate:Wed, 23 Apr 2025 10:21:31 GMT\nConnection:keep-alive\nAccess-Control-Allow-Origin:*\n"}
{"level":"info","time":"2025-04-23T12:21:33+02:00","message":" - DoPost Result :: Status code: 200"}
{"level":"info","time":"2025-04-23T12:21:33+02:00","message":" - Headers :\r\nConnection:keep-alive\nAccess-Control-Allow-Origin:*\nAccess-Control-Allow-Credentials:true\nDate:Wed, 23 Apr 2025 10:21:33 GMT\n"}
{"level":"info","time":"2025-04-23T12:21:33+02:00","message":" - [9] - GET Result :: Status code: 200"}
{"level":"info","time":"2025-04-23T12:21:33+02:00","message":" - Headers :\r\nAccess-Control-Allow-Credentials:true\nDate:Wed, 23 Apr 2025 10:21:33 GMT\nConnection:keep-alive\nAccess-Control-Allow-Origin:*\n"}
{"level":"info","time":"2025-04-23T12:21:36+02:00","message":" - [10] - GET Result :: Status code: 200"}
{"level":"info","time":"2025-04-23T12:21:36+02:00","message":" - Headers :\r\nAccess-Control-Allow-Origin:*\nAccess-Control-Allow-Credentials:true\nDate:Wed, 23 Apr 2025 10:21:36 GMT\nConnection:keep-alive\n"}
{"level":"info","time":"2025-04-23T12:21:36+02:00","message":" - DoPost Result :: Status code: 200"}
{"level":"info","time":"2025-04-23T12:21:36+02:00","message":" - Headers :\r\nDate:Wed, 23 Apr 2025 10:21:36 GMT\nConnection:keep-alive\nAccess-Control-Allow-Origin:*\nAccess-Control-Allow-Credentials:true\n"}
{"level":"info","time":"2025-04-23T12:21:39+02:00","message":" - [11] - GET Result :: Status code: 200"}
{"level":"info","time":"2025-04-23T12:21:39+02:00","message":" - Headers :\r\nDate:Wed, 23 Apr 2025 10:21:39 GMT\nConnection:keep-alive\nAccess-Control-Allow-Origin:*\nAccess-Control-Allow-Credentials:true\n"}
{"level":"info","time":"2025-04-23T12:21:40+02:00","message":" - DoPost Result :: Status code: 200"}
{"level":"info","time":"2025-04-23T12:21:40+02:00","message":" - Headers :\r\nAccess-Control-Allow-Origin:*\nAccess-Control-Allow-Credentials:true\nDate:Wed, 23 Apr 2025 10:21:40 GMT\nConnection:keep-alive\n"}
{"level":"info","time":"2025-04-23T12:21:43+02:00","message":" - DoPost Result :: Status code: 200"}
{"level":"info","time":"2025-04-23T12:21:43+02:00","message":" - Headers :\r\nDate:Wed, 23 Apr 2025 10:21:43 GMT\nConnection:keep-alive\nAccess-Control-Allow-Origin:*\nAccess-Control-Allow-Credentials:true\n"}
{"level":"info","time":"2025-04-23T12:21:43+02:00","message":" - [12] - GET Result :: Status code: 200"}
{"level":"info","time":"2025-04-23T12:21:43+02:00","message":" - Headers :\r\nAccess-Control-Allow-Credentials:true\nDate:Wed, 23 Apr 2025 10:21:43 GMT\nConnection:keep-alive\nAccess-Control-Allow-Origin:*\n"}
{"level":"info","time":"2025-04-23T12:21:45+02:00","message":" - Headers :\r\nAccess-Control-Allow-Credentials:true\nDate:Wed, 23 Apr 2025 10:21:45 GMT\nConnection:keep-alive\nAccess-Control-Allow-Origin:*\n"}
{"level":"info","time":"2025-04-23T12:21:45+02:00","message":" - DoPost Result :: Status code: 200"}
{"level":"info","time":"2025-04-23T12:21:46+02:00","message":" - [13] - GET Result :: Status code: 200"}
{"level":"info","time":"2025-04-23T12:21:46+02:00","message":" - Headers :\r\nDate:Wed, 23 Apr 2025 10:21:46 GMT\nConnection:keep-alive\nAccess-Control-Allow-Origin:*\nAccess-Control-Allow-Credentials:true\n"}
{"level":"info","time":"2025-04-23T12:21:48+02:00","message":" - Headers :\r\nDate:Wed, 23 Apr 2025 10:21:48 GMT\nConnection:keep-alive\nAccess-Control-Allow-Origin:*\nAccess-Control-Allow-Credentials:true\n"}
{"level":"info","time":"2025-04-23T12:21:48+02:00","message":" - DoPost Result :: Status code: 200"}
{"level":"info","time":"2025-04-23T12:21:48+02:00","message":" - [14] - GET Result :: Status code: 200"}
{"level":"info","time":"2025-04-23T12:21:48+02:00","message":" - Headers :\r\nDate:Wed, 23 Apr 2025 10:21:48 GMT\nConnection:keep-alive\nAccess-Control-Allow-Origin:*\nAccess-Control-Allow-Credentials:true\n"}
{"level":"info","time":"2025-04-23T12:21:51+02:00","message":" - Headers :\r\nDate:Wed, 23 Apr 2025 10:21:51 GMT\nConnection:keep-alive\nAccess-Control-Allow-Origin:*\nAccess-Control-Allow-Credentials:true\n"}
{"level":"info","time":"2025-04-23T12:21:51+02:00","message":" - DoPost Result :: Status code: 200"}
{"level":"info","time":"2025-04-23T12:21:51+02:00","message":" - [15] - GET Result :: Status code: 200"}
{"level":"info","time":"2025-04-23T12:21:51+02:00","message":" - Headers :\r\nConnection:keep-alive\nAccess-Control-Allow-Origin:*\nAccess-Control-Allow-Credentials:true\nDate:Wed, 23 Apr 2025 10:21:51 GMT\n"}
{"level":"info","time":"2025-04-23T12:21:55+02:00","message":" - [16] - GET Result :: Status code: 200"}
{"level":"info","time":"2025-04-23T12:21:55+02:00","message":" - Headers :\r\nDate:Wed, 23 Apr 2025 10:21:55 GMT\nConnection:keep-alive\nAccess-Control-Allow-Origin:*\nAccess-Control-Allow-Credentials:true\n"}
{"level":"info","time":"2025-04-23T12:21:55+02:00","message":" - DoPost Result :: Status code: 200"}
{"level":"info","time":"2025-04-23T12:21:55+02:00","message":" - Headers :\r\nDate:Wed, 23 Apr 2025 10:21:55 GMT\nConnection:keep-alive\nAccess-Control-Allow-Origin:*\nAccess-Control-Allow-Credentials:true\n"}
{"level":"info","time":"2025-04-23T12:21:57+02:00","message":" - Headers :\r\nDate:Wed, 23 Apr 2025 10:21:57 GMT\nConnection:keep-alive\nAccess-Control-Allow-Origin:*\nAccess-Control-Allow-Credentials:true\n"}
{"level":"info","time":"2025-04-23T12:21:57+02:00","message":" - DoPost Result :: Status code: 200"}
{"level":"info","time":"2025-04-23T12:21:58+02:00","message":" - [17] - GET Result :: Status code: 200"}
{"level":"info","time":"2025-04-23T12:21:58+02:00","message":" - Headers :\r\nDate:Wed, 23 Apr 2025 10:21:58 GMT\nConnection:keep-alive\nAccess-Control-Allow-Origin:*\nAccess-Control-Allow-Credentials:true\n"}
{"level":"info","time":"2025-04-23T12:22:01+02:00","message":" - DoPost Result :: Status code: 200"}
{"level":"info","time":"2025-04-23T12:22:01+02:00","message":" - Headers :\r\nDate:Wed, 23 Apr 2025 10:22:01 GMT\nConnection:keep-alive\nAccess-Control-Allow-Origin:*\nAccess-Control-Allow-Credentials:true\n"}
{"level":"info","time":"2025-04-23T12:22:01+02:00","message":" - [18] - GET Result :: Status code: 200"}
{"level":"info","time":"2025-04-23T12:22:01+02:00","message":" - Headers :\r\nDate:Wed, 23 Apr 2025 10:22:01 GMT\nConnection:keep-alive\nAccess-Control-Allow-Origin:*\nAccess-Control-Allow-Credentials:true\n"}
{"level":"info","time":"2025-04-23T12:22:03+02:00","message":" - Headers :\r\nDate:Wed, 23 Apr 2025 10:22:03 GMT\nConnection:keep-alive\nAccess-Control-Allow-Origin:*\nAccess-Control-Allow-Credentials:true\n"}
{"level":"info","time":"2025-04-23T12:22:03+02:00","message":" - [19] - GET Result :: Status code: 200"}
{"level":"info","time":"2025-04-23T12:22:03+02:00","message":" - Headers :\r\nDate:Wed, 23 Apr 2025 10:22:03 GMT\nConnection:keep-alive\nAccess-Control-Allow-Origin:*\nAccess-Control-Allow-Credentials:true\n"}
{"level":"info","time":"2025-04-23T12:22:03+02:00","message":" - DoPost Result :: Status code: 200"}
{"level":"info","time":"2025-04-23T12:22:06+02:00","message":" - DoPost Result :: Status code: 200"}
{"level":"info","time":"2025-04-23T12:22:06+02:00","message":" - Headers :\r\nDate:Wed, 23 Apr 2025 10:22:06 GMT\nConnection:keep-alive\nAccess-Control-Allow-Origin:*\nAccess-Control-Allow-Credentials:true\n"}
{"level":"info","time":"2025-04-23T12:22:08+02:00","message":" - Headers :\r\nConnection:keep-alive\nAccess-Control-Allow-Origin:*\nAccess-Control-Allow-Credentials:true\nDate:Wed, 23 Apr 2025 10:22:07 GMT\n"}
{"level":"info","time":"2025-04-23T12:22:08+02:00","message":" - [20] - GET Result :: Status code: 200"}
{"level":"info","time":"2025-04-23T12:22:09+02:00","message":" - [21] - GET Result :: Status code: 200"}
{"level":"info","time":"2025-04-23T12:22:09+02:00","message":" - Headers :\r\nDate:Wed, 23 Apr 2025 10:22:09 GMT\nConnection:keep-alive\nAccess-Control-Allow-Origin:*\nAccess-Control-Allow-Credentials:true\n"}
{"level":"info","time":"2025-04-23T12:22:10+02:00","message":" - DoPost Result :: Status code: 200"}
{"level":"info","time":"2025-04-23T12:22:10+02:00","message":" - Headers :\r\nDate:Wed, 23 Apr 2025 10:22:09 GMT\nConnection:keep-alive\nAccess-Control-Allow-Origin:*\nAccess-Control-Allow-Credentials:true\n"}
{"level":"info","time":"2025-04-23T12:22:12+02:00","message":" - DoPost Result :: Status code: 200"}
{"level":"info","time":"2025-04-23T12:22:12+02:00","message":" - Headers :\r\nDate:Wed, 23 Apr 2025 10:22:12 GMT\nConnection:keep-alive\nAccess-Control-Allow-Origin:*\nAccess-Control-Allow-Credentials:true\n"}
{"level":"info","time":"2025-04-23T12:22:13+02:00","message":" - Headers :\r\nDate:Wed, 23 Apr 2025 10:22:13 GMT\nConnection:keep-alive\nAccess-Control-Allow-Origin:*\nAccess-Control-Allow-Credentials:true\n"}
{"level":"info","time":"2025-04-23T12:22:13+02:00","message":" - [22] - GET Result :: Status code: 200"}
{"level":"info","time":"2025-04-23T12:22:17+02:00","message":"Logger Initialized & Started"}
{"level":"info","time":"2025-04-23T12:22:17+02:00","message":"logger instance created with file /media/ajith/work/dev/go/Git_Lab2/agnione//log/AgniOne_demo_http.log"}
{"level":"info","time":"2025-04-23T12:22:17+02:00","message":"Application AgniOne Demo Application - 1.0.0.0 loaded"}
{"level":"info","time":"2025-04-23T12:22:17+02:00","message":"Found 1 pool setting for appunit Http_demo"}
{"level":"info","time":"2025-04-23T12:22:17+02:00","message":"Loading the 0 appunit of pool [1] of Http_demo"}
{"level":"info","time":"2025-04-23T12:22:17+02:00","message":"Starting (0) of [1] - Http_demo.............\nAppunit info -> "}
{"level":"info","time":"2025-04-23T12:22:17+02:00","message":"Loaded & started 1 pool of appunits"}
{"level":"info","time":"2025-04-23T12:22:17+02:00","message":" - Starting ....."}
{"level":"info","time":"2025-04-23T12:22:17+02:00","message":" - Starting the ........... DONE"}
{"level":"info","time":"2025-04-23T12:22:17+02:00","message":"Started ------ (0) of [1] - Http_demo successfully"}
{"level":"info","time":"2025-04-23T12:22:17+02:00","message":"Started\t1 out of 1 pool of appunit Http_demo\n"}
{"level":"info","time":"2025-04-23T12:22:17+02:00","message":"starting the DoGet routine"}
{"level":"info","time":"2025-04-23T12:22:18+02:00","message":"starting HTTP monitoring ......"}
{"level":"info","time":"2025-04-23T12:22:18+02:00","message":"HTTP monitoring started on 0.0.0.0:8080"}
{"level":"info","time":"2025-04-23T12:22:20+02:00","message":"broadcasting status via SSE started"}
{"level":"info","time":"2025-04-23T12:22:21+02:00","message":" - DoPost Result :: Status code: 200"}
{"level":"info","time":"2025-04-23T12:22:21+02:00","message":" - Headers :\r\nAccess-Control-Allow-Credentials:true\nDate:Wed, 23 Apr 2025 10:22:21 GMT\nConnection:keep-alive\nAccess-Control-Allow-Origin:*\n"}
{"level":"info","time":"2025-04-23T12:22:22+02:00","message":" - [0] - GET Result :: Status code: 200"}
{"level":"info","time":"2025-04-23T12:22:22+02:00","message":" - Headers :\r\nAccess-Control-Allow-Credentials:true\nDate:Wed, 23 Apr 2025 10:22:22 GMT\nConnection:keep-alive\nAccess-Control-Allow-Origin:*\n"}
{"level":"info","time":"2025-04-23T12:22:24+02:00","message":" - DoPost Result :: Status code: 200"}
{"level":"info","time":"2025-04-23T12:22:24+02:00","message":" - Headers :\r\nDate:Wed, 23 Apr 2025 10:22:24 GMT\nConnection:keep-alive\nAccess-Control-Allow-Origin:*\nAccess-Control-Allow-Credentials:true\n"}
{"level":"info","time":"2025-04-23T12:22:25+02:00","message":" - [1] - GET Result :: Status code: 200"}
{"level":"info","time":"2025-04-23T12:22:25+02:00","message":" - Headers :\r\nDate:Wed, 23 Apr 2025 10:22:24 GMT\nConnection:keep-alive\nAccess-Control-Allow-Origin:*\nAccess-Control-Allow-Credentials:true\n"}
{"level":"info","time":"2025-04-23T12:22:27+02:00","message":" - DoPost Result :: Status code: 200"}
{"level":"info","time":"2025-04-23T12:22:27+02:00","message":" - Headers :\r\nAccess-Control-Allow-Origin:*\nAccess-Control-Allow-Credentials:true\nDate:Wed, 23 Apr 2025 10:22:27 GMT\nConnection:keep-alive\n"}
{"level":"info","time":"2025-04-23T12:22:28+02:00","message":" - [2] - GET Result :: Status code: 200"}
{"level":"info","time":"2025-04-23T12:22:28+02:00","message":" - Headers :\r\nAccess-Control-Allow-Origin:*\nAccess-Control-Allow-Credentials:true\nDate:Wed, 23 Apr 2025 10:22:27 GMT\nConnection:keep-alive\n"}
{"level":"info","time":"2025-04-23T12:22:34+02:00","message":" - [3] - GET Result :: Status code: 200"}
{"level":"info","time":"2025-04-23T12:22:34+02:00","message":" - DoPost Result :: Status code: 200"}
{"level":"info","time":"2025-04-23T12:22:34+02:00","message":" - Headers :\r\nDate:Wed, 23 Apr 2025 10:22:31 GMT\nConnection:keep-alive\nAccess-Control-Allow-Origin:*\nAccess-Control-Allow-Credentials:true\n"}
{"level":"info","time":"2025-04-23T12:22:34+02:00","message":" - Headers :\r\nDate:Wed, 23 Apr 2025 10:22:31 GMT\nConnection:keep-alive\nAccess-Control-Allow-Origin:*\nAccess-Control-Allow-Credentials:true\n"}
{"level":"info","time":"2025-04-23T12:22:35+02:00","message":" - [4] - GET Result :: Status code: 200"}
{"level":"info","time":"2025-04-23T12:22:35+02:00","message":" - DoPost Result :: Status code: 200"}
{"level":"info","time":"2025-04-23T12:22:35+02:00","message":" - Headers :\r\nAccess-Control-Allow-Origin:*\nAccess-Control-Allow-Credentials:true\nDate:Wed, 23 Apr 2025 10:22:34 GMT\nConnection:keep-alive\n"}
{"level":"info","time":"2025-04-23T12:22:35+02:00","message":" - Headers :\r\nAccess-Control-Allow-Origin:*\nAccess-Control-Allow-Credentials:true\nDate:Wed, 23 Apr 2025 10:22:35 GMT\nConnection:keep-alive\n"}
{"level":"info","time":"2025-04-23T12:22:36+02:00","message":" - [5] - GET Result :: Status code: 200"}
{"level":"info","time":"2025-04-23T12:22:36+02:00","message":" - Headers :\r\nDate:Wed, 23 Apr 2025 10:22:36 GMT\nConnection:keep-alive\nAccess-Control-Allow-Origin:*\nAccess-Control-Allow-Credentials:true\n"}
{"level":"info","time":"2025-04-23T12:22:36+02:00","message":" - DoPost Result :: Status code: 200"}
{"level":"info","time":"2025-04-23T12:22:36+02:00","message":" - Headers :\r\nDate:Wed, 23 Apr 2025 10:22:36 GMT\nConnection:keep-alive\nAccess-Control-Allow-Origin:*\nAccess-Control-Allow-Credentials:true\n"}
{"level":"info","time":"2025-04-23T12:22:40+02:00","message":" - Headers :\r\nAccess-Control-Allow-Origin:*\nAccess-Control-Allow-Credentials:true\nDate:Wed, 23 Apr 2025 10:22:40 GMT\nConnection:keep-alive\n"}
{"level":"info","time":"2025-04-23T12:22:40+02:00","message":" - [6] - GET Result :: Status code: 200"}
{"level":"info","time":"2025-04-23T12:22:40+02:00","message":" - DoPost Result :: Status code: 200"}
{"level":"info","time":"2025-04-23T12:22:40+02:00","message":" - Headers :\r\nDate:Wed, 23 Apr 2025 10:22:40 GMT\nConnection:keep-alive\nAccess-Control-Allow-Origin:*\nAccess-Control-Allow-Credentials:true\n"}
{"level":"info","time":"2025-04-23T12:22:42+02:00","message":" - DoPost Result :: Status code: 200"}
{"level":"info","time":"2025-04-23T12:22:42+02:00","message":" - Headers :\r\nAccess-Control-Allow-Credentials:true\nDate:Wed, 23 Apr 2025 10:22:42 GMT\nConnection:keep-alive\nAccess-Control-Allow-Origin:*\n"}
{"level":"info","time":"2025-04-23T12:22:42+02:00","message":" - [7] - GET Result :: Status code: 200"}
{"level":"info","time":"2025-04-23T12:22:42+02:00","message":" - Headers :\r\nDate:Wed, 23 Apr 2025 10:22:42 GMT\nConnection:keep-alive\nAccess-Control-Allow-Origin:*\nAccess-Control-Allow-Credentials:true\n"}
{"level":"info","time":"2025-04-23T12:22:45+02:00","message":" - DoPost Result :: Status code: 200"}
{"level":"info","time":"2025-04-23T12:22:45+02:00","message":" - Headers :\r\nDate:Wed, 23 Apr 2025 10:22:45 GMT\nConnection:keep-alive\nAccess-Control-Allow-Origin:*\nAccess-Control-Allow-Credentials:true\n"}
{"level":"info","time":"2025-04-23T12:22:45+02:00","message":" - [8] - GET Result :: Status code: 200"}
{"level":"info","time":"2025-04-23T12:22:45+02:00","message":" - Headers :\r\nAccess-Control-Allow-Origin:*\nAccess-Control-Allow-Credentials:true\nDate:Wed, 23 Apr 2025 10:22:45 GMT\nConnection:keep-alive\n"}
{"level":"info","time":"2025-04-23T12:22:48+02:00","message":" - [9] - GET Result :: Status code: 200"}
{"level":"info","time":"2025-04-23T12:22:48+02:00","message":" - Headers :\r\nDate:Wed, 23 Apr 2025 10:22:48 GMT\nConnection:keep-alive\nAccess-Control-Allow-Origin:*\nAccess-Control-Allow-Credentials:true\n"}
{"level":"info","time":"2025-04-23T12:22:48+02:00","message":" - DoPost Result :: Status code: 200"}
{"level":"info","time":"2025-04-23T12:22:48+02:00","message":" - Headers :\r\nDate:Wed, 23 Apr 2025 10:22:48 GMT\nConnection:keep-alive\nAccess-Control-Allow-Origin:*\nAccess-Control-Allow-Credentials:true\n"}
{"level":"info","time":"2025-04-23T12:22:51+02:00","message":" - DoPost Result :: Status code: 200"}
{"level":"info","time":"2025-04-23T12:22:51+02:00","message":" - Headers :\r\nConnection:keep-alive\nAccess-Control-Allow-Origin:*\nAccess-Control-Allow-Credentials:true\nDate:Wed, 23 Apr 2025 10:22:51 GMT\n"}
{"level":"info","time":"2025-04-23T12:22:51+02:00","message":" - [10] - GET Result :: Status code: 200"}
{"level":"info","time":"2025-04-23T12:22:51+02:00","message":" - Headers :\r\nAccess-Control-Allow-Origin:*\nAccess-Control-Allow-Credentials:true\nDate:Wed, 23 Apr 2025 10:22:51 GMT\nConnection:keep-alive\n"}
{"level":"info","time":"2025-04-23T12:22:54+02:00","message":" - DoPost Result :: Status code: 200"}
{"level":"info","time":"2025-04-23T12:22:54+02:00","message":" - Headers :\r\nAccess-Control-Allow-Origin:*\nAccess-Control-Allow-Credentials:true\nDate:Wed, 23 Apr 2025 10:22:54 GMT\nConnection:keep-alive\n"}
{"level":"info","time":"2025-04-23T12:22:54+02:00","message":" - Headers :\r\nDate:Wed, 23 Apr 2025 10:22:54 GMT\nConnection:keep-alive\nAccess-Control-Allow-Origin:*\nAccess-Control-Allow-Credentials:true\n"}
{"level":"info","time":"2025-04-23T12:22:54+02:00","message":" - [11] - GET Result :: Status code: 200"}
{"level":"info","time":"2025-04-23T12:22:57+02:00","message":" - DoPost Result :: Status code: 200"}
{"level":"info","time":"2025-04-23T12:22:57+02:00","message":" - Headers :\r\nAccess-Control-Allow-Origin:*\nAccess-Control-Allow-Credentials:true\nDate:Wed, 23 Apr 2025 10:22:57 GMT\nConnection:keep-alive\n"}
{"level":"info","time":"2025-04-23T12:22:57+02:00","message":" - [12] - GET Result :: Status code: 200"}
{"level":"info","time":"2025-04-23T12:22:57+02:00","message":" - Headers :\r\nConnection:keep-alive\nAccess-Control-Allow-Origin:*\nAccess-Control-Allow-Credentials:true\nDate:Wed, 23 Apr 2025 10:22:57 GMT\n"}
{"level":"info","time":"2025-04-23T12:23:00+02:00","message":" - DoPost Result :: Status code: 200"}
{"level":"info","time":"2025-04-23T12:23:00+02:00","message":" - Headers :\r\nAccess-Control-Allow-Origin:*\nAccess-Control-Allow-Credentials:true\nDate:Wed, 23 Apr 2025 10:23:00 GMT\nConnection:keep-alive\n"}
{"level":"info","time":"2025-04-23T12:23:00+02:00","message":" - [13] - GET Result :: Status code: 200"}
{"level":"info","time":"2025-04-23T12:23:00+02:00","message":" - Headers :\r\nAccess-Control-Allow-Origin:*\nAccess-Control-Allow-Credentials:true\nDate:Wed, 23 Apr 2025 10:23:00 GMT\nConnection:keep-alive\n"}
{"level":"info","time":"2025-04-23T12:23:03+02:00","message":" - DoPost Result :: Status code: 200"}
{"level":"info","time":"2025-04-23T12:23:03+02:00","message":" - Headers :\r\nDate:Wed, 23 Apr 2025 10:23:03 GMT\nConnection:keep-alive\nAccess-Control-Allow-Origin:*\nAccess-Control-Allow-Credentials:true\n"}
{"level":"info","time":"2025-04-23T12:23:04+02:00","message":" - Headers :\r\nDate:Wed, 23 Apr 2025 10:23:03 GMT\nConnection:keep-alive\nAccess-Control-Allow-Origin:*\nAccess-Control-Allow-Credentials:true\n"}
{"level":"info","time":"2025-04-23T12:23:04+02:00","message":" - [14] - GET Result :: Status code: 200"}
{"level":"info","time":"2025-04-23T12:23:06+02:00","message":" - Headers :\r\nDate:Wed, 23 Apr 2025 10:23:06 GMT\nConnection:keep-alive\nAccess-Control-Allow-Origin:*\nAccess-Control-Allow-Credentials:true\n"}
{"level":"info","time":"2025-04-23T12:23:06+02:00","message":" - [15] - GET Result :: Status code: 200"}
{"level":"info","time":"2025-04-23T12:23:06+02:00","message":" - DoPost Result :: Status code: 200"}
{"level":"info","time":"2025-04-23T12:23:06+02:00","message":" - Headers :\r\nAccess-Control-Allow-Origin:*\nAccess-Control-Allow-Credentials:true\nDate:Wed, 23 Apr 2025 10:23:06 GMT\nConnection:keep-alive\n"}
{"level":"info","time":"2025-04-23T12:23:09+02:00","message":" - [16] - GET Result :: Status code: 200"}
{"level":"info","time":"2025-04-23T12:23:09+02:00","message":" - Headers :\r\nAccess-Control-Allow-Origin:*\nAccess-Control-Allow-Credentials:true\nDate:Wed, 23 Apr 2025 10:23:09 GMT\nConnection:keep-alive\n"}
{"level":"info","time":"2025-04-23T12:23:09+02:00","message":" - DoPost Result :: Status code: 200"}
{"level":"info","time":"2025-04-23T12:23:09+02:00","message":" - Headers :\r\nDate:Wed, 23 Apr 2025 10:23:09 GMT\nConnection:keep-alive\nAccess-Control-Allow-Origin:*\nAccess-Control-Allow-Credentials:true\n"}
{"level":"info","time":"2025-04-23T12:23:12+02:00","message":" - DoPost Result :: Status code: 200"}
{"level":"info","time":"2025-04-23T12:23:12+02:00","message":" - Headers :\r\nDate:Wed, 23 Apr 2025 10:23:12 GMT\nConnection:keep-alive\nAccess-Control-Allow-Origin:*\nAccess-Control-Allow-Credentials:true\n"}
{"level":"info","time":"2025-04-23T12:23:12+02:00","message":" - [17] - GET Result :: Status code: 200"}
{"level":"info","time":"2025-04-23T12:23:12+02:00","message":" - Headers :\r\nDate:Wed, 23 Apr 2025 10:23:12 GMT\nConnection:keep-alive\nAccess-Control-Allow-Origin:*\nAccess-Control-Allow-Credentials:true\n"}
{"level":"info","time":"2025-04-23T12:23:15+02:00","message":" - DoPost Result :: Status code: 200"}
{"level":"info","time":"2025-04-23T12:23:15+02:00","message":" - Headers :\r\nConnection:keep-alive\nAccess-Control-Allow-Origin:*\nAccess-Control-Allow-Credentials:true\nDate:Wed, 23 Apr 2025 10:23:15 GMT\n"}
{"level":"info","time":"2025-04-23T12:23:16+02:00","message":" - [18] - GET Result :: Status code: 200"}
{"level":"info","time":"2025-04-23T12:23:16+02:00","message":" - Headers :\r\nDate:Wed, 23 Apr 2025 10:23:16 GMT\nConnection:keep-alive\nAccess-Control-Allow-Origin:*\nAccess-Control-Allow-Credentials:true\n"}
{"level":"info","time":"2025-04-23T12:23:18+02:00","message":" - Headers :\r\nDate:Wed, 23 Apr 2025 10:23:18 GMT\nConnection:keep-alive\nAccess-Control-Allow-Origin:*\nAccess-Control-Allow-Credentials:true\n"}
{"level":"info","time":"2025-04-23T12:23:18+02:00","message":" - [19] - GET Result :: Status code: 200"}
{"level":"info","time":"2025-04-23T12:23:18+02:00","message":" - Headers :\r\nAccess-Control-Allow-Credentials:true\nDate:Wed, 23 Apr 2025 10:23:18 GMT\nConnection:keep-alive\nAccess-Control-Allow-Origin:*\n"}
{"level":"info","time":"2025-04-23T12:23:18+02:00","message":" - DoPost Result :: Status code: 200"}
{"level":"info","time":"2025-04-23T12:23:21+02:00","message":" - DoPost Result :: Status code: 200"}
{"level":"info","time":"2025-04-23T12:23:21+02:00","message":" - Headers :\r\nDate:Wed, 23 Apr 2025 10:23:21 GMT\nConnection:keep-alive\nAccess-Control-Allow-Origin:*\nAccess-Control-Allow-Credentials:true\n"}
{"level":"info","time":"2025-04-23T12:23:21+02:00","message":" - Headers :\r\nConnection:keep-alive\nAccess-Control-Allow-Origin:*\nAccess-Control-Allow-Credentials:true\nDate:Wed, 23 Apr 2025 10:23:21 GMT\n"}
{"level":"info","time":"2025-04-23T12:23:21+02:00","message":" - [20] - GET Result :: Status code: 200"}
{"level":"info","time":"2025-04-23T14:54:42+02:00","message":"Logger Initialized & Started"}
{"level":"info","time":"2025-04-23T14:54:42+02:00","message":"logger instance created with file /media/ajith/work/dev/go/Git_Lab2/agnione//log/AgniOne_demo_http.log"}
{"level":"info","time":"2025-04-23T14:54:42+02:00","message":"Found 1 pool setting for appunit Http_demo"}
{"level":"info","time":"2025-04-23T14:54:42+02:00","message":"Application AgniOne Demo Application - 1.0.0.0 loaded"}
{"level":"info","time":"2025-04-23T14:54:43+02:00","message":"Loading the 0 appunit of pool [1] of Http_demo"}
{"level":"info","time":"2025-04-23T14:54:43+02:00","message":"Starting (0) of [1] - Http_demo.............\nAppunit info -> "}
{"level":"info","time":"2025-04-23T14:54:43+02:00","message":" - Starting ....."}
{"level":"info","time":"2025-04-23T14:54:43+02:00","message":"Loaded & started 1 pool of appunits"}
{"level":"info","time":"2025-04-23T14:54:43+02:00","message":" - Starting the ........... DONE"}
{"level":"info","time":"2025-04-23T14:54:43+02:00","message":"Started ------ (0) of [1] - Http_demo successfully"}
{"level":"info","time":"2025-04-23T14:54:43+02:00","message":"Started\t1 out of 1 pool of appunit Http_demo\n"}
{"level":"info","time":"2025-04-23T14:54:43+02:00","message":"starting the DoGet routine"}
{"level":"info","time":"2025-04-23T14:54:44+02:00","message":"starting HTTP monitoring ......"}
{"level":"info","time":"2025-04-23T14:54:44+02:00","message":"HTTP monitoring started on 0.0.0.0:8080"}
{"level":"info","time":"2025-04-23T14:54:46+02:00","message":"broadcasting status via SSE started"}
{"level":"info","time":"2025-04-23T14:54:55+02:00","message":"Logger Initialized & Started"}
{"level":"info","time":"2025-04-23T14:54:55+02:00","message":"Application AgniOne Demo Application - 1.0.0.0 loaded"}
{"level":"info","time":"2025-04-23T14:54:55+02:00","message":"logger instance created with file /media/ajith/work/dev/go/Git_Lab2/agnione//log/AgniOne_demo_http.log"}
{"level":"info","time":"2025-04-23T14:54:55+02:00","message":"Found 1 pool setting for appunit Http_demo"}
{"level":"info","time":"2025-04-23T14:54:55+02:00","message":"Loading the 0 appunit of pool [1] of Http_demo"}
{"level":"info","time":"2025-04-23T14:54:55+02:00","message":"Starting (0) of [1] - Http_demo.............\nAppunit info -> "}
{"level":"info","time":"2025-04-23T14:54:55+02:00","message":" - Starting ....."}
{"level":"info","time":"2025-04-23T14:54:55+02:00","message":"Loaded & started 1 pool of appunits"}
{"level":"info","time":"2025-04-23T14:54:55+02:00","message":" - Starting the ........... DONE"}
{"level":"info","time":"2025-04-23T14:54:55+02:00","message":"Started ------ (0) of [1] - Http_demo successfully"}
{"level":"info","time":"2025-04-23T14:54:55+02:00","message":"Started\t1 out of 1 pool of appunit Http_demo\n"}
{"level":"info","time":"2025-04-23T14:54:55+02:00","message":"starting the DoGet routine"}
{"level":"info","time":"2025-04-23T14:54:56+02:00","message":"starting HTTP monitoring ......"}
{"level":"info","time":"2025-04-23T14:54:56+02:00","message":"HTTP monitoring started on 0.0.0.0:8080"}
{"level":"info","time":"2025-04-23T14:55:10+02:00","message":"broadcasting status via SSE started"}
{"level":"info","time":"2025-04-23T14:55:11+02:00","message":" - [0] - GET Result :: Status code: 200"}
{"level":"info","time":"2025-04-23T14:55:11+02:00","message":" - Headers :\r\nAccess-Control-Allow-Credentials:true\nDate:Wed, 23 Apr 2025 12:55:11 GMT\nConnection:keep-alive\nAccess-Control-Allow-Origin:*\n"}
{"level":"info","time":"2025-04-23T14:55:12+02:00","message":" - Headers :\r\nDate:Wed, 23 Apr 2025 12:55:12 GMT\nConnection:keep-alive\nAccess-Control-Allow-Origin:*\nAccess-Control-Allow-Credentials:true\n"}
{"level":"info","time":"2025-04-23T14:55:12+02:00","message":" - DoPost Result :: Status code: 200"}
{"level":"info","time":"2025-04-23T14:55:13+02:00","message":" - DoPost Result :: Status code: 200"}
{"level":"info","time":"2025-04-23T14:55:13+02:00","message":" - Headers :\r\nDate:Wed, 23 Apr 2025 12:55:13 GMT\nConnection:keep-alive\nAccess-Control-Allow-Origin:*\nAccess-Control-Allow-Credentials:true\n"}
{"level":"info","time":"2025-04-23T14:55:16+02:00","message":" - DoPost Result :: Status code: 200"}
{"level":"info","time":"2025-04-23T14:55:16+02:00","message":" - Headers :\r\nDate:Wed, 23 Apr 2025 12:55:16 GMT\nConnection:keep-alive\nAccess-Control-Allow-Origin:*\nAccess-Control-Allow-Credentials:true\n"}
{"level":"info","time":"2025-04-23T14:55:20+02:00","message":" - Headers :\r\nDate:Wed, 23 Apr 2025 12:55:20 GMT\nConnection:keep-alive\nAccess-Control-Allow-Origin:*\nAccess-Control-Allow-Credentials:true\n"}
{"level":"info","time":"2025-04-23T14:55:20+02:00","message":" - DoPost Result :: Status code: 200"}
{"level":"info","time":"2025-04-23T14:55:20+02:00","message":" - [1] - GET Result :: Status code: 200"}
{"level":"info","time":"2025-04-23T14:55:20+02:00","message":" - Headers :\r\nAccess-Control-Allow-Credentials:true\nDate:Wed, 23 Apr 2025 12:55:20 GMT\nConnection:keep-alive\nAccess-Control-Allow-Origin:*\n"}
{"level":"info","time":"2025-04-23T14:55:21+02:00","message":" - DoPost Result :: Status code: 200"}
{"level":"info","time":"2025-04-23T14:55:21+02:00","message":" - Headers :\r\nConnection:keep-alive\nAccess-Control-Allow-Origin:*\nAccess-Control-Allow-Credentials:true\nDate:Wed, 23 Apr 2025 12:55:21 GMT\n"}
{"level":"info","time":"2025-04-23T14:56:10+02:00","message":" - [2] - GET Result :: Status code: 200"}
{"level":"info","time":"2025-04-23T14:56:10+02:00","message":" - Headers :\r\nAccess-Control-Allow-Origin:*\nAccess-Control-Allow-Credentials:true\nDate:Wed, 23 Apr 2025 12:55:29 GMT\nConnection:keep-alive\n"}
{"level":"info","time":"2025-04-23T14:56:10+02:00","message":" - DoPost Result :: Status code: 200"}
{"level":"info","time":"2025-04-23T14:56:10+02:00","message":" - Headers :\r\nAccess-Control-Allow-Credentials:true\nDate:Wed, 23 Apr 2025 12:55:29 GMT\nConnection:keep-alive\nAccess-Control-Allow-Origin:*\n"}
{"level":"info","time":"2025-04-23T14:56:12+02:00","message":" - [3] - GET Result :: Status code: 200"}
{"level":"info","time":"2025-04-23T14:56:12+02:00","message":" - Headers :\r\nDate:Wed, 23 Apr 2025 12:56:12 GMT\nConnection:keep-alive\nAccess-Control-Allow-Origin:*\nAccess-Control-Allow-Credentials:true\n"}
{"level":"info","time":"2025-04-23T14:56:15+02:00","message":" - DoPost Result :: Status code: 200"}
{"level":"info","time":"2025-04-23T14:56:15+02:00","message":" - Headers :\r\nDate:Wed, 23 Apr 2025 12:56:15 GMT\nConnection:keep-alive\nAccess-Control-Allow-Origin:*\nAccess-Control-Allow-Credentials:true\n"}
{"level":"info","time":"2025-04-23T14:56:24+02:00","message":" - DoPost Result :: Status code: 200"}
{"level":"info","time":"2025-04-23T14:56:24+02:00","message":" - Headers :\r\nDate:Wed, 23 Apr 2025 12:56:24 GMT\nConnection:keep-alive\nAccess-Control-Allow-Origin:*\nAccess-Control-Allow-Credentials:true\n"}
{"level":"info","time":"2025-04-23T14:56:26+02:00","message":" - Headers :\r\nDate:Wed, 23 Apr 2025 12:56:26 GMT\nConnection:keep-alive\nAccess-Control-Allow-Origin:*\nAccess-Control-Allow-Credentials:true\n"}
{"level":"info","time":"2025-04-23T14:56:26+02:00","message":" - DoPost Result :: Status code: 200"}
{"level":"info","time":"2025-04-23T14:56:29+02:00","message":" - DoPost Result :: Status code: 200"}
{"level":"info","time":"2025-04-23T14:56:29+02:00","message":" - Headers :\r\nAccess-Control-Allow-Credentials:true\nDate:Wed, 23 Apr 2025 12:56:29 GMT\nConnection:keep-alive\nAccess-Control-Allow-Origin:*\n"}
{"level":"info","time":"2025-04-23T14:56:31+02:00","message":" - DoPost Result :: Status code: 200"}
{"level":"info","time":"2025-04-23T14:56:31+02:00","message":" - Headers :\r\nDate:Wed, 23 Apr 2025 12:56:31 GMT\nConnection:keep-alive\nAccess-Control-Allow-Origin:*\nAccess-Control-Allow-Credentials:true\n"}
{"level":"info","time":"2025-04-23T14:56:33+02:00","message":" - DoPost Result :: Status code: 200"}
{"level":"info","time":"2025-04-23T14:56:33+02:00","message":" - Headers :\r\nDate:Wed, 23 Apr 2025 12:56:33 GMT\nConnection:keep-alive\nAccess-Control-Allow-Origin:*\nAccess-Control-Allow-Credentials:true\n"}
{"level":"info","time":"2025-04-23T14:56:34+02:00","message":" - Headers :\r\nDate:Wed, 23 Apr 2025 12:56:34 GMT\nConnection:keep-alive\nAccess-Control-Allow-Origin:*\nAccess-Control-Allow-Credentials:true\n"}
{"level":"info","time":"2025-04-23T14:56:34+02:00","message":" - [4] - GET Result :: Status code: 200"}
{"level":"info","time":"2025-04-23T14:56:36+02:00","message":" - Headers :\r\nConnection:keep-alive\nAccess-Control-Allow-Origin:*\nAccess-Control-Allow-Credentials:true\nDate:Wed, 23 Apr 2025 12:56:36 GMT\n"}
{"level":"info","time":"2025-04-23T14:56:36+02:00","message":" - [5] - GET Result :: Status code: 200"}
{"level":"info","time":"2025-04-23T14:56:37+02:00","message":" - DoPost Result :: Status code: 200"}
{"level":"info","time":"2025-04-23T14:56:37+02:00","message":" - Headers :\r\nDate:Wed, 23 Apr 2025 12:56:37 GMT\nConnection:keep-alive\nAccess-Control-Allow-Origin:*\nAccess-Control-Allow-Credentials:true\n"}
{"level":"info","time":"2025-04-23T14:56:39+02:00","message":" - DoPost Result :: Status code: 200"}
{"level":"info","time":"2025-04-23T14:56:39+02:00","message":" - Headers :\r\nDate:Wed, 23 Apr 2025 12:56:39 GMT\nConnection:keep-alive\nAccess-Control-Allow-Origin:*\nAccess-Control-Allow-Credentials:true\n"}
{"level":"info","time":"2025-04-23T14:56:42+02:00","message":" - [6] - GET Result :: Status code: 200"}
{"level":"info","time":"2025-04-23T14:56:42+02:00","message":" - Headers :\r\nAccess-Control-Allow-Credentials:true\nDate:Wed, 23 Apr 2025 12:56:41 GMT\nConnection:keep-alive\nAccess-Control-Allow-Origin:*\n"}
{"level":"info","time":"2025-04-23T14:56:43+02:00","message":" - [7] - GET Result :: Status code: 200"}
{"level":"info","time":"2025-04-23T14:56:43+02:00","message":" - Headers :\r\nDate:Wed, 23 Apr 2025 12:56:42 GMT\nConnection:keep-alive\nAccess-Control-Allow-Origin:*\nAccess-Control-Allow-Credentials:true\n"}
{"level":"info","time":"2025-04-23T14:56:46+02:00","message":" - Headers :\r\nDate:Wed, 23 Apr 2025 12:56:46 GMT\nConnection:keep-alive\nAccess-Control-Allow-Origin:*\nAccess-Control-Allow-Credentials:true\n"}
{"level":"info","time":"2025-04-23T14:56:46+02:00","message":" - [8] - GET Result :: Status code: 200"}
{"level":"info","time":"2025-04-23T14:56:58+02:00","message":" - DoPost Result :: Status code: 200"}
{"level":"info","time":"2025-04-23T14:56:58+02:00","message":" - Headers :\r\nDate:Wed, 23 Apr 2025 12:56:57 GMT\nConnection:keep-alive\nAccess-Control-Allow-Origin:*\nAccess-Control-Allow-Credentials:true\n"}
{"level":"info","time":"2025-04-23T14:56:59+02:00","message":" - DoPost Result :: Status code: 200"}
{"level":"info","time":"2025-04-23T14:56:59+02:00","message":" - Headers :\r\nDate:Wed, 23 Apr 2025 12:56:59 GMT\nConnection:keep-alive\nAccess-Control-Allow-Origin:*\nAccess-Control-Allow-Credentials:true\n"}
{"level":"info","time":"2025-04-23T14:57:00+02:00","message":" - [9] - GET Result :: Status code: 200"}
{"level":"info","time":"2025-04-23T14:57:00+02:00","message":" - Headers :\r\nAccess-Control-Allow-Origin:*\nAccess-Control-Allow-Credentials:true\nDate:Wed, 23 Apr 2025 12:56:59 GMT\nConnection:keep-alive\n"}
{"level":"info","time":"2025-04-23T14:57:00+02:00","message":" - [10] - GET Result :: Status code: 200"}
{"level":"info","time":"2025-04-23T14:57:00+02:00","message":" - Headers :\r\nAccess-Control-Allow-Origin:*\nAccess-Control-Allow-Credentials:true\nDate:Wed, 23 Apr 2025 12:57:00 GMT\nConnection:keep-alive\n"}
{"level":"info","time":"2025-04-23T14:57:02+02:00","message":" - [11] - GET Result :: Status code: 200"}
{"level":"info","time":"2025-04-23T14:57:02+02:00","message":" - Headers :\r\nDate:Wed, 23 Apr 2025 12:57:02 GMT\nConnection:keep-alive\nAccess-Control-Allow-Origin:*\nAccess-Control-Allow-Credentials:true\n"}
{"level":"info","time":"2025-04-23T14:57:03+02:00","message":" - Headers :\r\nDate:Wed, 23 Apr 2025 12:57:03 GMT\nConnection:keep-alive\nAccess-Control-Allow-Origin:*\nAccess-Control-Allow-Credentials:true\n"}
{"level":"info","time":"2025-04-23T14:57:03+02:00","message":" - DoPost Result :: Status code: 200"}
{"level":"info","time":"2025-04-23T14:57:05+02:00","message":" - DoPost Result :: Status code: 200"}
{"level":"info","time":"2025-04-23T14:57:05+02:00","message":" - Headers :\r\nDate:Wed, 23 Apr 2025 12:57:05 GMT\nConnection:keep-alive\nAccess-Control-Allow-Origin:*\nAccess-Control-Allow-Credentials:true\n"}
{"level":"info","time":"2025-04-23T14:57:06+02:00","message":" - DoPost Result :: Status code: 200"}
{"level":"info","time":"2025-04-23T14:57:06+02:00","message":" - Headers :\r\nDate:Wed, 23 Apr 2025 12:57:06 GMT\nConnection:keep-alive\nAccess-Control-Allow-Origin:*\nAccess-Control-Allow-Credentials:true\n"}
{"level":"info","time":"2025-04-23T14:57:08+02:00","message":" - [12] - GET Result :: Status code: 200"}
{"level":"info","time":"2025-04-23T14:57:08+02:00","message":" - Headers :\r\nAccess-Control-Allow-Origin:*\nAccess-Control-Allow-Credentials:true\nDate:Wed, 23 Apr 2025 12:57:08 GMT\nConnection:keep-alive\n"}
{"level":"info","time":"2025-04-23T14:57:11+02:00","message":" - [13] - GET Result :: Status code: 200"}
{"level":"info","time":"2025-04-23T14:57:11+02:00","message":" - Headers :\r\nDate:Wed, 23 Apr 2025 12:57:11 GMT\nConnection:keep-alive\nAccess-Control-Allow-Origin:*\nAccess-Control-Allow-Credentials:true\n"}
{"level":"info","time":"2025-04-23T14:57:13+02:00","message":" - DoPost Result :: Status code: 200"}
{"level":"info","time":"2025-04-23T14:57:13+02:00","message":" - Headers :\r\nAccess-Control-Allow-Credentials:true\nDate:Wed, 23 Apr 2025 12:57:13 GMT\nConnection:keep-alive\nAccess-Control-Allow-Origin:*\n"}
{"level":"info","time":"2025-04-23T14:57:15+02:00","message":" - [14] - GET Result :: Status code: 200"}
{"level":"info","time":"2025-04-23T14:57:15+02:00","message":" - Headers :\r\nDate:Wed, 23 Apr 2025 12:57:14 GMT\nConnection:keep-alive\nAccess-Control-Allow-Origin:*\nAccess-Control-Allow-Credentials:true\n"}
{"level":"info","time":"2025-04-23T14:57:17+02:00","message":" - DoPost Result :: Status code: 200"}
{"level":"info","time":"2025-04-23T14:57:17+02:00","message":" - Headers :\r\nConnection:keep-alive\nAccess-Control-Allow-Origin:*\nAccess-Control-Allow-Credentials:true\nDate:Wed, 23 Apr 2025 12:57:17 GMT\n"}
{"level":"info","time":"2025-04-23T14:57:17+02:00","message":" - Headers :\r\nAccess-Control-Allow-Origin:*\nAccess-Control-Allow-Credentials:true\nDate:Wed, 23 Apr 2025 12:57:17 GMT\nConnection:keep-alive\n"}
{"level":"info","time":"2025-04-23T14:57:17+02:00","message":" - [15] - GET Result :: Status code: 200"}
{"level":"info","time":"2025-04-23T14:57:18+02:00","message":" - DoPost Result :: Status code: 200"}
{"level":"info","time":"2025-04-23T14:57:18+02:00","message":" - Headers :\r\nDate:Wed, 23 Apr 2025 12:57:18 GMT\nConnection:keep-alive\nAccess-Control-Allow-Origin:*\nAccess-Control-Allow-Credentials:true\n"}
{"level":"info","time":"2025-04-23T14:57:20+02:00","message":" - [16] - GET Result :: Status code: 200"}
{"level":"info","time":"2025-04-23T14:57:20+02:00","message":" - Headers :\r\nDate:Wed, 23 Apr 2025 12:57:19 GMT\nConnection:keep-alive\nAccess-Control-Allow-Origin:*\nAccess-Control-Allow-Credentials:true\n"}
{"level":"info","time":"2025-04-23T14:57:21+02:00","message":" - Headers :\r\nDate:Wed, 23 Apr 2025 12:57:21 GMT\nConnection:keep-alive\nAccess-Control-Allow-Origin:*\nAccess-Control-Allow-Credentials:true\n"}
{"level":"info","time":"2025-04-23T14:57:21+02:00","message":" - [17] - GET Result :: Status code: 200"}
{"level":"info","time":"2025-04-23T14:57:22+02:00","message":" - Headers :\r\nConnection:keep-alive\nAccess-Control-Allow-Origin:*\nAccess-Control-Allow-Credentials:true\nDate:Wed, 23 Apr 2025 12:57:22 GMT\n"}
{"level":"info","time":"2025-04-23T14:57:22+02:00","message":" - DoPost Result :: Status code: 200"}
{"level":"info","time":"2025-04-23T14:57:24+02:00","message":" - Headers :\r\nConnection:keep-alive\nAccess-Control-Allow-Origin:*\nAccess-Control-Allow-Credentials:true\nDate:Wed, 23 Apr 2025 12:57:24 GMT\n"}
{"level":"info","time":"2025-04-23T14:57:24+02:00","message":" - DoPost Result :: Status code: 200"}
{"level":"info","time":"2025-04-23T14:57:24+02:00","message":" - [18] - GET Result :: Status code: 200"}
{"level":"info","time":"2025-04-23T14:57:24+02:00","message":" - Headers :\r\nConnection:keep-alive\nAccess-Control-Allow-Origin:*\nAccess-Control-Allow-Credentials:true\nDate:Wed, 23 Apr 2025 12:57:24 GMT\n"}
{"level":"info","time":"2025-04-23T14:57:26+02:00","message":" - [19] - GET Result :: Status code: 200"}
{"level":"info","time":"2025-04-23T14:57:26+02:00","message":" - Headers :\r\nConnection:keep-alive\nAccess-Control-Allow-Origin:*\nAccess-Control-Allow-Credentials:true\nDate:Wed, 23 Apr 2025 12:57:26 GMT\n"}
{"level":"info","time":"2025-04-23T14:57:27+02:00","message":" - DoPost Result :: Status code: 200"}
{"level":"info","time":"2025-04-23T14:57:27+02:00","message":" - Headers :\r\nDate:Wed, 23 Apr 2025 12:57:27 GMT\nConnection:keep-alive\nAccess-Control-Allow-Origin:*\nAccess-Control-Allow-Credentials:true\n"}
{"level":"info","time":"2025-04-23T14:57:37+02:00","message":" - DoPost Result :: Status code: 200"}
{"level":"info","time":"2025-04-23T14:57:37+02:00","message":" - Headers :\r\nConnection:keep-alive\nAccess-Control-Allow-Origin:*\nAccess-Control-Allow-Credentials:true\nDate:Wed, 23 Apr 2025 12:57:37 GMT\n"}
{"level":"info","time":"2025-04-23T14:57:39+02:00","message":" - DoPost Result :: Status code: 200"}
{"level":"info","time":"2025-04-23T14:57:39+02:00","message":" - Headers :\r\nAccess-Control-Allow-Credentials:true\nDate:Wed, 23 Apr 2025 12:57:39 GMT\nConnection:keep-alive\nAccess-Control-Allow-Origin:*\n"}
{"level":"info","time":"2025-04-23T14:57:40+02:00","message":" - [20] - GET Result :: Status code: 200"}
{"level":"info","time":"2025-04-23T14:57:40+02:00","message":" - Headers :\r\nConnection:keep-alive\nAccess-Control-Allow-Origin:*\nAccess-Control-Allow-Credentials:true\nDate:Wed, 23 Apr 2025 12:57:40 GMT\n"}
{"level":"info","time":"2025-04-23T14:57:41+02:00","message":" - [21] - GET Result :: Status code: 200"}
{"level":"info","time":"2025-04-23T14:57:41+02:00","message":" - Headers :\r\nDate:Wed, 23 Apr 2025 12:57:40 GMT\nConnection:keep-alive\nAccess-Control-Allow-Origin:*\nAccess-Control-Allow-Credentials:true\n"}
{"level":"info","time":"2025-04-23T14:57:42+02:00","message":" - DoPost Result :: Status code: 200"}
{"level":"info","time":"2025-04-23T14:57:42+02:00","message":" - Headers :\r\nAccess-Control-Allow-Origin:*\nAccess-Control-Allow-Credentials:true\nDate:Wed, 23 Apr 2025 12:57:41 GMT\nConnection:keep-alive\n"}
{"level":"info","time":"2025-04-23T14:57:43+02:00","message":" - Headers :\r\nDate:Wed, 23 Apr 2025 12:57:43 GMT\nConnection:keep-alive\n"}
{"level":"info","time":"2025-04-23T14:57:43+02:00","message":" - DoPost Result :: Status code: 502"}
{"level":"info","time":"2025-04-23T14:57:44+02:00","message":" - Headers :\r\nDate:Wed, 23 Apr 2025 12:57:44 GMT\nConnection:keep-alive\nAccess-Control-Allow-Origin:*\nAccess-Control-Allow-Credentials:true\n"}
{"level":"info","time":"2025-04-23T14:57:44+02:00","message":" - DoPost Result :: Status code: 200"}
{"level":"info","time":"2025-04-23T14:57:47+02:00","message":" - DoPost Result :: Status code: 200"}
{"level":"info","time":"2025-04-23T14:57:47+02:00","message":" - Headers :\r\nAccess-Control-Allow-Credentials:true\nDate:Wed, 23 Apr 2025 12:57:47 GMT\nConnection:keep-alive\nAccess-Control-Allow-Origin:*\n"}
{"level":"info","time":"2025-04-23T14:57:47+02:00","message":" - [22] - GET Result :: Status code: 200"}
{"level":"info","time":"2025-04-23T14:57:47+02:00","message":" - Headers :\r\nDate:Wed, 23 Apr 2025 12:57:47 GMT\nConnection:keep-alive\nAccess-Control-Allow-Origin:*\nAccess-Control-Allow-Credentials:true\n"}
{"level":"info","time":"2025-04-23T14:57:53+02:00","message":" - DoPost Result :: Status code: 200"}
{"level":"info","time":"2025-04-23T14:57:53+02:00","message":" - Headers :\r\nDate:Wed, 23 Apr 2025 12:57:53 GMT\nConnection:keep-alive\nAccess-Control-Allow-Origin:*\nAccess-Control-Allow-Credentials:true\n"}
{"level":"info","time":"2025-04-23T14:57:55+02:00","message":" - [23] - GET Result :: Status code: 200"}
{"level":"info","time":"2025-04-23T14:57:55+02:00","message":" - Headers :\r\nDate:Wed, 23 Apr 2025 12:57:55 GMT\nConnection:keep-alive\nAccess-Control-Allow-Origin:*\nAccess-Control-Allow-Credentials:true\n"}
{"level":"info","time":"2025-04-23T14:57:57+02:00","message":" - DoPost Result :: Status code: 200"}
{"level":"info","time":"2025-04-23T14:57:57+02:00","message":" - Headers :\r\nDate:Wed, 23 Apr 2025 12:57:57 GMT\nConnection:keep-alive\nAccess-Control-Allow-Origin:*\nAccess-Control-Allow-Credentials:true\n"}
{"level":"info","time":"2025-04-23T14:57:58+02:00","message":" - DoPost Result :: Status code: 200"}
{"level":"info","time":"2025-04-23T14:57:58+02:00","message":" - Headers :\r\nDate:Wed, 23 Apr 2025 12:57:58 GMT\nConnection:keep-alive\nAccess-Control-Allow-Origin:*\nAccess-Control-Allow-Credentials:true\n"}
{"level":"info","time":"2025-04-23T14:57:58+02:00","message":" - [24] - GET Result :: Status code: 200"}
{"level":"info","time":"2025-04-23T14:57:58+02:00","message":" - Headers :\r\nDate:Wed, 23 Apr 2025 12:57:58 GMT\nConnection:keep-alive\nAccess-Control-Allow-Origin:*\nAccess-Control-Allow-Credentials:true\n"}
{"level":"info","time":"2025-04-23T14:58:40+02:00","message":"Logger Initialized & Started"}
{"level":"info","time":"2025-04-23T14:58:40+02:00","message":"logger instance created with file /media/ajith/work/dev/go/Git_Lab2/agnione//log/AgniOne_demo_http.log"}
{"level":"info","time":"2025-04-23T14:58:40+02:00","message":"Application AgniOne Demo Application - 1.0.0.0 loaded"}
{"level":"info","time":"2025-04-23T14:58:40+02:00","message":"Found 1 pool setting for appunit Http_demo"}
{"level":"info","time":"2025-04-23T14:58:40+02:00","message":"Loading the 0 appunit of pool [1] of Http_demo"}
{"level":"info","time":"2025-04-23T14:58:40+02:00","message":"Loaded & started 1 pool of appunits"}
{"level":"info","time":"2025-04-23T14:58:40+02:00","message":" - Starting ....."}
{"level":"info","time":"2025-04-23T14:58:40+02:00","message":"Starting (0) of [1] - Http_demo.............\nAppunit info -> "}
{"level":"info","time":"2025-04-23T14:58:40+02:00","message":"Started ------ (0) of [1] - Http_demo successfully"}
{"level":"info","time":"2025-04-23T14:58:40+02:00","message":" - Starting the ........... DONE"}
{"level":"info","time":"2025-04-23T14:58:40+02:00","message":"starting the DoGet routine"}
{"level":"info","time":"2025-04-23T14:58:40+02:00","message":"Started\t1 out of 1 pool of appunit Http_demo\n"}
{"level":"info","time":"2025-04-23T14:58:41+02:00","message":"starting HTTP monitoring ......"}
{"level":"info","time":"2025-04-23T14:58:41+02:00","message":"HTTP monitoring started on 0.0.0.0:8080"}
{"level":"info","time":"2025-04-23T14:58:43+02:00","message":"broadcasting status via SSE started"}
{"level":"info","time":"2025-04-23T14:58:47+02:00","message":" - DoPost Result :: Status code: 200"}
{"level":"info","time":"2025-04-23T14:58:47+02:00","message":" - Headers :\r\nDate:Wed, 23 Apr 2025 12:58:44 GMT\nConnection:keep-alive\nAccess-Control-Allow-Origin:*\nAccess-Control-Allow-Credentials:true\n"}
{"level":"info","time":"2025-04-23T14:58:47+02:00","message":" - Headers :\r\nDate:Wed, 23 Apr 2025 12:58:47 GMT\nConnection:keep-alive\nAccess-Control-Allow-Origin:*\nAccess-Control-Allow-Credentials:true\n"}
{"level":"info","time":"2025-04-23T14:58:47+02:00","message":" - [0] - GET Result :: Status code: 200"}
{"level":"info","time":"2025-04-23T14:58:49+02:00","message":" - DoPost Result :: Status code: 200"}
{"level":"info","time":"2025-04-23T14:58:49+02:00","message":" - Headers :\r\nAccess-Control-Allow-Origin:*\nAccess-Control-Allow-Credentials:true\nDate:Wed, 23 Apr 2025 12:58:49 GMT\nConnection:keep-alive\n"}
{"level":"info","time":"2025-04-23T14:59:10+02:00","message":" - DoPost Result :: Status code: 200"}
{"level":"info","time":"2025-04-23T14:59:10+02:00","message":" - Headers :\r\nDate:Wed, 23 Apr 2025 12:58:51 GMT\nConnection:keep-alive\nAccess-Control-Allow-Origin:*\nAccess-Control-Allow-Credentials:true\n"}
{"level":"info","time":"2025-04-23T14:59:10+02:00","message":" - [1] - GET Result :: Status code: 200"}
{"level":"info","time":"2025-04-23T14:59:10+02:00","message":" - Headers :\r\nDate:Wed, 23 Apr 2025 12:58:50 GMT\nConnection:keep-alive\nAccess-Control-Allow-Origin:*\nAccess-Control-Allow-Credentials:true\n"}
{"level":"info","time":"2025-04-23T14:59:12+02:00","message":" - [2] - GET Result :: Status code: 200"}
{"level":"info","time":"2025-04-23T14:59:12+02:00","message":" - Headers :\r\nConnection:keep-alive\nAccess-Control-Allow-Origin:*\nAccess-Control-Allow-Credentials:true\nDate:Wed, 23 Apr 2025 12:59:12 GMT\n"}
{"level":"info","time":"2025-04-23T14:59:16+02:00","message":" - Headers :\r\nDate:Wed, 23 Apr 2025 12:59:16 GMT\nConnection:keep-alive\nAccess-Control-Allow-Origin:*\nAccess-Control-Allow-Credentials:true\n"}
{"level":"info","time":"2025-04-23T14:59:16+02:00","message":" - DoPost Result :: Status code: 200"}
{"level":"info","time":"2025-04-23T14:59:16+02:00","message":" - Headers :\r\nDate:Wed, 23 Apr 2025 12:59:16 GMT\nConnection:keep-alive\nAccess-Control-Allow-Origin:*\nAccess-Control-Allow-Credentials:true\n"}
{"level":"info","time":"2025-04-23T14:59:16+02:00","message":" - [3] - GET Result :: Status code: 200"}
{"level":"info","time":"2025-04-23T14:59:18+02:00","message":" - [4] - GET Result :: Status code: 200"}
{"level":"info","time":"2025-04-23T14:59:18+02:00","message":" - Headers :\r\nAccess-Control-Allow-Origin:*\nAccess-Control-Allow-Credentials:true\nDate:Wed, 23 Apr 2025 12:59:18 GMT\nConnection:keep-alive\n"}
{"level":"info","time":"2025-04-23T14:59:18+02:00","message":" - DoPost Result :: Status code: 200"}
{"level":"info","time":"2025-04-23T14:59:18+02:00","message":" - Headers :\r\nDate:Wed, 23 Apr 2025 12:59:18 GMT\nConnection:keep-alive\nAccess-Control-Allow-Origin:*\nAccess-Control-Allow-Credentials:true\n"}
{"level":"info","time":"2025-04-23T14:59:22+02:00","message":" - DoPost Result :: Status code: 200"}
{"level":"info","time":"2025-04-23T14:59:22+02:00","message":" - Headers :\r\nAccess-Control-Allow-Origin:*\nAccess-Control-Allow-Credentials:true\nDate:Wed, 23 Apr 2025 12:59:22 GMT\nConnection:keep-alive\n"}
{"level":"info","time":"2025-04-23T14:59:23+02:00","message":" - [5] - GET Result :: Status code: 200"}
{"level":"info","time":"2025-04-23T14:59:23+02:00","message":" - Headers :\r\nDate:Wed, 23 Apr 2025 12:59:22 GMT\nConnection:keep-alive\nAccess-Control-Allow-Origin:*\nAccess-Control-Allow-Credentials:true\n"}
{"level":"info","time":"2025-04-23T14:59:23+02:00","message":" - [6] - GET Result :: Status code: 200"}
{"level":"info","time":"2025-04-23T14:59:23+02:00","message":" - Headers :\r\nAccess-Control-Allow-Credentials:true\nDate:Wed, 23 Apr 2025 12:59:23 GMT\nConnection:keep-alive\nAccess-Control-Allow-Origin:*\n"}
{"level":"info","time":"2025-04-23T14:59:25+02:00","message":" - DoPost Result :: Status code: 200"}
{"level":"info","time":"2025-04-23T14:59:25+02:00","message":" - Headers :\r\nAccess-Control-Allow-Origin:*\nAccess-Control-Allow-Credentials:true\nDate:Wed, 23 Apr 2025 12:59:25 GMT\nConnection:keep-alive\n"}
{"level":"info","time":"2025-04-23T14:59:28+02:00","message":"Logger Initialized & Started"}
{"level":"info","time":"2025-04-23T14:59:28+02:00","message":"logger instance created with file /media/ajith/work/dev/go/Git_Lab2/agnione//log/AgniOne_demo_http.log"}
{"level":"info","time":"2025-04-23T14:59:28+02:00","message":"Application AgniOne Demo Application - 1.0.0.0 loaded"}
{"level":"info","time":"2025-04-23T14:59:28+02:00","message":"Found 1 pool setting for appunit Http_demo"}
{"level":"info","time":"2025-04-23T14:59:28+02:00","message":"Loading the 0 appunit of pool [1] of Http_demo"}
{"level":"info","time":"2025-04-23T14:59:28+02:00","message":"Loaded & started 1 pool of appunits"}
{"level":"info","time":"2025-04-23T14:59:28+02:00","message":"Started ------ (0) of [1] - Http_demo successfully"}
{"level":"info","time":"2025-04-23T14:59:28+02:00","message":"Starting (0) of [1] - Http_demo.............\nAppunit info -> "}
{"level":"info","time":"2025-04-23T14:59:28+02:00","message":" - Starting the ........... DONE"}
{"level":"info","time":"2025-04-23T14:59:28+02:00","message":" - Starting ....."}
{"level":"info","time":"2025-04-23T14:59:28+02:00","message":"Started\t1 out of 1 pool of appunit Http_demo\n"}
{"level":"info","time":"2025-04-23T14:59:28+02:00","message":"starting the DoGet routine"}
{"level":"info","time":"2025-04-23T14:59:29+02:00","message":"starting HTTP monitoring ......"}
{"level":"info","time":"2025-04-23T14:59:29+02:00","message":"HTTP monitoring started on 0.0.0.0:8080"}
{"level":"info","time":"2025-04-23T14:59:31+02:00","message":"broadcasting status via SSE started"}
{"level":"info","time":"2025-04-23T15:00:02+02:00","message":" - Headers :\r\nDate:Wed, 23 Apr 2025 12:59:33 GMT\nConnection:keep-alive\nAccess-Control-Allow-Origin:*\nAccess-Control-Allow-Credentials:true\n"}
{"level":"info","time":"2025-04-23T15:00:02+02:00","message":" - [0] - GET Result :: Status code: 200"}
{"level":"info","time":"2025-04-23T15:00:02+02:00","message":" - DoPost Result :: Status code: 200"}
{"level":"info","time":"2025-04-23T15:00:02+02:00","message":" - Headers :\r\nDate:Wed, 23 Apr 2025 12:59:37 GMT\nConnection:keep-alive\nAccess-Control-Allow-Origin:*\nAccess-Control-Allow-Credentials:true\n"}
{"level":"info","time":"2025-04-23T15:00:05+02:00","message":" - DoPost Result :: Status code: 200"}
{"level":"info","time":"2025-04-23T15:00:05+02:00","message":" - Headers :\r\nAccess-Control-Allow-Credentials:true\nDate:Wed, 23 Apr 2025 13:00:05 GMT\nConnection:keep-alive\nAccess-Control-Allow-Origin:*\n"}
{"level":"info","time":"2025-04-23T15:00:05+02:00","message":" - [1] - GET Result :: Status code: 200"}
{"level":"info","time":"2025-04-23T15:00:05+02:00","message":" - Headers :\r\nDate:Wed, 23 Apr 2025 13:00:05 GMT\nConnection:keep-alive\nAccess-Control-Allow-Origin:*\nAccess-Control-Allow-Credentials:true\n"}
{"level":"info","time":"2025-04-23T15:00:06+02:00","message":" - DoPost Result :: Status code: 200"}
{"level":"info","time":"2025-04-23T15:00:06+02:00","message":" - Headers :\r\nAccess-Control-Allow-Credentials:true\nDate:Wed, 23 Apr 2025 13:00:06 GMT\nConnection:keep-alive\nAccess-Control-Allow-Origin:*\n"}
{"level":"info","time":"2025-04-23T15:00:10+02:00","message":" - [2] - GET Result :: Status code: 200"}
{"level":"info","time":"2025-04-23T15:00:10+02:00","message":" - Headers :\r\nConnection:keep-alive\nAccess-Control-Allow-Origin:*\nAccess-Control-Allow-Credentials:true\nDate:Wed, 23 Apr 2025 13:00:10 GMT\n"}
{"level":"info","time":"2025-04-23T15:00:15+02:00","message":" - DoPost Result :: Status code: 200"}
{"level":"info","time":"2025-04-23T15:00:15+02:00","message":" - Headers :\r\nDate:Wed, 23 Apr 2025 13:00:15 GMT\nConnection:keep-alive\nAccess-Control-Allow-Origin:*\nAccess-Control-Allow-Credentials:true\n"}
{"level":"info","time":"2025-04-23T15:00:20+02:00","message":" - [3] - GET Result :: Status code: 200"}
{"level":"info","time":"2025-04-23T15:00:20+02:00","message":" - Headers :\r\nConnection:keep-alive\nAccess-Control-Allow-Origin:*\nAccess-Control-Allow-Credentials:true\nDate:Wed, 23 Apr 2025 13:00:20 GMT\n"}
{"level":"info","time":"2025-04-23T15:00:23+02:00","message":" - [4] - GET Result :: Status code: 200"}
{"level":"info","time":"2025-04-23T15:00:23+02:00","message":" - Headers :\r\nAccess-Control-Allow-Credentials:true\nDate:Wed, 23 Apr 2025 13:00:23 GMT\nConnection:keep-alive\nAccess-Control-Allow-Origin:*\n"}
{"level":"info","time":"2025-04-23T15:00:25+02:00","message":" - [5] - GET Result :: Status code: 200"}
{"level":"info","time":"2025-04-23T15:00:25+02:00","message":" - Headers :\r\nDate:Wed, 23 Apr 2025 13:00:25 GMT\nConnection:keep-alive\nAccess-Control-Allow-Origin:*\nAccess-Control-Allow-Credentials:true\n"}
{"level":"info","time":"2025-04-23T15:00:26+02:00","message":" - DoPost Result :: Status code: 200"}
{"level":"info","time":"2025-04-23T15:00:26+02:00","message":" - Headers :\r\nDate:Wed, 23 Apr 2025 13:00:25 GMT\nConnection:keep-alive\nAccess-Control-Allow-Origin:*\nAccess-Control-Allow-Credentials:true\n"}
{"level":"info","time":"2025-04-23T15:00:28+02:00","message":" - [6] - GET Result :: Status code: 200"}
{"level":"info","time":"2025-04-23T15:00:28+02:00","message":" - Headers :\r\nAccess-Control-Allow-Credentials:true\nDate:Wed, 23 Apr 2025 13:00:28 GMT\nConnection:keep-alive\nAccess-Control-Allow-Origin:*\n"}
{"level":"info","time":"2025-04-23T15:00:30+02:00","message":" - [7] - GET Result :: Status code: 200"}
{"level":"info","time":"2025-04-23T15:00:30+02:00","message":" - Headers :\r\nConnection:keep-alive\nAccess-Control-Allow-Origin:*\nAccess-Control-Allow-Credentials:true\nDate:Wed, 23 Apr 2025 13:00:30 GMT\n"}
{"level":"info","time":"2025-04-23T15:00:32+02:00","message":" - DoPost Result :: Status code: 200"}
{"level":"info","time":"2025-04-23T15:00:32+02:00","message":" - Headers :\r\nDate:Wed, 23 Apr 2025 13:00:32 GMT\nConnection:keep-alive\nAccess-Control-Allow-Origin:*\nAccess-Control-Allow-Credentials:true\n"}
{"level":"info","time":"2025-04-23T15:00:33+02:00","message":" - [8] - GET Result :: Status code: 200"}
{"level":"info","time":"2025-04-23T15:00:33+02:00","message":" - Headers :\r\nAccess-Control-Allow-Credentials:true\nDate:Wed, 23 Apr 2025 13:00:33 GMT\nConnection:keep-alive\nAccess-Control-Allow-Origin:*\n"}
{"level":"info","time":"2025-04-23T15:00:50+02:00","message":" - DoPost Result :: Status code: 200"}
{"level":"info","time":"2025-04-23T15:00:50+02:00","message":" - Headers :\r\nAccess-Control-Allow-Credentials:true\nDate:Wed, 23 Apr 2025 13:00:50 GMT\nConnection:keep-alive\nAccess-Control-Allow-Origin:*\n"}
{"level":"info","time":"2025-04-23T15:01:05+02:00","message":" - [9] - GET Result :: Status code: 200"}
{"level":"info","time":"2025-04-23T15:01:05+02:00","message":" - Headers :\r\nDate:Wed, 23 Apr 2025 13:01:05 GMT\nConnection:keep-alive\nAccess-Control-Allow-Origin:*\nAccess-Control-Allow-Credentials:true\n"}
{"level":"info","time":"2025-04-23T15:01:07+02:00","message":" - [10] - GET Result :: Status code: 200"}
{"level":"info","time":"2025-04-23T15:01:07+02:00","message":" - Headers :\r\nDate:Wed, 23 Apr 2025 13:01:07 GMT\nConnection:keep-alive\nAccess-Control-Allow-Origin:*\nAccess-Control-Allow-Credentials:true\n"}
{"level":"info","time":"2025-04-23T15:01:26+02:00","message":" - DoPost Result :: Status code: 200"}
{"level":"info","time":"2025-04-23T15:01:26+02:00","message":" - Headers :\r\nDate:Wed, 23 Apr 2025 13:01:26 GMT\nConnection:keep-alive\nAccess-Control-Allow-Origin:*\nAccess-Control-Allow-Credentials:true\n"}
{"level":"info","time":"2025-04-23T15:01:29+02:00","message":" - DoPost Result :: Status code: 200"}
{"level":"info","time":"2025-04-23T15:01:29+02:00","message":" - Headers :\r\nAccess-Control-Allow-Credentials:true\nDate:Wed, 23 Apr 2025 13:01:28 GMT\nConnection:keep-alive\nAccess-Control-Allow-Origin:*\n"}
{"level":"info","time":"2025-04-23T15:01:33+02:00","message":" - DoPost Result :: Status code: 200"}
{"level":"info","time":"2025-04-23T15:01:33+02:00","message":" - Headers :\r\nDate:Wed, 23 Apr 2025 13:01:33 GMT\nConnection:keep-alive\nAccess-Control-Allow-Origin:*\nAccess-Control-Allow-Credentials:true\n"}
{"level":"info","time":"2025-04-23T15:01:35+02:00","message":" - [11] - GET Result :: Status code: 200"}
{"level":"info","time":"2025-04-23T15:01:35+02:00","message":" - Headers :\r\nDate:Wed, 23 Apr 2025 13:01:35 GMT\nConnection:keep-alive\nAccess-Control-Allow-Origin:*\nAccess-Control-Allow-Credentials:true\n"}
{"level":"info","time":"2025-04-23T15:01:37+02:00","message":" - DoPost Result :: Status code: 200"}
{"level":"info","time":"2025-04-23T15:01:37+02:00","message":" - Headers :\r\nAccess-Control-Allow-Credentials:true\nDate:Wed, 23 Apr 2025 13:01:36 GMT\nConnection:keep-alive\nAccess-Control-Allow-Origin:*\n"}
{"level":"info","time":"2025-04-23T15:01:38+02:00","message":" - [12] - GET Result :: Status code: 200"}
{"level":"info","time":"2025-04-23T15:01:38+02:00","message":" - Headers :\r\nConnection:keep-alive\nAccess-Control-Allow-Origin:*\nAccess-Control-Allow-Credentials:true\nDate:Wed, 23 Apr 2025 13:01:38 GMT\n"}
{"level":"info","time":"2025-04-23T15:01:39+02:00","message":" - [13] - GET Result :: Status code: 200"}
{"level":"info","time":"2025-04-23T15:01:39+02:00","message":" - Headers :\r\nAccess-Control-Allow-Credentials:true\nDate:Wed, 23 Apr 2025 13:01:39 GMT\nConnection:keep-alive\nAccess-Control-Allow-Origin:*\n"}
{"level":"info","time":"2025-04-23T15:01:39+02:00","message":" - DoPost Result :: Status code: 200"}
{"level":"info","time":"2025-04-23T15:01:39+02:00","message":" - Headers :\r\nDate:Wed, 23 Apr 2025 13:01:39 GMT\nConnection:keep-alive\nAccess-Control-Allow-Origin:*\nAccess-Control-Allow-Credentials:true\n"}
{"level":"info","time":"2025-04-23T15:01:41+02:00","message":" - [14] - GET Result :: Status code: 200"}
{"level":"info","time":"2025-04-23T15:01:41+02:00","message":" - Headers :\r\nAccess-Control-Allow-Credentials:true\nDate:Wed, 23 Apr 2025 13:01:41 GMT\nConnection:keep-alive\nAccess-Control-Allow-Origin:*\n"}
{"level":"info","time":"2025-04-23T15:01:43+02:00","message":" - DoPost Result :: Status code: 200"}
{"level":"info","time":"2025-04-23T15:01:43+02:00","message":" - Headers :\r\nDate:Wed, 23 Apr 2025 13:01:43 GMT\nConnection:keep-alive\nAccess-Control-Allow-Origin:*\nAccess-Control-Allow-Credentials:true\n"}
{"level":"info","time":"2025-04-23T15:01:46+02:00","message":" - DoPost Result :: Status code: 200"}
{"level":"info","time":"2025-04-23T15:01:46+02:00","message":" - Headers :\r\nDate:Wed, 23 Apr 2025 13:01:45 GMT\nConnection:keep-alive\nAccess-Control-Allow-Origin:*\nAccess-Control-Allow-Credentials:true\n"}
{"level":"info","time":"2025-04-23T15:01:46+02:00","message":" - [15] - GET Result :: Status code: 200"}
{"level":"info","time":"2025-04-23T15:01:46+02:00","message":" - Headers :\r\nAccess-Control-Allow-Origin:*\nAccess-Control-Allow-Credentials:true\nDate:Wed, 23 Apr 2025 13:01:46 GMT\nConnection:keep-alive\n"}
{"level":"info","time":"2025-04-23T15:01:48+02:00","message":" - [16] - GET Result :: Status code: 200"}
{"level":"info","time":"2025-04-23T15:01:48+02:00","message":" - Headers :\r\nDate:Wed, 23 Apr 2025 13:01:48 GMT\nConnection:keep-alive\nAccess-Control-Allow-Origin:*\nAccess-Control-Allow-Credentials:true\n"}
{"level":"info","time":"2025-04-23T15:01:52+02:00","message":" - [17] - GET Result :: Status code: 200"}
{"level":"info","time":"2025-04-23T15:01:52+02:00","message":" - Headers :\r\nAccess-Control-Allow-Credentials:true\nDate:Wed, 23 Apr 2025 13:01:52 GMT\nConnection:keep-alive\nAccess-Control-Allow-Origin:*\n"}
{"level":"info","time":"2025-04-23T15:01:53+02:00","message":" - DoPost Result :: Status code: 200"}
{"level":"info","time":"2025-04-23T15:01:53+02:00","message":" - Headers :\r\nConnection:keep-alive\nAccess-Control-Allow-Origin:*\nAccess-Control-Allow-Credentials:true\nDate:Wed, 23 Apr 2025 13:01:53 GMT\n"}
{"level":"info","time":"2025-04-23T15:01:55+02:00","message":" - DoPost Result :: Status code: 200"}
{"level":"info","time":"2025-04-23T15:01:55+02:00","message":" - Headers :\r\nDate:Wed, 23 Apr 2025 13:01:54 GMT\nConnection:keep-alive\nAccess-Control-Allow-Origin:*\nAccess-Control-Allow-Credentials:true\n"}
{"level":"info","time":"2025-04-23T15:01:55+02:00","message":" - [18] - GET Result :: Status code: 200"}
{"level":"info","time":"2025-04-23T15:01:55+02:00","message":" - Headers :\r\nDate:Wed, 23 Apr 2025 13:01:55 GMT\nConnection:keep-alive\nAccess-Control-Allow-Origin:*\nAccess-Control-Allow-Credentials:true\n"}
{"level":"info","time":"2025-04-23T15:01:56+02:00","message":" - [19] - GET Result :: Status code: 200"}
{"level":"info","time":"2025-04-23T15:01:56+02:00","message":" - Headers :\r\nAccess-Control-Allow-Credentials:true\nDate:Wed, 23 Apr 2025 13:01:56 GMT\nConnection:keep-alive\nAccess-Control-Allow-Origin:*\n"}
{"level":"info","time":"2025-04-23T15:01:57+02:00","message":" - DoPost Result :: Status code: 200"}
{"level":"info","time":"2025-04-23T15:01:57+02:00","message":" - Headers :\r\nDate:Wed, 23 Apr 2025 13:01:57 GMT\nConnection:keep-alive\nAccess-Control-Allow-Origin:*\nAccess-Control-Allow-Credentials:true\n"}
{"level":"info","time":"2025-04-23T15:02:01+02:00","message":" - DoPost Result :: Status code: 200"}
{"level":"info","time":"2025-04-23T15:02:01+02:00","message":" - Headers :\r\nAccess-Control-Allow-Credentials:true\nDate:Wed, 23 Apr 2025 13:02:00 GMT\nConnection:keep-alive\nAccess-Control-Allow-Origin:*\n"}
{"level":"info","time":"2025-04-23T15:02:01+02:00","message":" - [20] - GET Result :: Status code: 200"}
{"level":"info","time":"2025-04-23T15:02:01+02:00","message":" - Headers :\r\nDate:Wed, 23 Apr 2025 13:02:01 GMT\nConnection:keep-alive\nAccess-Control-Allow-Origin:*\nAccess-Control-Allow-Credentials:true\n"}
{"level":"info","time":"2025-04-23T15:02:02+02:00","message":" - DoPost Result :: Status code: 200"}
{"level":"info","time":"2025-04-23T15:02:02+02:00","message":" - Headers :\r\nDate:Wed, 23 Apr 2025 13:02:02 GMT\nConnection:keep-alive\nAccess-Control-Allow-Origin:*\nAccess-Control-Allow-Credentials:true\n"}
{"level":"info","time":"2025-04-23T15:02:03+02:00","message":" - [21] - GET Result :: Status code: 200"}
{"level":"info","time":"2025-04-23T15:02:03+02:00","message":" - Headers :\r\nDate:Wed, 23 Apr 2025 13:02:03 GMT\nConnection:keep-alive\nAccess-Control-Allow-Origin:*\nAccess-Control-Allow-Credentials:true\n"}
{"level":"info","time":"2025-04-23T15:02:06+02:00","message":" - DoPost Result :: Status code: 200"}
{"level":"info","time":"2025-04-23T15:02:06+02:00","message":" - Headers :\r\nAccess-Control-Allow-Credentials:true\nDate:Wed, 23 Apr 2025 13:02:05 GMT\nConnection:keep-alive\nAccess-Control-Allow-Origin:*\n"}
{"level":"info","time":"2025-04-23T15:02:06+02:00","message":" - [22] - GET Result :: Status code: 200"}
{"level":"info","time":"2025-04-23T15:02:06+02:00","message":" - Headers :\r\nDate:Wed, 23 Apr 2025 13:02:06 GMT\nConnection:keep-alive\nAccess-Control-Allow-Origin:*\nAccess-Control-Allow-Credentials:true\n"}
{"level":"info","time":"2025-04-23T15:02:09+02:00","message":" - [23] - GET Result :: Status code: 200"}
{"level":"info","time":"2025-04-23T15:02:09+02:00","message":" - Headers :\r\nDate:Wed, 23 Apr 2025 13:02:09 GMT\nConnection:keep-alive\nAccess-Control-Allow-Origin:*\nAccess-Control-Allow-Credentials:true\n"}
{"level":"info","time":"2025-04-23T15:02:10+02:00","message":" - DoPost Result :: Status code: 200"}
{"level":"info","time":"2025-04-23T15:02:10+02:00","message":" - Headers :\r\nDate:Wed, 23 Apr 2025 13:02:09 GMT\nConnection:keep-alive\nAccess-Control-Allow-Origin:*\nAccess-Control-Allow-Credentials:true\n"}
{"level":"info","time":"2025-04-23T15:02:14+02:00","message":" - DoPost Result :: Status code: 200"}
{"level":"info","time":"2025-04-23T15:02:14+02:00","message":" - Headers :\r\nAccess-Control-Allow-Origin:*\nAccess-Control-Allow-Credentials:true\nDate:Wed, 23 Apr 2025 13:02:14 GMT\nConnection:keep-alive\n"}
{"level":"info","time":"2025-04-23T15:02:16+02:00","message":" - DoPost Result :: Status code: 200"}
{"level":"info","time":"2025-04-23T15:02:16+02:00","message":" - Headers :\r\nDate:Wed, 23 Apr 2025 13:02:16 GMT\nConnection:keep-alive\nAccess-Control-Allow-Origin:*\nAccess-Control-Allow-Credentials:true\n"}
{"level":"info","time":"2025-04-23T15:02:19+02:00","message":" - DoPost Result :: Status code: 200"}
{"level":"info","time":"2025-04-23T15:02:19+02:00","message":" - Headers :\r\nDate:Wed, 23 Apr 2025 13:02:19 GMT\nConnection:keep-alive\nAccess-Control-Allow-Origin:*\nAccess-Control-Allow-Credentials:true\n"}
{"level":"info","time":"2025-04-23T15:02:21+02:00","message":" - DoPost Result :: Status code: 200"}
{"level":"info","time":"2025-04-23T15:02:21+02:00","message":" - Headers :\r\nAccess-Control-Allow-Credentials:true\nDate:Wed, 23 Apr 2025 13:02:21 GMT\nConnection:keep-alive\nAccess-Control-Allow-Origin:*\n"}
{"level":"info","time":"2025-04-23T15:02:26+02:00","message":" - DoPost Result :: Status code: 200"}
{"level":"info","time":"2025-04-23T15:02:26+02:00","message":" - Headers :\r\nDate:Wed, 23 Apr 2025 13:02:26 GMT\nConnection:keep-alive\nAccess-Control-Allow-Origin:*\nAccess-Control-Allow-Credentials:true\n"}
{"level":"info","time":"2025-04-23T15:02:29+02:00","message":" - DoPost Result :: Status code: 200"}
{"level":"info","time":"2025-04-23T15:02:29+02:00","message":" - Headers :\r\nDate:Wed, 23 Apr 2025 13:02:29 GMT\nConnection:keep-alive\nAccess-Control-Allow-Origin:*\nAccess-Control-Allow-Credentials:true\n"}
{"level":"info","time":"2025-04-23T15:02:30+02:00","message":" - DoPost Result :: Status code: 200"}
{"level":"info","time":"2025-04-23T15:02:30+02:00","message":" - Headers :\r\nDate:Wed, 23 Apr 2025 13:02:30 GMT\nConnection:keep-alive\nAccess-Control-Allow-Origin:*\nAccess-Control-Allow-Credentials:true\n"}
{"level":"info","time":"2025-04-23T15:02:34+02:00","message":" - DoPost Result :: Status code: 200"}
{"level":"info","time":"2025-04-23T15:02:34+02:00","message":" - Headers :\r\nAccess-Control-Allow-Origin:*\nAccess-Control-Allow-Credentials:true\nDate:Wed, 23 Apr 2025 13:02:34 GMT\nConnection:keep-alive\n"}
{"level":"info","time":"2025-04-23T15:02:35+02:00","message":" - Headers :\r\nDate:Wed, 23 Apr 2025 13:02:35 GMT\nConnection:keep-alive\nAccess-Control-Allow-Origin:*\nAccess-Control-Allow-Credentials:true\n"}
{"level":"info","time":"2025-04-23T15:02:35+02:00","message":" - DoPost Result :: Status code: 200"}
{"level":"info","time":"2025-04-23T15:02:36+02:00","message":" - [24] - GET Result :: Status code: 200"}
{"level":"info","time":"2025-04-23T15:02:36+02:00","message":" - Headers :\r\nDate:Wed, 23 Apr 2025 13:02:36 GMT\nConnection:keep-alive\nAccess-Control-Allow-Origin:*\nAccess-Control-Allow-Credentials:true\n"}
{"level":"info","time":"2025-04-23T15:02:41+02:00","message":" - DoPost Result :: Status code: 200"}
{"level":"info","time":"2025-04-23T15:02:41+02:00","message":" - Headers :\r\nDate:Wed, 23 Apr 2025 13:02:41 GMT\nConnection:keep-alive\nAccess-Control-Allow-Origin:*\nAccess-Control-Allow-Credentials:true\n"}
{"level":"info","time":"2025-04-23T15:02:45+02:00","message":" - Headers :\r\nDate:Wed, 23 Apr 2025 13:02:45 GMT\nConnection:keep-alive\nAccess-Control-Allow-Origin:*\nAccess-Control-Allow-Credentials:true\n"}
{"level":"info","time":"2025-04-23T15:02:45+02:00","message":" - DoPost Result :: Status code: 200"}
{"level":"info","time":"2025-04-23T15:02:45+02:00","message":" - [25] - GET Result :: Status code: 200"}
{"level":"info","time":"2025-04-23T15:02:45+02:00","message":" - Headers :\r\nDate:Wed, 23 Apr 2025 13:02:45 GMT\nConnection:keep-alive\nAccess-Control-Allow-Origin:*\nAccess-Control-Allow-Credentials:true\n"}
{"level":"info","time":"2025-04-23T15:02:46+02:00","message":" - [26] - GET Result :: Status code: 200"}
{"level":"info","time":"2025-04-23T15:02:46+02:00","message":" - Headers :\r\nAccess-Control-Allow-Credentials:true\nDate:Wed, 23 Apr 2025 13:02:46 GMT\nConnection:keep-alive\nAccess-Control-Allow-Origin:*\n"}
{"level":"info","time":"2025-04-23T15:02:46+02:00","message":" - DoPost Result :: Status code: 200"}
{"level":"info","time":"2025-04-23T15:02:46+02:00","message":" - Headers :\r\nDate:Wed, 23 Apr 2025 13:02:46 GMT\nConnection:keep-alive\nAccess-Control-Allow-Origin:*\nAccess-Control-Allow-Credentials:true\n"}
{"level":"info","time":"2025-04-23T15:02:49+02:00","message":" - Headers :\r\nDate:Wed, 23 Apr 2025 13:02:49 GMT\nConnection:keep-alive\nAccess-Control-Allow-Origin:*\nAccess-Control-Allow-Credentials:true\n"}
{"level":"info","time":"2025-04-23T15:02:49+02:00","message":" - [27] - GET Result :: Status code: 200"}
{"level":"info","time":"2025-04-23T15:02:50+02:00","message":" - DoPost Result :: Status code: 200"}
{"level":"info","time":"2025-04-23T15:02:50+02:00","message":" - Headers :\r\nDate:Wed, 23 Apr 2025 13:02:50 GMT\nConnection:keep-alive\nAccess-Control-Allow-Origin:*\nAccess-Control-Allow-Credentials:true\n"}
{"level":"info","time":"2025-04-23T15:02:51+02:00","message":" - DoPost Result :: Status code: 200"}
{"level":"info","time":"2025-04-23T15:02:51+02:00","message":" - Headers :\r\nDate:Wed, 23 Apr 2025 13:02:51 GMT\nConnection:keep-alive\nAccess-Control-Allow-Origin:*\nAccess-Control-Allow-Credentials:true\n"}
{"level":"info","time":"2025-04-23T15:02:52+02:00","message":" - [28] - GET Result :: Status code: 200"}
{"level":"info","time":"2025-04-23T15:02:52+02:00","message":" - Headers :\r\nDate:Wed, 23 Apr 2025 13:02:52 GMT\nConnection:keep-alive\nAccess-Control-Allow-Origin:*\nAccess-Control-Allow-Credentials:true\n"}
{"level":"info","time":"2025-04-23T15:02:52+02:00","message":" - DoPost Result :: Status code: 200"}
{"level":"info","time":"2025-04-23T15:02:52+02:00","message":" - Headers :\r\nDate:Wed, 23 Apr 2025 13:02:52 GMT\nConnection:keep-alive\nAccess-Control-Allow-Origin:*\nAccess-Control-Allow-Credentials:true\n"}
{"level":"info","time":"2025-04-23T15:02:53+02:00","message":" - [29] - GET Result :: Status code: 200"}
{"level":"info","time":"2025-04-23T15:02:53+02:00","message":" - Headers :\r\nDate:Wed, 23 Apr 2025 13:02:53 GMT\nConnection:keep-alive\nAccess-Control-Allow-Origin:*\nAccess-Control-Allow-Credentials:true\n"}
{"level":"info","time":"2025-04-23T15:02:55+02:00","message":" - [30] - GET Result :: Status code: 200"}
{"level":"info","time":"2025-04-23T15:02:55+02:00","message":" - Headers :\r\nAccess-Control-Allow-Origin:*\nAccess-Control-Allow-Credentials:true\nDate:Wed, 23 Apr 2025 13:02:55 GMT\nConnection:keep-alive\n"}
{"level":"info","time":"2025-04-23T15:02:58+02:00","message":" - DoPost Result :: Status code: 200"}
{"level":"info","time":"2025-04-23T15:02:58+02:00","message":" - Headers :\r\nDate:Wed, 23 Apr 2025 13:02:58 GMT\nConnection:keep-alive\nAccess-Control-Allow-Origin:*\nAccess-Control-Allow-Credentials:true\n"}
{"level":"info","time":"2025-04-23T15:02:59+02:00","message":" - DoPost Result :: Status code: 502"}
{"level":"info","time":"2025-04-23T15:02:59+02:00","message":" - Headers :\r\nConnection:keep-alive\nDate:Wed, 23 Apr 2025 13:02:59 GMT\n"}
{"level":"info","time":"2025-04-23T15:03:01+02:00","message":" - [31] - GET Result :: Status code: 200"}
{"level":"info","time":"2025-04-23T15:03:01+02:00","message":" - Headers :\r\nConnection:keep-alive\nAccess-Control-Allow-Origin:*\nAccess-Control-Allow-Credentials:true\nDate:Wed, 23 Apr 2025 13:03:01 GMT\n"}
{"level":"info","time":"2025-04-23T15:03:04+02:00","message":" - DoPost Result :: Status code: 200"}
{"level":"info","time":"2025-04-23T15:03:04+02:00","message":" - Headers :\r\nConnection:keep-alive\nAccess-Control-Allow-Origin:*\nAccess-Control-Allow-Credentials:true\nDate:Wed, 23 Apr 2025 13:03:04 GMT\n"}
{"level":"info","time":"2025-04-23T15:03:06+02:00","message":" - [32] - GET Result :: Status code: 200"}
{"level":"info","time":"2025-04-23T15:03:06+02:00","message":" - Headers :\r\nAccess-Control-Allow-Origin:*\nAccess-Control-Allow-Credentials:true\nDate:Wed, 23 Apr 2025 13:03:06 GMT\nConnection:keep-alive\n"}
{"level":"info","time":"2025-04-23T15:03:07+02:00","message":" - [33] - GET Result :: Status code: 200"}
{"level":"info","time":"2025-04-23T15:03:07+02:00","message":" - Headers :\r\nDate:Wed, 23 Apr 2025 13:03:07 GMT\nConnection:keep-alive\nAccess-Control-Allow-Origin:*\nAccess-Control-Allow-Credentials:true\n"}
{"level":"info","time":"2025-04-23T15:03:07+02:00","message":" - DoPost Result :: Status code: 200"}
{"level":"info","time":"2025-04-23T15:03:07+02:00","message":" - Headers :\r\nDate:Wed, 23 Apr 2025 13:03:07 GMT\nConnection:keep-alive\nAccess-Control-Allow-Origin:*\nAccess-Control-Allow-Credentials:true\n"}
{"level":"info","time":"2025-04-23T15:03:08+02:00","message":" - DoPost Result :: Status code: 502"}
{"level":"info","time":"2025-04-23T15:03:08+02:00","message":" - Headers :\r\nDate:Wed, 23 Apr 2025 13:03:08 GMT\nConnection:keep-alive\n"}
{"level":"info","time":"2025-04-23T15:03:11+02:00","message":" - [34] - GET Result :: Status code: 200"}
{"level":"info","time":"2025-04-23T15:03:11+02:00","message":" - Headers :\r\nConnection:keep-alive\nAccess-Control-Allow-Origin:*\nAccess-Control-Allow-Credentials:true\nDate:Wed, 23 Apr 2025 13:03:11 GMT\n"}
{"level":"info","time":"2025-04-23T15:03:13+02:00","message":" - DoPost Result :: Status code: 200"}
{"level":"info","time":"2025-04-23T15:03:13+02:00","message":" - Headers :\r\nDate:Wed, 23 Apr 2025 13:03:13 GMT\nConnection:keep-alive\nAccess-Control-Allow-Origin:*\nAccess-Control-Allow-Credentials:true\n"}
{"level":"info","time":"2025-04-23T15:03:15+02:00","message":" - [35] - GET Result :: Status code: 200"}
{"level":"info","time":"2025-04-23T15:03:15+02:00","message":" - Headers :\r\nAccess-Control-Allow-Credentials:true\nDate:Wed, 23 Apr 2025 13:03:15 GMT\nConnection:keep-alive\nAccess-Control-Allow-Origin:*\n"}
{"level":"info","time":"2025-04-23T15:03:18+02:00","message":" - [36] - GET Result :: Status code: 200"}
{"level":"info","time":"2025-04-23T15:03:18+02:00","message":" - Headers :\r\nDate:Wed, 23 Apr 2025 13:03:17 GMT\nConnection:keep-alive\nAccess-Control-Allow-Origin:*\nAccess-Control-Allow-Credentials:true\n"}
{"level":"info","time":"2025-04-23T15:03:18+02:00","message":" - DoPost Result :: Status code: 200"}
{"level":"info","time":"2025-04-23T15:03:18+02:00","message":" - Headers :\r\nDate:Wed, 23 Apr 2025 13:03:18 GMT\nConnection:keep-alive\nAccess-Control-Allow-Origin:*\nAccess-Control-Allow-Credentials:true\n"}
{"level":"info","time":"2025-04-23T15:03:19+02:00","message":" - DoPost Result :: Status code: 200"}
{"level":"info","time":"2025-04-23T15:03:19+02:00","message":" - Headers :\r\nDate:Wed, 23 Apr 2025 13:03:18 GMT\nConnection:keep-alive\nAccess-Control-Allow-Origin:*\nAccess-Control-Allow-Credentials:true\n"}
{"level":"info","time":"2025-04-23T15:03:20+02:00","message":" - DoPost Result :: Status code: 200"}
{"level":"info","time":"2025-04-23T15:03:20+02:00","message":" - Headers :\r\nDate:Wed, 23 Apr 2025 13:03:20 GMT\nConnection:keep-alive\nAccess-Control-Allow-Origin:*\nAccess-Control-Allow-Credentials:true\n"}
{"level":"info","time":"2025-04-23T15:03:20+02:00","message":" - [37] - GET Result :: Status code: 200"}
{"level":"info","time":"2025-04-23T15:03:20+02:00","message":" - Headers :\r\nConnection:keep-alive\nAccess-Control-Allow-Origin:*\nAccess-Control-Allow-Credentials:true\nDate:Wed, 23 Apr 2025 13:03:20 GMT\n"}
{"level":"info","time":"2025-04-23T15:03:22+02:00","message":" - [38] - GET Result :: Status code: 200"}
{"level":"info","time":"2025-04-23T15:03:22+02:00","message":" - Headers :\r\nDate:Wed, 23 Apr 2025 13:03:22 GMT\nConnection:keep-alive\nAccess-Control-Allow-Origin:*\nAccess-Control-Allow-Credentials:true\n"}
{"level":"info","time":"2025-04-23T15:03:25+02:00","message":" - [39] - GET Result :: Status code: 200"}
{"level":"info","time":"2025-04-23T15:03:25+02:00","message":" - Headers :\r\nAccess-Control-Allow-Origin:*\nAccess-Control-Allow-Credentials:true\nDate:Wed, 23 Apr 2025 13:03:25 GMT\nConnection:keep-alive\n"}
{"level":"info","time":"2025-04-23T15:03:25+02:00","message":" - DoPost Result :: Status code: 200"}
{"level":"info","time":"2025-04-23T15:03:25+02:00","message":" - Headers :\r\nDate:Wed, 23 Apr 2025 13:03:25 GMT\nConnection:keep-alive\nAccess-Control-Allow-Origin:*\nAccess-Control-Allow-Credentials:true\n"}
{"level":"info","time":"2025-04-23T15:03:27+02:00","message":" - [40] - GET Result :: Status code: 200"}
{"level":"info","time":"2025-04-23T15:03:27+02:00","message":" - Headers :\r\nAccess-Control-Allow-Origin:*\nAccess-Control-Allow-Credentials:true\nDate:Wed, 23 Apr 2025 13:03:27 GMT\nConnection:keep-alive\n"}
{"level":"info","time":"2025-04-23T15:03:27+02:00","message":" - DoPost Result :: Status code: 200"}
{"level":"info","time":"2025-04-23T15:03:27+02:00","message":" - Headers :\r\nDate:Wed, 23 Apr 2025 13:03:27 GMT\nConnection:keep-alive\nAccess-Control-Allow-Origin:*\nAccess-Control-Allow-Credentials:true\n"}
{"level":"info","time":"2025-04-23T15:03:31+02:00","message":" - DoPost Result :: Status code: 200"}
{"level":"info","time":"2025-04-23T15:03:31+02:00","message":" - Headers :\r\nAccess-Control-Allow-Credentials:true\nDate:Wed, 23 Apr 2025 13:03:31 GMT\nConnection:keep-alive\nAccess-Control-Allow-Origin:*\n"}
{"level":"info","time":"2025-04-23T15:03:31+02:00","message":" - [41] - GET Result :: Status code: 200"}
{"level":"info","time":"2025-04-23T15:03:31+02:00","message":" - Headers :\r\nConnection:keep-alive\nAccess-Control-Allow-Origin:*\nAccess-Control-Allow-Credentials:true\nDate:Wed, 23 Apr 2025 13:03:31 GMT\n"}
{"level":"info","time":"2025-04-23T15:03:33+02:00","message":" - [42] - GET Result :: Status code: 200"}
{"level":"info","time":"2025-04-23T15:03:33+02:00","message":" - Headers :\r\nDate:Wed, 23 Apr 2025 13:03:33 GMT\nConnection:keep-alive\nAccess-Control-Allow-Origin:*\nAccess-Control-Allow-Credentials:true\n"}
{"level":"info","time":"2025-04-23T15:03:34+02:00","message":" - DoPost Result :: Status code: 502"}
{"level":"info","time":"2025-04-23T15:03:34+02:00","message":" - Headers :\r\nDate:Wed, 23 Apr 2025 13:03:34 GMT\nConnection:keep-alive\n"}
{"level":"info","time":"2025-04-23T15:03:36+02:00","message":" - DoPost Result :: Status code: 200"}
{"level":"info","time":"2025-04-23T15:03:36+02:00","message":" - Headers :\r\nDate:Wed, 23 Apr 2025 13:03:36 GMT\nConnection:keep-alive\nAccess-Control-Allow-Origin:*\nAccess-Control-Allow-Credentials:true\n"}
{"level":"info","time":"2025-04-23T15:03:39+02:00","message":" - [43] - GET Result :: Status code: 200"}
{"level":"info","time":"2025-04-23T15:03:39+02:00","message":" - Headers :\r\nDate:Wed, 23 Apr 2025 13:03:39 GMT\nConnection:keep-alive\nAccess-Control-Allow-Origin:*\nAccess-Control-Allow-Credentials:true\n"}
{"level":"info","time":"2025-04-23T15:03:41+02:00","message":" - [44] - GET Result :: Status code: 200"}
{"level":"info","time":"2025-04-23T15:03:41+02:00","message":" - Headers :\r\nDate:Wed, 23 Apr 2025 13:03:41 GMT\nConnection:keep-alive\nAccess-Control-Allow-Origin:*\nAccess-Control-Allow-Credentials:true\n"}
{"level":"info","time":"2025-04-23T15:03:42+02:00","message":" - DoPost Result :: Status code: 200"}
{"level":"info","time":"2025-04-23T15:03:42+02:00","message":" - Headers :\r\nAccess-Control-Allow-Origin:*\nAccess-Control-Allow-Credentials:true\nDate:Wed, 23 Apr 2025 13:03:42 GMT\nConnection:keep-alive\n"}
{"level":"info","time":"2025-04-23T15:03:45+02:00","message":" - [45] - GET Result :: Status code: 200"}
{"level":"info","time":"2025-04-23T15:03:45+02:00","message":" - Headers :\r\nAccess-Control-Allow-Origin:*\nAccess-Control-Allow-Credentials:true\nDate:Wed, 23 Apr 2025 13:03:45 GMT\nConnection:keep-alive\n"}
{"level":"info","time":"2025-04-23T15:03:45+02:00","message":" - DoPost Result :: Status code: 200"}
{"level":"info","time":"2025-04-23T15:03:45+02:00","message":" - Headers :\r\nDate:Wed, 23 Apr 2025 13:03:45 GMT\nConnection:keep-alive\nAccess-Control-Allow-Origin:*\nAccess-Control-Allow-Credentials:true\n"}
{"level":"info","time":"2025-04-23T15:03:46+02:00","message":" - [46] - GET Result :: Status code: 200"}
{"level":"info","time":"2025-04-23T15:03:46+02:00","message":" - Headers :\r\nDate:Wed, 23 Apr 2025 13:03:45 GMT\nConnection:keep-alive\nAccess-Control-Allow-Origin:*\nAccess-Control-Allow-Credentials:true\n"}
{"level":"info","time":"2025-04-23T15:03:47+02:00","message":" - DoPost Result :: Status code: 200"}
{"level":"info","time":"2025-04-23T15:03:47+02:00","message":" - Headers :\r\nAccess-Control-Allow-Origin:*\nAccess-Control-Allow-Credentials:true\nDate:Wed, 23 Apr 2025 13:03:47 GMT\nConnection:keep-alive\n"}
{"level":"info","time":"2025-04-23T15:03:53+02:00","message":" - [47] - GET Result :: Status code: 200"}
{"level":"info","time":"2025-04-23T15:03:53+02:00","message":" - Headers :\r\nDate:Wed, 23 Apr 2025 13:03:52 GMT\nConnection:keep-alive\nAccess-Control-Allow-Origin:*\nAccess-Control-Allow-Credentials:true\n"}
{"level":"info","time":"2025-04-23T15:03:53+02:00","message":" - DoPost Result :: Status code: 200"}
{"level":"info","time":"2025-04-23T15:03:53+02:00","message":" - Headers :\r\nDate:Wed, 23 Apr 2025 13:03:53 GMT\nConnection:keep-alive\nAccess-Control-Allow-Origin:*\nAccess-Control-Allow-Credentials:true\n"}
{"level":"info","time":"2025-04-23T15:03:55+02:00","message":" - DoPost Result :: Status code: 200"}
{"level":"info","time":"2025-04-23T15:03:55+02:00","message":" - Headers :\r\nDate:Wed, 23 Apr 2025 13:03:55 GMT\nConnection:keep-alive\nAccess-Control-Allow-Origin:*\nAccess-Control-Allow-Credentials:true\n"}
{"level":"info","time":"2025-04-23T15:03:57+02:00","message":" - [48] - GET Result :: Status code: 200"}
{"level":"info","time":"2025-04-23T15:03:57+02:00","message":" - Headers :\r\nDate:Wed, 23 Apr 2025 13:03:57 GMT\nConnection:keep-alive\nAccess-Control-Allow-Origin:*\nAccess-Control-Allow-Credentials:true\n"}
{"level":"info","time":"2025-04-23T15:03:58+02:00","message":" - DoPost Result :: Status code: 200"}
{"level":"info","time":"2025-04-23T15:03:58+02:00","message":" - Headers :\r\nAccess-Control-Allow-Credentials:true\nDate:Wed, 23 Apr 2025 13:03:58 GMT\nConnection:keep-alive\nAccess-Control-Allow-Origin:*\n"}
{"level":"info","time":"2025-04-23T15:04:00+02:00","message":" - DoPost Result :: Status code: 200"}
{"level":"info","time":"2025-04-23T15:04:00+02:00","message":" - Headers :\r\nDate:Wed, 23 Apr 2025 13:04:00 GMT\nConnection:keep-alive\nAccess-Control-Allow-Origin:*\nAccess-Control-Allow-Credentials:true\n"}
{"level":"info","time":"2025-04-23T15:04:03+02:00","message":" - DoPost Result :: Status code: 200"}
{"level":"info","time":"2025-04-23T15:04:03+02:00","message":" - Headers :\r\nAccess-Control-Allow-Credentials:true\nDate:Wed, 23 Apr 2025 13:04:03 GMT\nConnection:keep-alive\nAccess-Control-Allow-Origin:*\n"}
{"level":"info","time":"2025-04-23T15:04:05+02:00","message":" - Headers :\r\nDate:Wed, 23 Apr 2025 13:04:05 GMT\nConnection:keep-alive\nAccess-Control-Allow-Origin:*\nAccess-Control-Allow-Credentials:true\n"}
{"level":"info","time":"2025-04-23T15:04:05+02:00","message":" - [49] - GET Result :: Status code: 200"}
{"level":"info","time":"2025-04-23T15:04:07+02:00","message":" - DoPost Result :: Status code: 200"}
{"level":"info","time":"2025-04-23T15:04:07+02:00","message":" - Headers :\r\nAccess-Control-Allow-Origin:*\nAccess-Control-Allow-Credentials:true\nDate:Wed, 23 Apr 2025 13:04:07 GMT\nConnection:keep-alive\n"}
{"level":"info","time":"2025-04-23T15:04:10+02:00","message":" - DoPost Result :: Status code: 200"}
{"level":"info","time":"2025-04-23T15:04:10+02:00","message":" - Headers :\r\nDate:Wed, 23 Apr 2025 13:04:09 GMT\nConnection:keep-alive\nAccess-Control-Allow-Origin:*\nAccess-Control-Allow-Credentials:true\n"}
{"level":"info","time":"2025-04-23T15:04:10+02:00","message":" - [50] - GET Result :: Status code: 200"}
{"level":"info","time":"2025-04-23T15:04:10+02:00","message":" - Headers :\r\nDate:Wed, 23 Apr 2025 13:04:10 GMT\nConnection:keep-alive\nAccess-Control-Allow-Origin:*\nAccess-Control-Allow-Credentials:true\n"}
{"level":"info","time":"2025-04-23T15:04:13+02:00","message":" - DoPost Result :: Status code: 200"}
{"level":"info","time":"2025-04-23T15:04:13+02:00","message":" - Headers :\r\nDate:Wed, 23 Apr 2025 13:04:13 GMT\nConnection:keep-alive\nAccess-Control-Allow-Origin:*\nAccess-Control-Allow-Credentials:true\n"}
{"level":"info","time":"2025-04-23T15:04:14+02:00","message":" - [51] - GET Result :: Status code: 200"}
{"level":"info","time":"2025-04-23T15:04:14+02:00","message":" - Headers :\r\nAccess-Control-Allow-Credentials:true\nDate:Wed, 23 Apr 2025 13:04:14 GMT\nConnection:keep-alive\nAccess-Control-Allow-Origin:*\n"}
{"level":"info","time":"2025-04-23T15:04:16+02:00","message":" - Headers :\r\nAccess-Control-Allow-Credentials:true\nDate:Wed, 23 Apr 2025 13:04:16 GMT\nConnection:keep-alive\nAccess-Control-Allow-Origin:*\n"}
{"level":"info","time":"2025-04-23T15:04:16+02:00","message":" - DoPost Result :: Status code: 200"}
{"level":"info","time":"2025-04-23T15:04:17+02:00","message":" - DoPost Result :: Status code: 200"}
{"level":"info","time":"2025-04-23T15:04:17+02:00","message":" - Headers :\r\nDate:Wed, 23 Apr 2025 13:04:16 GMT\nConnection:keep-alive\nAccess-Control-Allow-Origin:*\nAccess-Control-Allow-Credentials:true\n"}
{"level":"info","time":"2025-04-23T15:04:18+02:00","message":" - [52] - GET Result :: Status code: 200"}
{"level":"info","time":"2025-04-23T15:04:18+02:00","message":" - Headers :\r\nAccess-Control-Allow-Credentials:true\nDate:Wed, 23 Apr 2025 13:04:18 GMT\nConnection:keep-alive\nAccess-Control-Allow-Origin:*\n"}
{"level":"info","time":"2025-04-23T15:04:22+02:00","message":" - [53] - GET Result :: Status code: 200"}
{"level":"info","time":"2025-04-23T15:04:22+02:00","message":" - Headers :\r\nDate:Wed, 23 Apr 2025 13:04:22 GMT\nConnection:keep-alive\nAccess-Control-Allow-Origin:*\nAccess-Control-Allow-Credentials:true\n"}
{"level":"info","time":"2025-04-23T15:04:22+02:00","message":" - DoPost Result :: Status code: 200"}
{"level":"info","time":"2025-04-23T15:04:22+02:00","message":" - Headers :\r\nAccess-Control-Allow-Credentials:true\nDate:Wed, 23 Apr 2025 13:04:22 GMT\nConnection:keep-alive\nAccess-Control-Allow-Origin:*\n"}
{"level":"info","time":"2025-04-23T15:04:24+02:00","message":" - [54] - GET Result :: Status code: 200"}
{"level":"info","time":"2025-04-23T15:04:24+02:00","message":" - Headers :\r\nDate:Wed, 23 Apr 2025 13:04:24 GMT\nConnection:keep-alive\nAccess-Control-Allow-Origin:*\nAccess-Control-Allow-Credentials:true\n"}
{"level":"info","time":"2025-04-23T15:04:26+02:00","message":" - DoPost Result :: Status code: 200"}
{"level":"info","time":"2025-04-23T15:04:26+02:00","message":" - Headers :\r\nDate:Wed, 23 Apr 2025 13:04:26 GMT\nConnection:keep-alive\nAccess-Control-Allow-Origin:*\nAccess-Control-Allow-Credentials:true\n"}
{"level":"info","time":"2025-04-23T15:04:27+02:00","message":" - [55] - GET Result :: Status code: 200"}
{"level":"info","time":"2025-04-23T15:04:27+02:00","message":" - Headers :\r\nDate:Wed, 23 Apr 2025 13:04:27 GMT\nConnection:keep-alive\nAccess-Control-Allow-Origin:*\nAccess-Control-Allow-Credentials:true\n"}
{"level":"info","time":"2025-04-23T15:04:28+02:00","message":" - DoPost Result :: Status code: 200"}
{"level":"info","time":"2025-04-23T15:04:28+02:00","message":" - Headers :\r\nConnection:keep-alive\nAccess-Control-Allow-Origin:*\nAccess-Control-Allow-Credentials:true\nDate:Wed, 23 Apr 2025 13:04:28 GMT\n"}
{"level":"info","time":"2025-04-23T15:04:30+02:00","message":" - [56] - GET Result :: Status code: 200"}
{"level":"info","time":"2025-04-23T15:04:30+02:00","message":" - Headers :\r\nDate:Wed, 23 Apr 2025 13:04:29 GMT\nConnection:keep-alive\nAccess-Control-Allow-Origin:*\nAccess-Control-Allow-Credentials:true\n"}
{"level":"info","time":"2025-04-23T15:04:32+02:00","message":" - [57] - GET Result :: Status code: 200"}
{"level":"info","time":"2025-04-23T15:04:32+02:00","message":" - Headers :\r\nDate:Wed, 23 Apr 2025 13:04:32 GMT\nConnection:keep-alive\nAccess-Control-Allow-Origin:*\nAccess-Control-Allow-Credentials:true\n"}
{"level":"info","time":"2025-04-23T15:04:35+02:00","message":" - Headers :\r\nDate:Wed, 23 Apr 2025 13:04:34 GMT\nConnection:keep-alive\nAccess-Control-Allow-Origin:*\nAccess-Control-Allow-Credentials:true\n"}
{"level":"info","time":"2025-04-23T15:04:35+02:00","message":" - DoPost Result :: Status code: 200"}
{"level":"info","time":"2025-04-23T15:04:35+02:00","message":" - [58] - GET Result :: Status code: 200"}
{"level":"info","time":"2025-04-23T15:04:35+02:00","message":" - Headers :\r\nAccess-Control-Allow-Credentials:true\nDate:Wed, 23 Apr 2025 13:04:35 GMT\nConnection:keep-alive\nAccess-Control-Allow-Origin:*\n"}
{"level":"info","time":"2025-04-23T15:04:38+02:00","message":" - [59] - GET Result :: Status code: 200"}
{"level":"info","time":"2025-04-23T15:04:38+02:00","message":" - Headers :\r\nDate:Wed, 23 Apr 2025 13:04:37 GMT\nConnection:keep-alive\nAccess-Control-Allow-Origin:*\nAccess-Control-Allow-Credentials:true\n"}
{"level":"info","time":"2025-04-23T15:04:38+02:00","message":" - DoPost Result :: Status code: 200"}
{"level":"info","time":"2025-04-23T15:04:38+02:00","message":" - Headers :\r\nAccess-Control-Allow-Credentials:true\nDate:Wed, 23 Apr 2025 13:04:38 GMT\nConnection:keep-alive\nAccess-Control-Allow-Origin:*\n"}
{"level":"info","time":"2025-04-23T15:04:40+02:00","message":" - Headers :\r\nDate:Wed, 23 Apr 2025 13:04:40 GMT\nConnection:keep-alive\nAccess-Control-Allow-Origin:*\nAccess-Control-Allow-Credentials:true\n"}
{"level":"info","time":"2025-04-23T15:04:40+02:00","message":" - [60] - GET Result :: Status code: 200"}
{"level":"info","time":"2025-04-23T15:04:41+02:00","message":" - [61] - GET Result :: Status code: 200"}
{"level":"info","time":"2025-04-23T15:04:41+02:00","message":" - Headers :\r\nDate:Wed, 23 Apr 2025 13:04:41 GMT\nConnection:keep-alive\nAccess-Control-Allow-Origin:*\nAccess-Control-Allow-Credentials:true\n"}
{"level":"info","time":"2025-04-23T15:04:42+02:00","message":" - DoPost Result :: Status code: 200"}
{"level":"info","time":"2025-04-23T15:04:42+02:00","message":" - Headers :\r\nConnection:keep-alive\nAccess-Control-Allow-Origin:*\nAccess-Control-Allow-Credentials:true\nDate:Wed, 23 Apr 2025 13:04:42 GMT\n"}
{"level":"info","time":"2025-04-23T15:04:49+02:00","message":" - [62] - GET Result :: Status code: 200"}
{"level":"info","time":"2025-04-23T15:04:49+02:00","message":" - Headers :\r\nDate:Wed, 23 Apr 2025 13:04:49 GMT\nConnection:keep-alive\nAccess-Control-Allow-Origin:*\nAccess-Control-Allow-Credentials:true\n"}
{"level":"info","time":"2025-04-23T15:04:52+02:00","message":" - [63] - GET Result :: Status code: 200"}
{"level":"info","time":"2025-04-23T15:04:52+02:00","message":" - Headers :\r\nDate:Wed, 23 Apr 2025 13:04:52 GMT\nConnection:keep-alive\nAccess-Control-Allow-Origin:*\nAccess-Control-Allow-Credentials:true\n"}
{"level":"info","time":"2025-04-23T15:04:55+02:00","message":" - [64] - GET Result :: Status code: 200"}
{"level":"info","time":"2025-04-23T15:04:55+02:00","message":" - DoPost Result :: Status code: 200"}
{"level":"info","time":"2025-04-23T15:04:55+02:00","message":" - Headers :\r\nDate:Wed, 23 Apr 2025 13:04:55 GMT\nConnection:keep-alive\nAccess-Control-Allow-Origin:*\nAccess-Control-Allow-Credentials:true\n"}
{"level":"info","time":"2025-04-23T15:04:55+02:00","message":" - Headers :\r\nDate:Wed, 23 Apr 2025 13:04:55 GMT\nConnection:keep-alive\nAccess-Control-Allow-Origin:*\nAccess-Control-Allow-Credentials:true\n"}
{"level":"info","time":"2025-04-23T15:04:55+02:00","message":" - DoPost Result :: Status code: 200"}
{"level":"info","time":"2025-04-23T15:04:55+02:00","message":" - Headers :\r\nDate:Wed, 23 Apr 2025 13:04:55 GMT\nConnection:keep-alive\nAccess-Control-Allow-Origin:*\nAccess-Control-Allow-Credentials:true\n"}
{"level":"info","time":"2025-04-23T15:04:57+02:00","message":" - DoPost Result :: Status code: 200"}
{"level":"info","time":"2025-04-23T15:04:57+02:00","message":" - Headers :\r\nDate:Wed, 23 Apr 2025 13:04:56 GMT\nConnection:keep-alive\nAccess-Control-Allow-Origin:*\nAccess-Control-Allow-Credentials:true\n"}
{"level":"info","time":"2025-04-23T15:04:57+02:00","message":" - [65] - GET Result :: Status code: 200"}
{"level":"info","time":"2025-04-23T15:04:57+02:00","message":" - Headers :\r\nDate:Wed, 23 Apr 2025 13:04:57 GMT\nConnection:keep-alive\nAccess-Control-Allow-Origin:*\nAccess-Control-Allow-Credentials:true\n"}
{"level":"info","time":"2025-04-23T15:05:00+02:00","message":" - Headers :\r\nAccess-Control-Allow-Origin:*\nAccess-Control-Allow-Credentials:true\nDate:Wed, 23 Apr 2025 13:04:59 GMT\nConnection:keep-alive\n"}
{"level":"info","time":"2025-04-23T15:05:00+02:00","message":" - DoPost Result :: Status code: 200"}
{"level":"info","time":"2025-04-23T15:05:00+02:00","message":" - [66] - GET Result :: Status code: 200"}
{"level":"info","time":"2025-04-23T15:05:00+02:00","message":" - Headers :\r\nAccess-Control-Allow-Origin:*\nAccess-Control-Allow-Credentials:true\nDate:Wed, 23 Apr 2025 13:05:00 GMT\nConnection:keep-alive\n"}
{"level":"info","time":"2025-04-23T15:05:03+02:00","message":" - DoPost Result :: Status code: 200"}
{"level":"info","time":"2025-04-23T15:05:03+02:00","message":" - Headers :\r\nAccess-Control-Allow-Origin:*\nAccess-Control-Allow-Credentials:true\nDate:Wed, 23 Apr 2025 13:05:03 GMT\nConnection:keep-alive\n"}
{"level":"info","time":"2025-04-23T15:05:10+02:00","message":" - [67] - GET Result :: Status code: 200"}
{"level":"info","time":"2025-04-23T15:05:10+02:00","message":" - Headers :\r\nDate:Wed, 23 Apr 2025 13:05:10 GMT\nConnection:keep-alive\nAccess-Control-Allow-Origin:*\nAccess-Control-Allow-Credentials:true\n"}
{"level":"info","time":"2025-04-23T15:05:20+02:00","message":" - [68] - GET Result :: Status code: 200"}
{"level":"info","time":"2025-04-23T15:05:20+02:00","message":" - Headers :\r\nDate:Wed, 23 Apr 2025 13:05:20 GMT\nConnection:keep-alive\nAccess-Control-Allow-Origin:*\nAccess-Control-Allow-Credentials:true\n"}
{"level":"info","time":"2025-04-23T15:05:20+02:00","message":" - [69] - GET Result :: Status code: 200"}
{"level":"info","time":"2025-04-23T15:05:20+02:00","message":" - Headers :\r\nAccess-Control-Allow-Origin:*\nAccess-Control-Allow-Credentials:true\nDate:Wed, 23 Apr 2025 13:05:20 GMT\nConnection:keep-alive\n"}
{"level":"info","time":"2025-04-23T15:05:22+02:00","message":" - DoPost Result :: Status code: 200"}
{"level":"info","time":"2025-04-23T15:05:22+02:00","message":" - Headers :\r\nDate:Wed, 23 Apr 2025 13:05:22 GMT\nConnection:keep-alive\nAccess-Control-Allow-Origin:*\nAccess-Control-Allow-Credentials:true\n"}
{"level":"info","time":"2025-04-23T15:05:24+02:00","message":" - Headers :\r\nAccess-Control-Allow-Credentials:true\nDate:Wed, 23 Apr 2025 13:05:24 GMT\nConnection:keep-alive\nAccess-Control-Allow-Origin:*\n"}
{"level":"info","time":"2025-04-23T15:05:24+02:00","message":" - [70] - GET Result :: Status code: 200"}
{"level":"info","time":"2025-04-23T15:05:25+02:00","message":" - DoPost Result :: Status code: 200"}
{"level":"info","time":"2025-04-23T15:05:25+02:00","message":" - Headers :\r\nAccess-Control-Allow-Origin:*\nAccess-Control-Allow-Credentials:true\nDate:Wed, 23 Apr 2025 13:05:25 GMT\nConnection:keep-alive\n"}
{"level":"info","time":"2025-04-23T15:05:27+02:00","message":" - DoPost Result :: Status code: 200"}
{"level":"info","time":"2025-04-23T15:05:27+02:00","message":" - Headers :\r\nDate:Wed, 23 Apr 2025 13:05:27 GMT\nConnection:keep-alive\nAccess-Control-Allow-Origin:*\nAccess-Control-Allow-Credentials:true\n"}
{"level":"info","time":"2025-04-23T15:05:29+02:00","message":" - DoPost Result :: Status code: 200"}
{"level":"info","time":"2025-04-23T15:05:29+02:00","message":" - Headers :\r\nConnection:keep-alive\nAccess-Control-Allow-Origin:*\nAccess-Control-Allow-Credentials:true\nDate:Wed, 23 Apr 2025 13:05:29 GMT\n"}
{"level":"info","time":"2025-04-23T15:05:31+02:00","message":" - DoPost Result :: Status code: 200"}
{"level":"info","time":"2025-04-23T15:05:31+02:00","message":" - Headers :\r\nDate:Wed, 23 Apr 2025 13:05:30 GMT\nConnection:keep-alive\nAccess-Control-Allow-Origin:*\nAccess-Control-Allow-Credentials:true\n"}
{"level":"info","time":"2025-04-23T15:05:32+02:00","message":" - DoPost Result :: Status code: 200"}
{"level":"info","time":"2025-04-23T15:05:32+02:00","message":" - Headers :\r\nAccess-Control-Allow-Credentials:true\nDate:Wed, 23 Apr 2025 13:05:32 GMT\nConnection:keep-alive\nAccess-Control-Allow-Origin:*\n"}
{"level":"info","time":"2025-04-23T15:05:35+02:00","message":" - DoPost Result :: Status code: 200"}
{"level":"info","time":"2025-04-23T15:05:35+02:00","message":" - Headers :\r\nDate:Wed, 23 Apr 2025 13:05:35 GMT\nConnection:keep-alive\nAccess-Control-Allow-Origin:*\nAccess-Control-Allow-Credentials:true\n"}
{"level":"info","time":"2025-04-23T15:05:40+02:00","message":" - DoPost Result :: Status code: 200"}
{"level":"info","time":"2025-04-23T15:05:40+02:00","message":" - Headers :\r\nDate:Wed, 23 Apr 2025 13:05:40 GMT\nConnection:keep-alive\nAccess-Control-Allow-Origin:*\nAccess-Control-Allow-Credentials:true\n"}
{"level":"info","time":"2025-04-23T15:06:01+02:00","message":" - DoPost Result :: Status code: 200"}
{"level":"info","time":"2025-04-23T15:06:01+02:00","message":" - Headers :\r\nDate:Wed, 23 Apr 2025 13:06:00 GMT\nConnection:keep-alive\nAccess-Control-Allow-Origin:*\nAccess-Control-Allow-Credentials:true\n"}
{"level":"info","time":"2025-04-23T15:06:04+02:00","message":" - Headers :\r\nDate:Wed, 23 Apr 2025 13:06:04 GMT\nConnection:keep-alive\nAccess-Control-Allow-Origin:*\nAccess-Control-Allow-Credentials:true\n"}
{"level":"info","time":"2025-04-23T15:06:04+02:00","message":" - DoPost Result :: Status code: 200"}
{"level":"info","time":"2025-04-23T15:08:12+02:00","message":"Logger Initialized & Started"}
{"level":"info","time":"2025-04-23T15:08:12+02:00","message":"logger instance created with file /media/ajith/work/dev/go/Git_Lab2/agnione//log/AgniOne_demo_http.log"}
{"level":"info","time":"2025-04-23T15:08:12+02:00","message":"Application AgniOne Demo Application - 1.0.0.0 loaded"}
{"level":"info","time":"2025-04-23T15:08:12+02:00","message":"Found 1 pool setting for appunit Http_demo"}
{"level":"info","time":"2025-04-23T15:08:12+02:00","message":"Loading the 0 appunit of pool [1] of Http_demo"}
{"level":"info","time":"2025-04-23T15:08:12+02:00","message":" - Starting the ........... DONE"}
{"level":"info","time":"2025-04-23T15:08:12+02:00","message":"Loaded & started 1 pool of appunits"}
{"level":"info","time":"2025-04-23T15:08:12+02:00","message":"Started ------ (0) of [1] - Http_demo successfully"}
{"level":"info","time":"2025-04-23T15:08:12+02:00","message":"Started\t1 out of 1 pool of appunit Http_demo\n"}
{"level":"info","time":"2025-04-23T15:08:12+02:00","message":" - Starting ....."}
{"level":"info","time":"2025-04-23T15:08:12+02:00","message":"starting the DoGet routine"}
{"level":"info","time":"2025-04-23T15:08:12+02:00","message":"Starting (0) of [1] - Http_demo.............\nAppunit info -> "}
{"level":"info","time":"2025-04-23T15:08:13+02:00","message":"starting HTTP monitoring ......"}
{"level":"info","time":"2025-04-23T15:08:13+02:00","message":"HTTP monitoring started on 0.0.0.0:8080"}
{"level":"info","time":"2025-04-23T15:08:15+02:00","message":"broadcasting status via SSE started"}
{"level":"info","time":"2025-04-23T15:08:22+02:00","message":" - DoPost Result :: Status code: 200"}
{"level":"info","time":"2025-04-23T15:08:25+02:00","message":" - Headers :\r\nConnection:keep-alive\nAccess-Control-Allow-Origin:*\nAccess-Control-Allow-Credentials:true\nDate:Wed, 23 Apr 2025 13:08:20 GMT\n"}
{"level":"info","time":"2025-04-23T15:08:28+02:00","message":" - DoPost Result :: Status code: 200"}
{"level":"info","time":"2025-04-23T15:08:29+02:00","message":" - [0] - GET Result :: Status code: 200"}
{"level":"info","time":"2025-04-23T15:08:29+02:00","message":" - Headers :\r\nDate:Wed, 23 Apr 2025 13:08:28 GMT\nConnection:keep-alive\nAccess-Control-Allow-Origin:*\nAccess-Control-Allow-Credentials:true\n"}
{"level":"info","time":"2025-04-23T15:08:29+02:00","message":" - Headers :\r\nConnection:keep-alive\nAccess-Control-Allow-Origin:*\nAccess-Control-Allow-Credentials:true\nDate:Wed, 23 Apr 2025 13:08:28 GMT\n"}
{"level":"info","time":"2025-04-23T15:08:37+02:00","message":" - DoPost Result :: Status code: 200"}
{"level":"info","time":"2025-04-23T15:08:37+02:00","message":" - Headers :\r\nDate:Wed, 23 Apr 2025 13:08:32 GMT\nConnection:keep-alive\nAccess-Control-Allow-Origin:*\nAccess-Control-Allow-Credentials:true\n"}
{"level":"info","time":"2025-04-23T15:08:37+02:00","message":" - [1] - GET Result :: Status code: 200"}
{"level":"info","time":"2025-04-23T15:08:37+02:00","message":" - Headers :\r\nDate:Wed, 23 Apr 2025 13:08:31 GMT\nConnection:keep-alive\nAccess-Control-Allow-Origin:*\nAccess-Control-Allow-Credentials:true\n"}
{"level":"info","time":"2025-04-23T15:08:38+02:00","message":" - [2] - GET Result :: Status code: 200"}
{"level":"info","time":"2025-04-23T15:08:38+02:00","message":" - Headers :\r\nAccess-Control-Allow-Credentials:true\nDate:Wed, 23 Apr 2025 13:08:38 GMT\nConnection:keep-alive\nAccess-Control-Allow-Origin:*\n"}
{"level":"info","time":"2025-04-23T15:08:38+02:00","message":" - DoPost Result :: Status code: 200"}
{"level":"info","time":"2025-04-23T15:08:38+02:00","message":" - Headers :\r\nDate:Wed, 23 Apr 2025 13:08:37 GMT\nConnection:keep-alive\nAccess-Control-Allow-Origin:*\nAccess-Control-Allow-Credentials:true\n"}
{"level":"info","time":"2025-04-23T15:08:40+02:00","message":" - Headers :\r\nAccess-Control-Allow-Origin:*\nAccess-Control-Allow-Credentials:true\nDate:Wed, 23 Apr 2025 13:08:40 GMT\nConnection:keep-alive\n"}
{"level":"info","time":"2025-04-23T15:08:40+02:00","message":" - DoPost Result :: Status code: 200"}
{"level":"info","time":"2025-04-23T15:08:42+02:00","message":" - [3] - GET Result :: Status code: 200"}
{"level":"info","time":"2025-04-23T15:08:42+02:00","message":" - Headers :\r\nAccess-Control-Allow-Credentials:true\nDate:Wed, 23 Apr 2025 13:08:42 GMT\nConnection:keep-alive\nAccess-Control-Allow-Origin:*\n"}
{"level":"info","time":"2025-04-23T15:08:44+02:00","message":" - [4] - GET Result :: Status code: 200"}
{"level":"info","time":"2025-04-23T15:08:44+02:00","message":" - Headers :\r\nAccess-Control-Allow-Origin:*\nAccess-Control-Allow-Credentials:true\nDate:Wed, 23 Apr 2025 13:08:44 GMT\nConnection:keep-alive\n"}
{"level":"info","time":"2025-04-23T15:08:44+02:00","message":" - DoPost Result :: Status code: 200"}
{"level":"info","time":"2025-04-23T15:08:44+02:00","message":" - Headers :\r\nAccess-Control-Allow-Origin:*\nAccess-Control-Allow-Credentials:true\nDate:Wed, 23 Apr 2025 13:08:44 GMT\nConnection:keep-alive\n"}
{"level":"info","time":"2025-04-23T15:08:47+02:00","message":" - DoPost Result :: Status code: 200"}
{"level":"info","time":"2025-04-23T15:08:47+02:00","message":" - Headers :\r\nConnection:keep-alive\nAccess-Control-Allow-Origin:*\nAccess-Control-Allow-Credentials:true\nDate:Wed, 23 Apr 2025 13:08:47 GMT\n"}
{"level":"info","time":"2025-04-23T15:08:56+02:00","message":" - [5] - GET Result :: Status code: 200"}
{"level":"info","time":"2025-04-23T15:08:56+02:00","message":" - Headers :\r\nDate:Wed, 23 Apr 2025 13:08:56 GMT\nConnection:keep-alive\nAccess-Control-Allow-Origin:*\nAccess-Control-Allow-Credentials:true\n"}
{"level":"info","time":"2025-04-23T15:09:09+02:00","message":" - DoPost Result :: Status code: 200"}
{"level":"info","time":"2025-04-23T15:09:09+02:00","message":" - Headers :\r\nDate:Wed, 23 Apr 2025 13:09:08 GMT\nConnection:keep-alive\nAccess-Control-Allow-Origin:*\nAccess-Control-Allow-Credentials:true\n"}
{"level":"info","time":"2025-04-23T15:09:12+02:00","message":" - DoPost Result :: Status code: 200"}
{"level":"info","time":"2025-04-23T15:09:12+02:00","message":" - Headers :\r\nDate:Wed, 23 Apr 2025 13:09:12 GMT\nConnection:keep-alive\nAccess-Control-Allow-Origin:*\nAccess-Control-Allow-Credentials:true\n"}
{"level":"info","time":"2025-04-23T15:09:16+02:00","message":" - [6] - GET Result :: Status code: 200"}
{"level":"info","time":"2025-04-23T15:09:16+02:00","message":" - Headers :\r\nDate:Wed, 23 Apr 2025 13:09:16 GMT\nConnection:keep-alive\nAccess-Control-Allow-Origin:*\nAccess-Control-Allow-Credentials:true\n"}
{"level":"info","time":"2025-04-23T15:09:29+02:00","message":" - Headers :\r\nDate:Wed, 23 Apr 2025 13:09:26 GMT\nConnection:keep-alive\nAccess-Control-Allow-Origin:*\nAccess-Control-Allow-Credentials:true\n"}
{"level":"info","time":"2025-04-23T15:09:29+02:00","message":" - DoPost Result :: Status code: 200"}
{"level":"info","time":"2025-04-23T15:09:30+02:00","message":" - DoPost Result :: Status code: 200"}
{"level":"info","time":"2025-04-23T15:09:30+02:00","message":" - Headers :\r\nDate:Wed, 23 Apr 2025 13:09:30 GMT\nConnection:keep-alive\nAccess-Control-Allow-Origin:*\nAccess-Control-Allow-Credentials:true\n"}
{"level":"info","time":"2025-04-23T15:09:33+02:00","message":" - DoPost Result :: Status code: 200"}
{"level":"info","time":"2025-04-23T15:09:33+02:00","message":" - Headers :\r\nDate:Wed, 23 Apr 2025 13:09:33 GMT\nConnection:keep-alive\nAccess-Control-Allow-Origin:*\nAccess-Control-Allow-Credentials:true\n"}
{"level":"info","time":"2025-04-23T15:09:35+02:00","message":" - DoPost Result :: Status code: 200"}
{"level":"info","time":"2025-04-23T15:09:35+02:00","message":" - Headers :\r\nAccess-Control-Allow-Credentials:true\nDate:Wed, 23 Apr 2025 13:09:35 GMT\nConnection:keep-alive\nAccess-Control-Allow-Origin:*\n"}
{"level":"info","time":"2025-04-23T15:09:36+02:00","message":" - [7] - GET Result :: Status code: 200"}
{"level":"info","time":"2025-04-23T15:09:36+02:00","message":" - Headers :\r\nDate:Wed, 23 Apr 2025 13:09:36 GMT\nConnection:keep-alive\nAccess-Control-Allow-Origin:*\nAccess-Control-Allow-Credentials:true\n"}
{"level":"info","time":"2025-04-23T15:09:42+02:00","message":" - [8] - GET Result :: Status code: 200"}
{"level":"info","time":"2025-04-23T15:09:42+02:00","message":" - Headers :\r\nDate:Wed, 23 Apr 2025 13:09:42 GMT\nConnection:keep-alive\nAccess-Control-Allow-Origin:*\nAccess-Control-Allow-Credentials:true\n"}
{"level":"info","time":"2025-04-23T15:10:02+02:00","message":"Logger Initialized & Started"}
{"level":"info","time":"2025-04-23T15:10:02+02:00","message":"logger instance created with file /media/ajith/work/dev/go/Git_Lab2/agnione//log/AgniOne_demo_http.log"}
{"level":"info","time":"2025-04-23T15:10:02+02:00","message":"Found 1 pool setting for appunit Http_demo"}
{"level":"info","time":"2025-04-23T15:10:02+02:00","message":"Application AgniOne Demo Application - 1.0.0.0 loaded"}
{"level":"info","time":"2025-04-23T15:10:02+02:00","message":"Loading the 0 appunit of pool [1] of Http_demo"}
{"level":"info","time":"2025-04-23T15:10:02+02:00","message":"Starting (0) of [1] - Http_demo.............\nAppunit info -> "}
{"level":"info","time":"2025-04-23T15:10:02+02:00","message":"Loaded & started 1 pool of appunits"}
{"level":"info","time":"2025-04-23T15:10:02+02:00","message":" - Starting ....."}
{"level":"info","time":"2025-04-23T15:10:02+02:00","message":" - Starting the ........... DONE"}
{"level":"info","time":"2025-04-23T15:10:02+02:00","message":"Started\t1 out of 1 pool of appunit Http_demo\n"}
{"level":"info","time":"2025-04-23T15:10:02+02:00","message":"Started ------ (0) of [1] - Http_demo successfully"}
{"level":"info","time":"2025-04-23T15:10:02+02:00","message":"starting the DoGet routine"}
{"level":"info","time":"2025-04-23T15:10:03+02:00","message":"starting HTTP monitoring ......"}
{"level":"info","time":"2025-04-23T15:10:03+02:00","message":"HTTP monitoring started on 0.0.0.0:8080"}
{"level":"info","time":"2025-04-23T15:10:05+02:00","message":"broadcasting status via SSE started"}
{"level":"info","time":"2025-04-23T15:10:06+02:00","message":" - Headers :\r\nDate:Wed, 23 Apr 2025 13:10:06 GMT\nConnection:keep-alive\n"}
{"level":"info","time":"2025-04-23T15:10:06+02:00","message":" - Headers :\r\nDate:Wed, 23 Apr 2025 13:10:06 GMT\nConnection:keep-alive\n"}
{"level":"info","time":"2025-04-23T15:10:06+02:00","message":" - DoPost Result :: Status code: 503"}
{"level":"info","time":"2025-04-23T15:10:06+02:00","message":" - [0] - GET Result :: Status code: 503"}
{"level":"info","time":"2025-04-23T15:10:31+02:00","message":"Logger Initialized & Started"}
{"level":"info","time":"2025-04-23T15:10:31+02:00","message":"logger instance created with file /media/ajith/work/dev/go/Git_Lab2/agnione//log/AgniOne_demo_http.log"}
{"level":"info","time":"2025-04-23T15:10:31+02:00","message":"Found 1 pool setting for appunit Http_demo"}
{"level":"info","time":"2025-04-23T15:10:31+02:00","message":"Application AgniOne Demo Application - 1.0.0.0 loaded"}
{"level":"info","time":"2025-04-23T15:10:31+02:00","message":"Loading the 0 appunit of pool [1] of Http_demo"}
{"level":"info","time":"2025-04-23T15:10:31+02:00","message":"Loaded & started 1 pool of appunits"}
{"level":"info","time":"2025-04-23T15:10:31+02:00","message":"Starting (0) of [1] - Http_demo.............\nAppunit info -> "}
{"level":"info","time":"2025-04-23T15:10:31+02:00","message":" - Starting ....."}
{"level":"info","time":"2025-04-23T15:10:31+02:00","message":"Started ------ (0) of [1] - Http_demo successfully"}
{"level":"info","time":"2025-04-23T15:10:31+02:00","message":" - Starting the ........... DONE"}
{"level":"info","time":"2025-04-23T15:10:31+02:00","message":"Started\t1 out of 1 pool of appunit Http_demo\n"}
{"level":"info","time":"2025-04-23T15:10:31+02:00","message":"starting the DoGet routine"}
{"level":"info","time":"2025-04-23T15:10:32+02:00","message":"starting HTTP monitoring ......"}
{"level":"info","time":"2025-04-23T15:10:32+02:00","message":"HTTP monitoring started on 0.0.0.0:8080"}
{"level":"info","time":"2025-04-23T15:10:34+02:00","message":"broadcasting status via SSE started"}
{"level":"info","time":"2025-04-23T15:10:35+02:00","message":" - DoPost Result :: Status code: 503"}
{"level":"info","time":"2025-04-23T15:10:35+02:00","message":" - Headers :\r\nDate:Wed, 23 Apr 2025 13:10:35 GMT\nConnection:keep-alive\n"}
{"level":"info","time":"2025-04-23T15:10:35+02:00","message":" - [0] - GET Result :: Status code: 503"}
{"level":"info","time":"2025-04-23T15:10:35+02:00","message":" - Headers :\r\nDate:Wed, 23 Apr 2025 13:10:35 GMT\nConnection:keep-alive\n"}
{"level":"info","time":"2025-04-23T15:10:41+02:00","message":" - DoPost Result :: Status code: 503"}
{"level":"info","time":"2025-04-23T15:10:41+02:00","message":" - Headers :\r\nConnection:keep-alive\nDate:Wed, 23 Apr 2025 13:10:40 GMT\n"}
{"level":"info","time":"2025-04-23T15:10:41+02:00","message":" - [1] - GET Result :: Status code: 503"}
{"level":"info","time":"2025-04-23T15:10:41+02:00","message":" - Headers :\r\nDate:Wed, 23 Apr 2025 13:10:41 GMT\nConnection:keep-alive\n"}
{"level":"info","time":"2025-04-23T15:10:42+02:00","message":" - Headers :\r\nDate:Wed, 23 Apr 2025 13:10:41 GMT\nConnection:keep-alive\n"}
{"level":"info","time":"2025-04-23T15:10:42+02:00","message":" - DoPost Result :: Status code: 503"}
{"level":"info","time":"2025-04-23T15:10:42+02:00","message":" - Headers :\r\nDate:Wed, 23 Apr 2025 13:10:41 GMT\nConnection:keep-alive\n"}
{"level":"info","time":"2025-04-23T15:10:42+02:00","message":" - [2] - GET Result :: Status code: 503"}
{"level":"info","time":"2025-04-23T15:10:44+02:00","message":" - [3] - GET Result :: Status code: 503"}
{"level":"info","time":"2025-04-23T15:10:44+02:00","message":" - Headers :\r\nDate:Wed, 23 Apr 2025 13:10:44 GMT\nConnection:keep-alive\n"}
{"level":"info","time":"2025-04-23T15:10:44+02:00","message":" - DoPost Result :: Status code: 503"}
{"level":"info","time":"2025-04-23T15:10:44+02:00","message":" - Headers :\r\nDate:Wed, 23 Apr 2025 13:10:44 GMT\nConnection:keep-alive\n"}
{"level":"info","time":"2025-04-23T15:10:46+02:00","message":" - DoPost Result :: Status code: 503"}
{"level":"info","time":"2025-04-23T15:10:46+02:00","message":" - Headers :\r\nDate:Wed, 23 Apr 2025 13:10:46 GMT\nConnection:keep-alive\n"}
{"level":"info","time":"2025-04-23T15:10:46+02:00","message":" - [4] - GET Result :: Status code: 503"}
{"level":"info","time":"2025-04-23T15:10:46+02:00","message":" - Headers :\r\nConnection:keep-alive\nDate:Wed, 23 Apr 2025 13:10:46 GMT\n"}
{"level":"info","time":"2025-04-23T15:10:49+02:00","message":" - [5] - GET Result :: Status code: 503"}
{"level":"info","time":"2025-04-23T15:10:49+02:00","message":" - DoPost Result :: Status code: 503"}
{"level":"info","time":"2025-04-23T15:10:49+02:00","message":" - Headers :\r\nDate:Wed, 23 Apr 2025 13:10:49 GMT\nConnection:keep-alive\n"}
{"level":"info","time":"2025-04-23T15:10:49+02:00","message":" - Headers :\r\nDate:Wed, 23 Apr 2025 13:10:49 GMT\nConnection:keep-alive\n"}
{"level":"info","time":"2025-04-23T15:10:52+02:00","message":" - Headers :\r\nConnection:keep-alive\nDate:Wed, 23 Apr 2025 13:10:52 GMT\n"}
{"level":"info","time":"2025-04-23T15:10:52+02:00","message":" - [6] - GET Result :: Status code: 503"}
{"level":"info","time":"2025-04-23T15:10:52+02:00","message":" - DoPost Result :: Status code: 503"}
{"level":"info","time":"2025-04-23T15:10:52+02:00","message":" - Headers :\r\nDate:Wed, 23 Apr 2025 13:10:52 GMT\nConnection:keep-alive\n"}
{"level":"info","time":"2025-04-23T15:10:55+02:00","message":" - [7] - GET Result :: Status code: 503"}
{"level":"info","time":"2025-04-23T15:10:55+02:00","message":" - DoPost Result :: Status code: 503"}
{"level":"info","time":"2025-04-23T15:10:55+02:00","message":" - Headers :\r\nDate:Wed, 23 Apr 2025 13:10:55 GMT\nConnection:keep-alive\n"}
{"level":"info","time":"2025-04-23T15:10:55+02:00","message":" - Headers :\r\nDate:Wed, 23 Apr 2025 13:10:55 GMT\nConnection:keep-alive\n"}
{"level":"info","time":"2025-04-23T15:10:58+02:00","message":" - [8] - GET Result :: Status code: 503"}
{"level":"info","time":"2025-04-23T15:10:58+02:00","message":" - Headers :\r\nDate:Wed, 23 Apr 2025 13:10:58 GMT\nConnection:keep-alive\n"}
{"level":"info","time":"2025-04-23T15:10:58+02:00","message":" - DoPost Result :: Status code: 503"}
{"level":"info","time":"2025-04-23T15:10:58+02:00","message":" - Headers :\r\nDate:Wed, 23 Apr 2025 13:10:58 GMT\nConnection:keep-alive\n"}
{"level":"info","time":"2025-04-23T15:11:01+02:00","message":" - Headers :\r\nDate:Wed, 23 Apr 2025 13:11:01 GMT\nConnection:keep-alive\n"}
{"level":"info","time":"2025-04-23T15:11:01+02:00","message":" - [9] - GET Result :: Status code: 503"}
{"level":"info","time":"2025-04-23T15:11:01+02:00","message":" - DoPost Result :: Status code: 503"}
{"level":"info","time":"2025-04-23T15:11:01+02:00","message":" - Headers :\r\nDate:Wed, 23 Apr 2025 13:11:01 GMT\nConnection:keep-alive\n"}
{"level":"info","time":"2025-04-23T15:11:04+02:00","message":" - DoPost Result :: Status code: 503"}
{"level":"info","time":"2025-04-23T15:11:04+02:00","message":" - Headers :\r\nConnection:keep-alive\nDate:Wed, 23 Apr 2025 13:11:04 GMT\n"}
{"level":"info","time":"2025-04-23T15:11:04+02:00","message":" - [10] - GET Result :: Status code: 503"}
{"level":"info","time":"2025-04-23T15:11:04+02:00","message":" - Headers :\r\nDate:Wed, 23 Apr 2025 13:11:04 GMT\nConnection:keep-alive\n"}
{"level":"info","time":"2025-04-23T15:11:07+02:00","message":" - [11] - GET Result :: Status code: 503"}
{"level":"info","time":"2025-04-23T15:11:07+02:00","message":" - Headers :\r\nDate:Wed, 23 Apr 2025 13:11:07 GMT\nConnection:keep-alive\n"}
{"level":"info","time":"2025-04-23T15:11:07+02:00","message":" - Headers :\r\nDate:Wed, 23 Apr 2025 13:11:07 GMT\nConnection:keep-alive\n"}
{"level":"info","time":"2025-04-23T15:11:07+02:00","message":" - DoPost Result :: Status code: 503"}
{"level":"info","time":"2025-04-23T15:11:10+02:00","message":" - DoPost Result :: Status code: 503"}
{"level":"info","time":"2025-04-23T15:11:10+02:00","message":" - [12] - GET Result :: Status code: 503"}
{"level":"info","time":"2025-04-23T15:11:10+02:00","message":" - Headers :\r\nDate:Wed, 23 Apr 2025 13:11:10 GMT\nConnection:keep-alive\n"}
{"level":"info","time":"2025-04-23T15:11:10+02:00","message":" - Headers :\r\nDate:Wed, 23 Apr 2025 13:11:10 GMT\nConnection:keep-alive\n"}
{"level":"info","time":"2025-04-23T15:11:13+02:00","message":" - [13] - GET Result :: Status code: 503"}
{"level":"info","time":"2025-04-23T15:11:13+02:00","message":" - Headers :\r\nDate:Wed, 23 Apr 2025 13:11:13 GMT\nConnection:keep-alive\n"}
{"level":"info","time":"2025-04-23T15:11:13+02:00","message":" - Headers :\r\nDate:Wed, 23 Apr 2025 13:11:13 GMT\nConnection:keep-alive\n"}
{"level":"info","time":"2025-04-23T15:11:13+02:00","message":" - DoPost Result :: Status code: 503"}
{"level":"info","time":"2025-04-23T15:11:16+02:00","message":" - [14] - GET Result :: Status code: 503"}
{"level":"info","time":"2025-04-23T15:11:16+02:00","message":" - DoPost Result :: Status code: 503"}
{"level":"info","time":"2025-04-23T15:11:16+02:00","message":" - Headers :\r\nDate:Wed, 23 Apr 2025 13:11:16 GMT\nConnection:keep-alive\n"}
{"level":"info","time":"2025-04-23T15:11:16+02:00","message":" - Headers :\r\nDate:Wed, 23 Apr 2025 13:11:16 GMT\nConnection:keep-alive\n"}
{"level":"info","time":"2025-04-23T15:11:19+02:00","message":" - [15] - GET Result :: Status code: 503"}
{"level":"info","time":"2025-04-23T15:11:19+02:00","message":" - Headers :\r\nDate:Wed, 23 Apr 2025 13:11:19 GMT\nConnection:keep-alive\n"}
{"level":"info","time":"2025-04-23T15:11:19+02:00","message":" - DoPost Result :: Status code: 503"}
{"level":"info","time":"2025-04-23T15:11:19+02:00","message":" - Headers :\r\nDate:Wed, 23 Apr 2025 13:11:19 GMT\nConnection:keep-alive\n"}
{"level":"info","time":"2025-04-23T15:11:22+02:00","message":" - [16] - GET Result :: Status code: 503"}
{"level":"info","time":"2025-04-23T15:11:22+02:00","message":" - Headers :\r\nDate:Wed, 23 Apr 2025 13:11:22 GMT\nConnection:keep-alive\n"}
{"level":"info","time":"2025-04-23T15:11:22+02:00","message":" - DoPost Result :: Status code: 503"}
{"level":"info","time":"2025-04-23T15:11:22+02:00","message":" - Headers :\r\nDate:Wed, 23 Apr 2025 13:11:22 GMT\nConnection:keep-alive\n"}
{"level":"info","time":"2025-04-23T15:11:26+02:00","message":" - Headers :\r\nDate:Wed, 23 Apr 2025 13:11:26 GMT\nConnection:keep-alive\n"}
{"level":"info","time":"2025-04-23T15:11:26+02:00","message":" - [17] - GET Result :: Status code: 503"}
{"level":"info","time":"2025-04-23T15:11:26+02:00","message":" - DoPost Result :: Status code: 503"}
{"level":"info","time":"2025-04-23T15:11:26+02:00","message":" - Headers :\r\nDate:Wed, 23 Apr 2025 13:11:26 GMT\nConnection:keep-alive\n"}
{"level":"info","time":"2025-04-23T15:11:28+02:00","message":" - [18] - GET Result :: Status code: 503"}
{"level":"info","time":"2025-04-23T15:11:28+02:00","message":" - Headers :\r\nDate:Wed, 23 Apr 2025 13:11:28 GMT\nConnection:keep-alive\n"}
{"level":"info","time":"2025-04-23T15:11:28+02:00","message":" - DoPost Result :: Status code: 503"}
{"level":"info","time":"2025-04-23T15:11:28+02:00","message":" - Headers :\r\nDate:Wed, 23 Apr 2025 13:11:28 GMT\nConnection:keep-alive\n"}
{"level":"info","time":"2025-04-23T15:11:31+02:00","message":" - DoPost Result :: Status code: 503"}
{"level":"info","time":"2025-04-23T15:11:31+02:00","message":" - Headers :\r\nDate:Wed, 23 Apr 2025 13:11:31 GMT\nConnection:keep-alive\n"}
{"level":"info","time":"2025-04-23T15:11:31+02:00","message":" - [19] - GET Result :: Status code: 503"}
{"level":"info","time":"2025-04-23T15:11:31+02:00","message":" - Headers :\r\nDate:Wed, 23 Apr 2025 13:11:31 GMT\nConnection:keep-alive\n"}
{"level":"info","time":"2025-04-23T15:11:34+02:00","message":" - DoPost Result :: Status code: 503"}
{"level":"info","time":"2025-04-23T15:11:34+02:00","message":" - Headers :\r\nDate:Wed, 23 Apr 2025 13:11:34 GMT\nConnection:keep-alive\n"}
{"level":"info","time":"2025-04-23T15:11:34+02:00","message":" - [20] - GET Result :: Status code: 503"}
{"level":"info","time":"2025-04-23T15:11:34+02:00","message":" - Headers :\r\nConnection:keep-alive\nDate:Wed, 23 Apr 2025 13:11:34 GMT\n"}
{"level":"info","time":"2025-04-23T15:11:37+02:00","message":" - [21] - GET Result :: Status code: 503"}
{"level":"info","time":"2025-04-23T15:11:37+02:00","message":" - Headers :\r\nConnection:keep-alive\nDate:Wed, 23 Apr 2025 13:11:37 GMT\n"}
{"level":"info","time":"2025-04-23T15:11:37+02:00","message":" - DoPost Result :: Status code: 503"}
{"level":"info","time":"2025-04-23T15:11:37+02:00","message":" - Headers :\r\nConnection:keep-alive\nDate:Wed, 23 Apr 2025 13:11:37 GMT\n"}
{"level":"info","time":"2025-04-23T15:11:40+02:00","message":" - DoPost Result :: Status code: 503"}
{"level":"info","time":"2025-04-23T15:11:40+02:00","message":" - Headers :\r\nDate:Wed, 23 Apr 2025 13:11:40 GMT\nConnection:keep-alive\n"}
{"level":"info","time":"2025-04-23T15:11:40+02:00","message":" - Headers :\r\nDate:Wed, 23 Apr 2025 13:11:40 GMT\nConnection:keep-alive\n"}
{"level":"info","time":"2025-04-23T15:11:40+02:00","message":" - [22] - GET Result :: Status code: 503"}
{"level":"info","time":"2025-04-23T15:11:43+02:00","message":" - DoPost Result :: Status code: 503"}
{"level":"info","time":"2025-04-23T15:11:43+02:00","message":" - Headers :\r\nDate:Wed, 23 Apr 2025 13:11:43 GMT\nConnection:keep-alive\n"}
{"level":"info","time":"2025-04-23T15:11:43+02:00","message":" - Headers :\r\nConnection:keep-alive\nDate:Wed, 23 Apr 2025 13:11:43 GMT\n"}
{"level":"info","time":"2025-04-23T15:11:43+02:00","message":" - [23] - GET Result :: Status code: 503"}
{"level":"info","time":"2025-04-23T15:11:46+02:00","message":" - [24] - GET Result :: Status code: 503"}
{"level":"info","time":"2025-04-23T15:11:46+02:00","message":" - DoPost Result :: Status code: 503"}
{"level":"info","time":"2025-04-23T15:11:46+02:00","message":" - Headers :\r\nDate:Wed, 23 Apr 2025 13:11:46 GMT\nConnection:keep-alive\n"}
{"level":"info","time":"2025-04-23T15:11:46+02:00","message":" - Headers :\r\nDate:Wed, 23 Apr 2025 13:11:46 GMT\nConnection:keep-alive\n"}
{"level":"info","time":"2025-04-23T15:11:49+02:00","message":" - [25] - GET Result :: Status code: 503"}
{"level":"info","time":"2025-04-23T15:11:49+02:00","message":" - DoPost Result :: Status code: 503"}
{"level":"info","time":"2025-04-23T15:11:49+02:00","message":" - Headers :\r\nDate:Wed, 23 Apr 2025 13:11:49 GMT\nConnection:keep-alive\n"}
{"level":"info","time":"2025-04-23T15:11:49+02:00","message":" - Headers :\r\nDate:Wed, 23 Apr 2025 13:11:49 GMT\nConnection:keep-alive\n"}
{"level":"info","time":"2025-04-23T15:11:52+02:00","message":" - [26] - GET Result :: Status code: 503"}
{"level":"info","time":"2025-04-23T15:11:52+02:00","message":" - Headers :\r\nDate:Wed, 23 Apr 2025 13:11:52 GMT\nConnection:keep-alive\n"}
{"level":"info","time":"2025-04-23T15:11:52+02:00","message":" - DoPost Result :: Status code: 503"}
{"level":"info","time":"2025-04-23T15:11:52+02:00","message":" - Headers :\r\nDate:Wed, 23 Apr 2025 13:11:52 GMT\nConnection:keep-alive\n"}
{"level":"info","time":"2025-04-23T15:11:55+02:00","message":" - Headers :\r\nDate:Wed, 23 Apr 2025 13:11:55 GMT\nConnection:keep-alive\n"}
{"level":"info","time":"2025-04-23T15:11:55+02:00","message":" - [27] - GET Result :: Status code: 503"}
{"level":"info","time":"2025-04-23T15:11:55+02:00","message":" - DoPost Result :: Status code: 503"}
{"level":"info","time":"2025-04-23T15:11:55+02:00","message":" - Headers :\r\nDate:Wed, 23 Apr 2025 13:11:55 GMT\nConnection:keep-alive\n"}
{"level":"info","time":"2025-04-23T15:11:58+02:00","message":" - DoPost Result :: Status code: 503"}
{"level":"info","time":"2025-04-23T15:11:58+02:00","message":" - [28] - GET Result :: Status code: 503"}
{"level":"info","time":"2025-04-23T15:11:58+02:00","message":" - Headers :\r\nDate:Wed, 23 Apr 2025 13:11:58 GMT\nConnection:keep-alive\n"}
{"level":"info","time":"2025-04-23T15:11:58+02:00","message":" - Headers :\r\nDate:Wed, 23 Apr 2025 13:11:58 GMT\nConnection:keep-alive\n"}
{"level":"info","time":"2025-04-23T15:12:01+02:00","message":" - Headers :\r\nDate:Wed, 23 Apr 2025 13:12:01 GMT\nConnection:keep-alive\n"}
{"level":"info","time":"2025-04-23T15:12:01+02:00","message":" - [29] - GET Result :: Status code: 503"}
{"level":"info","time":"2025-04-23T15:12:01+02:00","message":" - DoPost Result :: Status code: 503"}
{"level":"info","time":"2025-04-23T15:12:01+02:00","message":" - Headers :\r\nDate:Wed, 23 Apr 2025 13:12:01 GMT\nConnection:keep-alive\n"}
{"level":"info","time":"2025-04-23T15:12:04+02:00","message":" - Headers :\r\nDate:Wed, 23 Apr 2025 13:12:04 GMT\nConnection:keep-alive\n"}
{"level":"info","time":"2025-04-23T15:12:04+02:00","message":" - DoPost Result :: Status code: 503"}
{"level":"info","time":"2025-04-23T15:12:04+02:00","message":" - Headers :\r\nDate:Wed, 23 Apr 2025 13:12:04 GMT\nConnection:keep-alive\n"}
{"level":"info","time":"2025-04-23T15:12:04+02:00","message":" - [30] - GET Result :: Status code: 503"}
{"level":"info","time":"2025-04-23T15:12:07+02:00","message":" - DoPost Result :: Status code: 503"}
{"level":"info","time":"2025-04-23T15:12:07+02:00","message":" - Headers :\r\nDate:Wed, 23 Apr 2025 13:12:07 GMT\nConnection:keep-alive\n"}
{"level":"info","time":"2025-04-23T15:12:07+02:00","message":" - [31] - GET Result :: Status code: 503"}
{"level":"info","time":"2025-04-23T15:12:07+02:00","message":" - Headers :\r\nDate:Wed, 23 Apr 2025 13:12:07 GMT\nConnection:keep-alive\n"}
{"level":"info","time":"2025-04-23T15:12:10+02:00","message":" - [32] - GET Result :: Status code: 503"}
{"level":"info","time":"2025-04-23T15:12:10+02:00","message":" - DoPost Result :: Status code: 503"}
{"level":"info","time":"2025-04-23T15:12:10+02:00","message":" - Headers :\r\nDate:Wed, 23 Apr 2025 13:12:10 GMT\nConnection:keep-alive\n"}
{"level":"info","time":"2025-04-23T15:12:10+02:00","message":" - Headers :\r\nDate:Wed, 23 Apr 2025 13:12:10 GMT\nConnection:keep-alive\n"}
{"level":"info","time":"2025-04-23T15:12:13+02:00","message":" - DoPost Result :: Status code: 503"}
{"level":"info","time":"2025-04-23T15:12:13+02:00","message":" - Headers :\r\nDate:Wed, 23 Apr 2025 13:12:13 GMT\nConnection:keep-alive\n"}
{"level":"info","time":"2025-04-23T15:12:13+02:00","message":" - [33] - GET Result :: Status code: 503"}
{"level":"info","time":"2025-04-23T15:12:13+02:00","message":" - Headers :\r\nDate:Wed, 23 Apr 2025 13:12:13 GMT\nConnection:keep-alive\n"}
{"level":"info","time":"2025-04-23T15:12:16+02:00","message":" - [34] - GET Result :: Status code: 503"}
{"level":"info","time":"2025-04-23T15:12:16+02:00","message":" - Headers :\r\nConnection:keep-alive\nDate:Wed, 23 Apr 2025 13:12:16 GMT\n"}
{"level":"info","time":"2025-04-23T15:12:16+02:00","message":" - DoPost Result :: Status code: 503"}
{"level":"info","time":"2025-04-23T15:12:16+02:00","message":" - Headers :\r\nDate:Wed, 23 Apr 2025 13:12:16 GMT\nConnection:keep-alive\n"}
{"level":"info","time":"2025-04-23T15:12:19+02:00","message":" - [35] - GET Result :: Status code: 503"}
{"level":"info","time":"2025-04-23T15:12:19+02:00","message":" - Headers :\r\nDate:Wed, 23 Apr 2025 13:12:19 GMT\nConnection:keep-alive\n"}
{"level":"info","time":"2025-04-23T15:12:19+02:00","message":" - DoPost Result :: Status code: 503"}
{"level":"info","time":"2025-04-23T15:12:19+02:00","message":" - Headers :\r\nDate:Wed, 23 Apr 2025 13:12:19 GMT\nConnection:keep-alive\n"}
{"level":"info","time":"2025-04-23T15:12:22+02:00","message":" - DoPost Result :: Status code: 503"}
{"level":"info","time":"2025-04-23T15:12:22+02:00","message":" - [36] - GET Result :: Status code: 503"}
{"level":"info","time":"2025-04-23T15:12:22+02:00","message":" - Headers :\r\nDate:Wed, 23 Apr 2025 13:12:22 GMT\nConnection:keep-alive\n"}
{"level":"info","time":"2025-04-23T15:12:22+02:00","message":" - Headers :\r\nDate:Wed, 23 Apr 2025 13:12:22 GMT\nConnection:keep-alive\n"}
{"level":"info","time":"2025-04-23T15:12:25+02:00","message":" - Headers :\r\nDate:Wed, 23 Apr 2025 13:12:25 GMT\nConnection:keep-alive\n"}
{"level":"info","time":"2025-04-23T15:12:25+02:00","message":" - [37] - GET Result :: Status code: 503"}
{"level":"info","time":"2025-04-23T15:12:25+02:00","message":" - DoPost Result :: Status code: 503"}
{"level":"info","time":"2025-04-23T15:12:25+02:00","message":" - Headers :\r\nDate:Wed, 23 Apr 2025 13:12:25 GMT\nConnection:keep-alive\n"}
{"level":"info","time":"2025-04-23T15:12:28+02:00","message":" - DoPost Result :: Status code: 503"}
{"level":"info","time":"2025-04-23T15:12:28+02:00","message":" - [38] - GET Result :: Status code: 503"}
{"level":"info","time":"2025-04-23T15:12:28+02:00","message":" - Headers :\r\nDate:Wed, 23 Apr 2025 13:12:28 GMT\nConnection:keep-alive\n"}
{"level":"info","time":"2025-04-23T15:12:28+02:00","message":" - Headers :\r\nDate:Wed, 23 Apr 2025 13:12:28 GMT\nConnection:keep-alive\n"}
{"level":"info","time":"2025-04-23T15:12:31+02:00","message":" - DoPost Result :: Status code: 503"}
{"level":"info","time":"2025-04-23T15:12:31+02:00","message":" - [39] - GET Result :: Status code: 503"}
{"level":"info","time":"2025-04-23T15:12:31+02:00","message":" - Headers :\r\nDate:Wed, 23 Apr 2025 13:12:31 GMT\nConnection:keep-alive\n"}
{"level":"info","time":"2025-04-23T15:12:31+02:00","message":" - Headers :\r\nDate:Wed, 23 Apr 2025 13:12:31 GMT\nConnection:keep-alive\n"}
{"level":"info","time":"2025-04-23T15:14:22+02:00","message":"Logger Initialized & Started"}
{"level":"info","time":"2025-04-23T15:14:22+02:00","message":"logger instance created with file /media/ajith/work/dev/go/Git_Lab2/agnione//log/AgniOne_demo_http.log"}
{"level":"info","time":"2025-04-23T15:14:22+02:00","message":"Application AgniOne Demo Application - 1.0.0.0 loaded"}
{"level":"info","time":"2025-04-23T15:14:22+02:00","message":"Found 1 pool setting for appunit Http_demo"}
{"level":"info","time":"2025-04-23T15:14:22+02:00","message":"Loading the 0 appunit of pool [1] of Http_demo"}
{"level":"info","time":"2025-04-23T15:14:22+02:00","message":"Starting (0) of [1] - Http_demo.............\nAppunit info -> "}
{"level":"info","time":"2025-04-23T15:14:22+02:00","message":"Loaded & started 1 pool of appunits"}
{"level":"info","time":"2025-04-23T15:14:22+02:00","message":"Started\t1 out of 1 pool of appunit Http_demo\n"}
{"level":"info","time":"2025-04-23T15:14:22+02:00","message":" - Starting ....."}
{"level":"info","time":"2025-04-23T15:14:22+02:00","message":" - Starting the ........... DONE"}
{"level":"info","time":"2025-04-23T15:14:22+02:00","message":"starting the DoGet routine"}
{"level":"info","time":"2025-04-23T15:14:22+02:00","message":"Started ------ (0) of [1] - Http_demo successfully"}
{"level":"info","time":"2025-04-23T15:14:23+02:00","message":"starting HTTP monitoring ......"}
{"level":"info","time":"2025-04-23T15:14:23+02:00","message":"HTTP monitoring started on 0.0.0.0:8080"}
{"level":"info","time":"2025-04-23T15:14:25+02:00","message":"broadcasting status via SSE started"}
{"level":"info","time":"2025-04-23T15:14:25+02:00","message":" - DoPost Result :: Status code: 503"}
{"level":"info","time":"2025-04-23T15:14:25+02:00","message":" - Headers :\r\nDate:Wed, 23 Apr 2025 13:14:25 GMT\nConnection:keep-alive\n"}
{"level":"info","time":"2025-04-23T15:14:25+02:00","message":" - Headers :\r\nConnection:keep-alive\nDate:Wed, 23 Apr 2025 13:14:25 GMT\n"}
{"level":"info","time":"2025-04-23T15:14:25+02:00","message":" - [0] - GET Result :: Status code: 503"}
{"level":"info","time":"2025-04-23T15:14:35+02:00","message":" - DoPost Result :: Status code: 503"}
{"level":"info","time":"2025-04-23T15:14:35+02:00","message":" - [1] - GET Result :: Status code: 503"}
{"level":"info","time":"2025-04-23T15:14:35+02:00","message":" - Headers :\r\nDate:Wed, 23 Apr 2025 13:14:35 GMT\nConnection:keep-alive\n"}
{"level":"info","time":"2025-04-23T15:14:35+02:00","message":" - Headers :\r\nDate:Wed, 23 Apr 2025 13:14:35 GMT\nConnection:keep-alive\n"}
{"level":"info","time":"2025-04-23T15:14:37+02:00","message":" - DoPost Result :: Status code: 503"}
{"level":"info","time":"2025-04-23T15:14:37+02:00","message":" - [2] - GET Result :: Status code: 503"}
{"level":"info","time":"2025-04-23T15:14:37+02:00","message":" - Headers :\r\nDate:Wed, 23 Apr 2025 13:14:37 GMT\nConnection:keep-alive\n"}
{"level":"info","time":"2025-04-23T15:14:37+02:00","message":" - Headers :\r\nDate:Wed, 23 Apr 2025 13:14:37 GMT\nConnection:keep-alive\n"}
{"level":"info","time":"2025-04-23T15:18:00+02:00","message":"Logger Initialized & Started"}
{"level":"info","time":"2025-04-23T15:18:00+02:00","message":"logger instance created with file /media/ajith/work/dev/go/Git_Lab2/agnione//log/AgniOne_demo_http.log"}
{"level":"info","time":"2025-04-23T15:18:00+02:00","message":"Found 1 pool setting for appunit Http_demo"}
{"level":"info","time":"2025-04-23T15:18:00+02:00","message":"Application AgniOne Demo Application - 1.0.0.0 loaded"}
{"level":"info","time":"2025-04-23T15:18:00+02:00","message":"Loading the 0 appunit of pool [1] of Http_demo"}
{"level":"info","time":"2025-04-23T15:18:00+02:00","message":"Loaded & started 1 pool of appunits"}
{"level":"info","time":"2025-04-23T15:18:00+02:00","message":"Starting (0) of [1] - Http_demo.............\nAppunit info -> "}
{"level":"info","time":"2025-04-23T15:18:00+02:00","message":" - Starting ....."}
{"level":"info","time":"2025-04-23T15:18:00+02:00","message":"Started ------ (0) of [1] - Http_demo successfully"}
{"level":"info","time":"2025-04-23T15:18:00+02:00","message":" - Starting the ........... DONE"}
{"level":"info","time":"2025-04-23T15:18:00+02:00","message":"Started\t1 out of 1 pool of appunit Http_demo\n"}
{"level":"info","time":"2025-04-23T15:18:00+02:00","message":"starting the DoGet routine"}
{"level":"info","time":"2025-04-23T15:18:01+02:00","message":"starting HTTP monitoring ......"}
{"level":"info","time":"2025-04-23T15:18:01+02:00","message":"HTTP monitoring started on 0.0.0.0:8080"}
{"level":"info","time":"2025-04-23T15:18:06+02:00","message":"broadcasting status via SSE started"}
{"level":"info","time":"2025-04-23T15:18:12+02:00","message":" - [0] - GET Result :: Status code: 200"}
{"level":"info","time":"2025-04-23T15:18:12+02:00","message":" - Headers :\r\nDate:Wed, 23 Apr 2025 13:18:12 GMT\nConnection:keep-alive\nAccess-Control-Allow-Origin:*\nAccess-Control-Allow-Credentials:true\n"}
{"level":"info","time":"2025-04-23T15:18:15+02:00","message":" - DoPost Result :: Status code: 200"}
{"level":"info","time":"2025-04-23T15:18:15+02:00","message":" - Headers :\r\nAccess-Control-Allow-Credentials:true\nDate:Wed, 23 Apr 2025 13:18:13 GMT\nConnection:keep-alive\nAccess-Control-Allow-Origin:*\n"}
{"level":"info","time":"2025-04-23T15:18:17+02:00","message":" - DoPost Result :: Status code: 200"}
{"level":"info","time":"2025-04-23T15:18:17+02:00","message":" - Headers :\r\nDate:Wed, 23 Apr 2025 13:18:17 GMT\nConnection:keep-alive\nAccess-Control-Allow-Origin:*\nAccess-Control-Allow-Credentials:true\n"}
{"level":"info","time":"2025-04-23T15:18:19+02:00","message":" - [1] - GET Result :: Status code: 200"}
{"level":"info","time":"2025-04-23T15:18:19+02:00","message":" - Headers :\r\nDate:Wed, 23 Apr 2025 13:18:19 GMT\nConnection:keep-alive\nAccess-Control-Allow-Origin:*\nAccess-Control-Allow-Credentials:true\n"}
{"level":"info","time":"2025-04-23T15:18:22+02:00","message":" - [2] - GET Result :: Status code: 200"}
{"level":"info","time":"2025-04-23T15:18:22+02:00","message":" - Headers :\r\nDate:Wed, 23 Apr 2025 13:18:21 GMT\nConnection:keep-alive\nAccess-Control-Allow-Origin:*\nAccess-Control-Allow-Credentials:true\n"}
{"level":"info","time":"2025-04-23T15:18:25+02:00","message":" - [3] - GET Result :: Status code: 200"}
{"level":"info","time":"2025-04-23T15:18:25+02:00","message":" - Headers :\r\nDate:Wed, 23 Apr 2025 13:18:25 GMT\nConnection:keep-alive\nAccess-Control-Allow-Origin:*\nAccess-Control-Allow-Credentials:true\n"}
{"level":"info","time":"2025-04-23T15:18:28+02:00","message":" - [4] - GET Result :: Status code: 200"}
{"level":"info","time":"2025-04-23T15:18:28+02:00","message":" - Headers :\r\nDate:Wed, 23 Apr 2025 13:18:28 GMT\nConnection:keep-alive\nAccess-Control-Allow-Origin:*\nAccess-Control-Allow-Credentials:true\n"}
{"level":"info","time":"2025-04-23T15:18:29+02:00","message":" - [5] - GET Result :: Status code: 200"}
{"level":"info","time":"2025-04-23T15:18:29+02:00","message":" - Headers :\r\nAccess-Control-Allow-Origin:*\nAccess-Control-Allow-Credentials:true\nDate:Wed, 23 Apr 2025 13:18:29 GMT\nConnection:keep-alive\n"}
{"level":"info","time":"2025-04-23T15:18:32+02:00","message":" - [6] - GET Result :: Status code: 200"}
{"level":"info","time":"2025-04-23T15:18:32+02:00","message":" - Headers :\r\nDate:Wed, 23 Apr 2025 13:18:32 GMT\nConnection:keep-alive\nAccess-Control-Allow-Origin:*\nAccess-Control-Allow-Credentials:true\n"}
{"level":"info","time":"2025-04-23T15:18:36+02:00","message":" - [7] - GET Result :: Status code: 200"}
{"level":"info","time":"2025-04-23T15:18:36+02:00","message":" - Headers :\r\nDate:Wed, 23 Apr 2025 13:18:36 GMT\nConnection:keep-alive\nAccess-Control-Allow-Origin:*\nAccess-Control-Allow-Credentials:true\n"}
{"level":"info","time":"2025-04-23T15:18:39+02:00","message":" - [8] - GET Result :: Status code: 200"}
{"level":"info","time":"2025-04-23T15:18:39+02:00","message":" - Headers :\r\nAccess-Control-Allow-Credentials:true\nDate:Wed, 23 Apr 2025 13:18:39 GMT\nConnection:keep-alive\nAccess-Control-Allow-Origin:*\n"}
{"level":"info","time":"2025-04-23T15:18:43+02:00","message":" - [9] - GET Result :: Status code: 200"}
{"level":"info","time":"2025-04-23T15:18:43+02:00","message":" - Headers :\r\nDate:Wed, 23 Apr 2025 13:18:42 GMT\nConnection:keep-alive\nAccess-Control-Allow-Origin:*\nAccess-Control-Allow-Credentials:true\n"}
{"level":"info","time":"2025-04-23T15:18:43+02:00","message":" - [10] - GET Result :: Status code: 200"}
{"level":"info","time":"2025-04-23T15:18:43+02:00","message":" - Headers :\r\nDate:Wed, 23 Apr 2025 13:18:43 GMT\nConnection:keep-alive\nAccess-Control-Allow-Origin:*\nAccess-Control-Allow-Credentials:true\n"}
{"level":"info","time":"2025-04-23T15:18:49+02:00","message":" - [11] - GET Result :: Status code: 200"}
{"level":"info","time":"2025-04-23T15:18:49+02:00","message":" - Headers :\r\nDate:Wed, 23 Apr 2025 13:18:49 GMT\nConnection:keep-alive\nAccess-Control-Allow-Origin:*\nAccess-Control-Allow-Credentials:true\n"}
{"level":"info","time":"2025-04-23T15:18:51+02:00","message":" - [12] - GET Result :: Status code: 200"}
{"level":"info","time":"2025-04-23T15:18:51+02:00","message":" - Headers :\r\nConnection:keep-alive\nAccess-Control-Allow-Origin:*\nAccess-Control-Allow-Credentials:true\nDate:Wed, 23 Apr 2025 13:18:51 GMT\n"}
{"level":"info","time":"2025-04-23T15:19:38+02:00","message":"Logger Initialized & Started"}
{"level":"info","time":"2025-04-23T15:19:38+02:00","message":"Application AgniOne Demo Application - 1.0.0.0 loaded"}
{"level":"info","time":"2025-04-23T15:19:38+02:00","message":"logger instance created with file /media/ajith/work/dev/go/Git_Lab2/agnione//log/AgniOne_demo_http.log"}
{"level":"info","time":"2025-04-23T15:19:38+02:00","message":"Found 1 pool setting for appunit Http_demo"}
{"level":"info","time":"2025-04-23T15:19:39+02:00","message":"Loading the 0 appunit of pool [1] of Http_demo"}
{"level":"info","time":"2025-04-23T15:19:39+02:00","message":"Starting (0) of [1] - Http_demo.............\nAppunit info -> "}
{"level":"info","time":"2025-04-23T15:19:39+02:00","message":"Loaded & started 1 pool of appunits"}
{"level":"info","time":"2025-04-23T15:19:39+02:00","message":" - Starting ....."}
{"level":"info","time":"2025-04-23T15:19:39+02:00","message":" - Starting the ........... DONE"}
{"level":"info","time":"2025-04-23T15:19:39+02:00","message":"Started\t1 out of 1 pool of appunit Http_demo\n"}
{"level":"info","time":"2025-04-23T15:19:39+02:00","message":"Started ------ (0) of [1] - Http_demo successfully"}
{"level":"info","time":"2025-04-23T15:19:39+02:00","message":"starting the DoGet routine"}
{"level":"info","time":"2025-04-23T15:19:40+02:00","message":"starting HTTP monitoring ......"}
{"level":"info","time":"2025-04-23T15:19:40+02:00","message":"HTTP monitoring started on 0.0.0.0:8080"}
{"level":"info","time":"2025-04-23T15:19:42+02:00","message":"broadcasting status via SSE started"}
{"level":"info","time":"2025-04-23T15:19:43+02:00","message":" - [0] - GET Result :: Status code: 200"}
{"level":"info","time":"2025-04-23T15:19:43+02:00","message":" - Headers :\r\nDate:Wed, 23 Apr 2025 13:19:43 GMT\nConnection:keep-alive\nAccess-Control-Allow-Origin:*\nAccess-Control-Allow-Credentials:true\n"}
{"level":"info","time":"2025-04-23T15:19:56+02:00","message":" - DoPost Result :: Status code: 200"}
{"level":"info","time":"2025-04-23T15:19:57+02:00","message":" - [1] - GET Result :: Status code: 200"}
{"level":"info","time":"2025-04-23T15:19:57+02:00","message":" - Headers :\r\nDate:Wed, 23 Apr 2025 13:19:50 GMT\nConnection:keep-alive\nAccess-Control-Allow-Origin:*\nAccess-Control-Allow-Credentials:true\n"}
{"level":"info","time":"2025-04-23T15:19:57+02:00","message":" - Headers :\r\nDate:Wed, 23 Apr 2025 13:19:50 GMT\nConnection:keep-alive\nAccess-Control-Allow-Origin:*\nAccess-Control-Allow-Credentials:true\n"}
{"level":"info","time":"2025-04-23T15:20:47+02:00","message":"Logger Initialized & Started"}
{"level":"info","time":"2025-04-23T15:20:47+02:00","message":"logger instance created with file /media/ajith/work/dev/go/Git_Lab2/agnione//log/AgniOne_demo_http.log"}
{"level":"info","time":"2025-04-23T15:20:47+02:00","message":"Application AgniOne Demo Application - 1.0.0.0 loaded"}
{"level":"info","time":"2025-04-23T15:20:47+02:00","message":"Found 1 pool setting for appunit Http_demo"}
{"level":"info","time":"2025-04-23T15:20:47+02:00","message":"Loading the 0 appunit of pool [1] of Http_demo"}
{"level":"info","time":"2025-04-23T15:20:47+02:00","message":"Starting (0) of [1] - Http_demo.............\nAppunit info -> "}
{"level":"info","time":"2025-04-23T15:20:47+02:00","message":"Loaded & started 1 pool of appunits"}
{"level":"info","time":"2025-04-23T15:20:47+02:00","message":" - Starting ....."}
{"level":"info","time":"2025-04-23T15:20:47+02:00","message":"Started\t1 out of 1 pool of appunit Http_demo\n"}
{"level":"info","time":"2025-04-23T15:20:47+02:00","message":" - Starting the ........... DONE"}
{"level":"info","time":"2025-04-23T15:20:47+02:00","message":"Started ------ (0) of [1] - Http_demo successfully"}
{"level":"info","time":"2025-04-23T15:20:47+02:00","message":"starting the DoGet routine"}
{"level":"info","time":"2025-04-23T15:20:48+02:00","message":"starting HTTP monitoring ......"}
{"level":"info","time":"2025-04-23T15:20:48+02:00","message":"HTTP monitoring started on 0.0.0.0:8080"}
{"level":"info","time":"2025-04-23T15:20:52+02:00","message":"broadcasting status via SSE started"}
{"level":"error","time":"2025-04-23T15:20:55+02:00","message":" - DoPost Failed to load fetch the request -request failed: lookup httpbin.org: i/o timeout"}
{"level":"error","time":"2025-04-23T15:20:55+02:00","message":" - Failed to load fetch the request - request failed: lookup httpbin.org: i/o timeout"}
{"level":"error","time":"2025-04-23T15:21:02+02:00","message":" - DoPost Failed to load fetch the request -request failed: lookup httpbin.org: i/o timeout"}
{"level":"error","time":"2025-04-23T15:21:02+02:00","message":" - Failed to load fetch the request - request failed: lookup httpbin.org: i/o timeout"}
{"level":"info","time":"2025-04-23T15:21:17+02:00","message":" - [2] - GET Result :: Status code: 200"}
{"level":"info","time":"2025-04-23T15:21:17+02:00","message":" - Headers :\r\nAccess-Control-Allow-Origin:*\nAccess-Control-Allow-Credentials:true\nDate:Wed, 23 Apr 2025 13:21:17 GMT\nConnection:keep-alive\n"}
{"level":"info","time":"2025-04-23T15:22:50+02:00","message":"Logger Initialized & Started"}
{"level":"info","time":"2025-04-23T15:22:50+02:00","message":"logger instance created with file /media/ajith/work/dev/go/Git_Lab2/agnione//log/AgniOne_demo_http.log"}
{"level":"info","time":"2025-04-23T15:22:50+02:00","message":"Application AgniOne Demo Application - 1.0.0.0 loaded"}
{"level":"info","time":"2025-04-23T15:22:50+02:00","message":"Found 1 pool setting for appunit Http_demo"}
{"level":"info","time":"2025-04-23T15:22:50+02:00","message":"Loading the 0 appunit of pool [1] of Http_demo"}
{"level":"info","time":"2025-04-23T15:22:50+02:00","message":"Starting (0) of [1] - Http_demo.............\nAppunit info -> "}
{"level":"info","time":"2025-04-23T15:22:50+02:00","message":"Loaded & started 1 pool of appunits"}
{"level":"info","time":"2025-04-23T15:22:50+02:00","message":" - Starting ....."}
{"level":"info","time":"2025-04-23T15:22:50+02:00","message":"starting the DoGet routine"}
{"level":"info","time":"2025-04-23T15:22:50+02:00","message":"Started ------ (0) of [1] - Http_demo successfully"}
{"level":"info","time":"2025-04-23T15:22:50+02:00","message":" - Starting the ........... DONE"}
{"level":"info","time":"2025-04-23T15:22:50+02:00","message":"Started\t1 out of 1 pool of appunit Http_demo\n"}
{"level":"info","time":"2025-04-23T15:22:51+02:00","message":"starting HTTP monitoring ......"}
{"level":"info","time":"2025-04-23T15:22:51+02:00","message":"HTTP monitoring started on 0.0.0.0:8080"}
{"level":"info","time":"2025-04-23T15:22:54+02:00","message":"broadcasting status via SSE started"}
{"level":"error","time":"2025-04-23T15:23:02+02:00","message":" - Failed to load fetch the request - request failed: lookup httpbin.org: i/o timeout"}
{"level":"error","time":"2025-04-23T15:23:02+02:00","message":" - DoPost Failed to load fetch the request -request failed: lookup httpbin.org: i/o timeout"}
{"level":"error","time":"2025-04-23T15:23:12+02:00","message":" - Failed to load fetch the request - request failed: lookup httpbin.org: i/o timeout"}
{"level":"info","time":"2025-04-23T15:23:19+02:00","message":" - [2] - GET Result :: Status code: 200"}
{"level":"info","time":"2025-04-23T15:23:19+02:00","message":" - Headers :\r\nDate:Wed, 23 Apr 2025 13:23:19 GMT\nConnection:keep-alive\nAccess-Control-Allow-Origin:*\nAccess-Control-Allow-Credentials:true\n"}
{"level":"info","time":"2025-04-23T15:23:19+02:00","message":" - [3] - GET Result :: Status code: 200"}
{"level":"info","time":"2025-04-23T15:23:19+02:00","message":" - Headers :\r\nDate:Wed, 23 Apr 2025 13:23:19 GMT\nConnection:keep-alive\nAccess-Control-Allow-Origin:*\nAccess-Control-Allow-Credentials:true\n"}
{"level":"info","time":"2025-04-23T15:23:20+02:00","message":" - DoPost Result :: Status code: 200"}
{"level":"info","time":"2025-04-23T15:23:20+02:00","message":" - Headers :\r\nDate:Wed, 23 Apr 2025 13:23:20 GMT\nConnection:keep-alive\nAccess-Control-Allow-Origin:*\nAccess-Control-Allow-Credentials:true\n"}
{"level":"info","time":"2025-04-23T15:28:41+02:00","message":"Logger Initialized & Started"}
{"level":"info","time":"2025-04-23T15:28:41+02:00","message":"logger instance created with file /media/ajith/work/dev/go/Git_Lab2/agnione//log/AgniOne_demo_http.log"}
{"level":"info","time":"2025-04-23T15:28:41+02:00","message":"Application AgniOne Demo Application - 1.0.0.0 loaded"}
{"level":"info","time":"2025-04-23T15:28:41+02:00","message":"Found 1 pool setting for appunit Http_demo"}
{"level":"info","time":"2025-04-23T15:28:42+02:00","message":"Loading the 0 appunit of pool [1] of Http_demo"}
{"level":"info","time":"2025-04-23T15:28:42+02:00","message":"Loaded & started 1 pool of appunits"}
{"level":"info","time":"2025-04-23T15:28:42+02:00","message":"Starting (0) of [1] - Http_demo.............\nAppunit info -> "}
{"level":"info","time":"2025-04-23T15:28:42+02:00","message":" - Starting ....."}
{"level":"info","time":"2025-04-23T15:28:42+02:00","message":"Started ------ (0) of [1] - Http_demo successfully"}
{"level":"info","time":"2025-04-23T15:28:42+02:00","message":" - Starting the ........... DONE"}
{"level":"info","time":"2025-04-23T15:28:42+02:00","message":"Started\t1 out of 1 pool of appunit Http_demo\n"}
{"level":"info","time":"2025-04-23T15:28:42+02:00","message":"starting the DoGet routine"}
{"level":"info","time":"2025-04-23T15:28:43+02:00","message":"starting HTTP monitoring ......"}
{"level":"info","time":"2025-04-23T15:28:43+02:00","message":"HTTP monitoring started on 0.0.0.0:8080"}
{"level":"info","time":"2025-04-23T15:28:46+02:00","message":"broadcasting status via SSE started"}
{"level":"info","time":"2025-04-23T15:28:47+02:00","message":" - [0] - GET Result :: Status code: 200"}
{"level":"info","time":"2025-04-23T15:28:47+02:00","message":" - Headers :\r\nAccess-Control-Allow-Origin:*\nAccess-Control-Allow-Credentials:true\nDate:Wed, 23 Apr 2025 13:28:47 GMT\nConnection:keep-alive\n"}
{"level":"info","time":"2025-04-23T15:28:50+02:00","message":" - DoPost Result :: Status code: 200"}
{"level":"info","time":"2025-04-23T15:28:50+02:00","message":" - Headers :\r\nDate:Wed, 23 Apr 2025 13:28:50 GMT\nConnection:keep-alive\nAccess-Control-Allow-Origin:*\nAccess-Control-Allow-Credentials:true\n"}
{"level":"info","time":"2025-04-23T15:31:54+02:00","message":"Logger Initialized & Started"}
{"level":"info","time":"2025-04-23T15:31:56+02:00","message":"logger instance created with file /media/ajith/work/dev/go/Git_Lab2/agnione//log/AgniOne_demo_http.log"}
{"level":"info","time":"2025-04-23T15:31:56+02:00","message":"Application AgniOne Demo Application - 1.0.0.0 loaded"}
{"level":"info","time":"2025-04-23T15:31:57+02:00","message":"Found 1 pool setting for appunit Http_demo"}
{"level":"info","time":"2025-04-23T15:31:57+02:00","message":"Loading the 0 appunit of pool [1] of Http_demo"}
{"level":"info","time":"2025-04-23T15:31:57+02:00","message":"Starting (0) of [1] - Http_demo.............\nAppunit info -> "}
{"level":"info","time":"2025-04-23T15:31:57+02:00","message":" - Starting ....."}
{"level":"info","time":"2025-04-23T15:31:57+02:00","message":" - Starting the ........... DONE"}
{"level":"info","time":"2025-04-23T15:31:57+02:00","message":"Started ------ (0) of [1] - Http_demo successfully"}
{"level":"info","time":"2025-04-23T15:31:57+02:00","message":"Loaded & started 1 pool of appunits"}
{"level":"info","time":"2025-04-23T15:31:57+02:00","message":"Started\t1 out of 1 pool of appunit Http_demo\n"}
{"level":"info","time":"2025-04-23T15:31:57+02:00","message":"starting the DoGet routine"}
{"level":"info","time":"2025-04-23T15:31:58+02:00","message":"starting HTTP monitoring ......"}
{"level":"info","time":"2025-04-23T15:31:58+02:00","message":"HTTP monitoring started on 0.0.0.0:8080"}
{"level":"info","time":"2025-04-23T15:32:02+02:00","message":"broadcasting status via SSE started"}
{"level":"info","time":"2025-04-23T15:32:04+02:00","message":" - [0] - GET Result :: Status code: 200"}
{"level":"info","time":"2025-04-23T15:32:04+02:00","message":" - Headers :\r\nDate:Wed, 23 Apr 2025 13:32:04 GMT\nConnection:keep-alive\nAccess-Control-Allow-Origin:*\nAccess-Control-Allow-Credentials:true\n"}
{"level":"info","time":"2025-04-23T15:32:08+02:00","message":" - [1] - GET Result :: Status code: 200"}
{"level":"info","time":"2025-04-23T15:32:08+02:00","message":" - Headers :\r\nDate:Wed, 23 Apr 2025 13:32:08 GMT\nConnection:keep-alive\nAccess-Control-Allow-Origin:*\nAccess-Control-Allow-Credentials:true\n"}
{"level":"info","time":"2025-05-11T15:50:50+02:00","message":"Logger Initialized & Started"}
{"level":"info","time":"2025-05-11T15:50:50+02:00","message":"logger instance created with file /media/ajith/work/developments/go/AgniOne/Git_Lab2/agnione/log/AgniOne_demo_http.log"}
{"level":"info","time":"2025-05-11T15:50:50+02:00","message":"Application AgniOne Demo Application - 1.0.0.0 loaded"}
{"level":"warn","time":"2025-05-11T15:50:50+02:00","message":"No AgniOne Units loaded"}
{"level":"info","time":"2025-05-11T15:50:50+02:00","message":"Found 1 pool setting for appunit Http_demo"}
{"level":"error","time":"2025-05-11T15:50:50+02:00","message":"Failed to load AgniOne Http_demo - /media/ajith/work/dev/go/Git_Lab2/agnione/apps/units/demohttp.so. plugin.Open(\"/media/ajith/work/dev/go/Git_Lab2/agnione/apps/units/demohttp.so\"): realpath failed"}
{"level":"info","time":"2025-05-11T15:50:51+02:00","message":"starting HTTP monitoring ......"}
{"level":"info","time":"2025-05-11T15:50:51+02:00","message":"HTTP monitoring started on 0.0.0.0:8080"}
{"level":"info","time":"2025-05-11T15:50:53+02:00","message":"broadcasting status via SSE started"}
{"level":"info","time":"2025-05-11T15:52:57+02:00","message":"No AppUnits loaded"}
{"level":"info","time":"2025-05-11T15:52:57+02:00","message":"Application Framework stopped called......"}
{"level":"info","time":"2025-05-11T15:52:57+02:00","message":"Stopping HTTP monitoring server........"}
{"level":"info","time":"2025-05-11T15:54:31+02:00","message":"Logger Initialized & Started"}
{"level":"info","time":"2025-05-11T15:54:31+02:00","message":"logger instance created with file /media/ajith/work/developments/go/AgniOne/Git_Lab2/agnione/log/AgniOne_demo_http.log"}
{"level":"info","time":"2025-05-11T15:54:31+02:00","message":"Application AgniOne Demo Application - 1.0.0.0 loaded"}
{"level":"warn","time":"2025-05-11T15:54:31+02:00","message":"No AgniOne Units loaded"}
{"level":"error","time":"2025-05-11T15:54:31+02:00","message":"Failed to load AgniOne Http_demo - /media/ajith/work/dev/go/Git_Lab2/agnione/apps/units/demohttp.so. plugin.Open(\"/media/ajith/work/dev/go/Git_Lab2/agnione/apps/units/demohttp.so\"): realpath failed"}
{"level":"info","time":"2025-05-11T15:54:31+02:00","message":"Found 1 pool setting for appunit Http_demo"}
{"level":"info","time":"2025-05-11T15:54:32+02:00","message":"starting HTTP monitoring ......"}
{"level":"info","time":"2025-05-11T15:54:32+02:00","message":"HTTP monitoring started on 0.0.0.0:8080"}
{"level":"info","time":"2025-05-11T15:54:34+02:00","message":"broadcasting status via SSE started"}
{"level":"info","time":"2025-05-11T15:54:52+02:00","message":"Application Framework stopped called......"}
{"level":"info","time":"2025-05-11T15:54:52+02:00","message":"No AppUnits loaded"}
{"level":"info","time":"2025-05-11T15:54:52+02:00","message":"Stopping HTTP monitoring server........"}
{"level":"info","time":"2025-05-11T15:54:52+02:00","message":"Application Framework stopped called........ DONE"}
{"level":"info","time":"2025-05-11T15:54:52+02:00","message":"Stopping SSE monitoring ........"}
{"level":"info","time":"2025-05-11T15:54:52+02:00","message":"Stopping SSE monitoring ....... DONE"}
{"level":"info","time":"2025-05-11T15:54:52+02:00","message":"Stopping HTTP monitoring server........ DONE"}
{"level":"info","time":"2025-05-11T15:54:57+02:00","message":"broadcasting status via SSE stopped"}
{"level":"info","time":"2025-05-11T15:54:57+02:00","message":"stopping the status broadcasting SSE"}
{"level":"info","time":"2025-05-11T15:59:04+02:00","message":"Logger Initialized & Started"}
{"level":"info","time":"2025-05-11T15:59:04+02:00","message":"logger instance created with file /media/ajith/work/developments/go/AgniOne/Git_Lab2/agnione/log/AgniOne_demo_http.log"}
{"level":"info","time":"2025-05-11T15:59:04+02:00","message":"Application AgniOne Demo Application - 1.0.0.0 loaded"}
{"level":"warn","time":"2025-05-11T15:59:04+02:00","message":"No AgniOne Units loaded"}
{"level":"info","time":"2025-05-11T15:59:04+02:00","message":"Found 1 pool setting for appunit Http_demo"}
{"level":"error","time":"2025-05-11T15:59:04+02:00","message":"Failed to load AgniOne Http_demo - /media/ajith/work/dev/go/Git_Lab2/agnione/apps/units/demohttp.so. plugin.Open(\"/media/ajith/work/dev/go/Git_Lab2/agnione/apps/units/demohttp.so\"): realpath failed"}
{"level":"info","time":"2025-05-11T15:59:05+02:00","message":"starting HTTP monitoring ......"}
{"level":"info","time":"2025-05-11T15:59:05+02:00","message":"HTTP monitoring started on 0.0.0.0:8080"}
{"level":"info","time":"2025-05-11T15:59:07+02:00","message":"broadcasting status via SSE started"}
{"level":"info","time":"2025-05-11T15:59:40+02:00","message":"Stopping HTTP monitoring server........"}
{"level":"info","time":"2025-05-11T15:59:40+02:00","message":"Application Framework stopped called......"}
{"level":"info","time":"2025-05-11T15:59:40+02:00","message":"No AppUnits loaded"}
{"level":"info","time":"2025-05-11T16:11:53+02:00","message":"Logger Initialized & Started"}
{"level":"info","time":"2025-05-11T16:11:53+02:00","message":"Application AgniOne Demo Application - 1.0.0.0 loaded"}
{"level":"info","time":"2025-05-11T16:11:53+02:00","message":"logger instance created with file /media/ajith/work/developments/go/AgniOne/Git_Lab2/agnione/log/AgniOne_demo_http.log"}
{"level":"info","time":"2025-05-11T16:11:53+02:00","message":"Found 1 pool setting for appunit Http_demo"}
{"level":"warn","time":"2025-05-11T16:11:53+02:00","message":"No AgniOne Units loaded"}
{"level":"error","time":"2025-05-11T16:11:53+02:00","message":"Failed to load AgniOne Http_demo - /media/ajith/work/dev/go/Git_Lab2/agnione/apps/units/demohttp.so. plugin.Open(\"/media/ajith/work/dev/go/Git_Lab2/agnione/apps/units/demohttp.so\"): realpath failed"}
{"level":"info","time":"2025-05-11T16:11:54+02:00","message":"starting HTTP monitoring ......"}
{"level":"info","time":"2025-05-11T16:11:54+02:00","message":"HTTP monitoring started on 0.0.0.0:8080"}
{"level":"info","time":"2025-05-11T16:11:56+02:00","message":"broadcasting status via SSE started"}
{"level":"info","time":"2025-05-11T16:12:10+02:00","message":"No AppUnits loaded"}
{"level":"info","time":"2025-05-11T16:12:10+02:00","message":"Application Framework stopped called......"}
{"level":"info","time":"2025-05-11T16:12:10+02:00","message":"Stopping HTTP monitoring server........"}
{"level":"info","time":"2025-05-11T16:13:23+02:00","message":"Logger Initialized & Started"}
{"level":"info","time":"2025-05-11T16:13:23+02:00","message":"logger instance created with file /media/ajith/work/developments/go/AgniOne/Git_Lab2/agnione/log/AgniOne_demo_http.log"}
{"level":"info","time":"2025-05-11T16:13:23+02:00","message":"Application AgniOne Demo Application - 1.0.0.0 loaded"}
{"level":"warn","time":"2025-05-11T16:13:23+02:00","message":"No AgniOne Units loaded"}
{"level":"error","time":"2025-05-11T16:13:23+02:00","message":"Failed to load AgniOne Http_demo - /media/ajith/work/dev/go/Git_Lab2/agnione/apps/units/demohttp.so. plugin.Open(\"/media/ajith/work/dev/go/Git_Lab2/agnione/apps/units/demohttp.so\"): realpath failed"}
{"level":"info","time":"2025-05-11T16:13:23+02:00","message":"Found 1 pool setting for appunit Http_demo"}
{"level":"info","time":"2025-05-11T16:13:24+02:00","message":"starting HTTP monitoring ......"}
{"level":"info","time":"2025-05-11T16:13:24+02:00","message":"HTTP monitoring started on 127.0.0.1:8080"}
{"level":"info","time":"2025-05-11T16:13:26+02:00","message":"broadcasting status via SSE started"}
{"level":"info","time":"2025-05-11T16:13:40+02:00","message":"No AppUnits loaded"}
{"level":"info","time":"2025-05-11T16:13:40+02:00","message":"Application Framework stopped called......"}
{"level":"info","time":"2025-05-11T16:13:40+02:00","message":"Stopping HTTP monitoring server........"}
{"level":"info","time":"2025-05-11T16:13:40+02:00","message":"Stopping SSE monitoring ........"}
{"level":"info","time":"2025-05-11T16:13:40+02:00","message":"Application Framework stopped called........ DONE"}
{"level":"info","time":"2025-05-11T16:13:40+02:00","message":"Stopping HTTP monitoring server........ DONE"}
{"level":"info","time":"2025-05-11T16:13:40+02:00","message":"Stopping SSE monitoring ....... DONE"}
{"level":"info","time":"2025-05-11T16:13:45+02:00","message":"stopping the status broadcasting SSE"}
{"level":"info","time":"2025-05-11T16:13:45+02:00","message":"broadcasting status via SSE stopped"}
{"level":"info","time":"2025-05-11T17:15:51+02:00","message":"Logger Initialized & Started"}
{"level":"info","time":"2025-05-11T17:15:51+02:00","message":"Application AgniOne Demo Application - 1.0.0.0 loaded"}
{"level":"info","time":"2025-05-11T17:15:51+02:00","message":"logger instance created with file /media/ajith/work/developments/go/AgniOne/Git_Lab2/agnione/log/AgniOne_demo_http.log"}
{"level":"warn","time":"2025-05-11T17:15:51+02:00","message":"No AgniOne Units loaded"}
{"level":"info","time":"2025-05-11T17:15:51+02:00","message":"Found 1 pool setting for appunit Http_demo"}
{"level":"error","time":"2025-05-11T17:15:51+02:00","message":"Failed to load AgniOne Http_demo - /media/ajith/work/dev/go/Git_Lab2/agnione/apps/units/demohttp.so. plugin.Open(\"/media/ajith/work/dev/go/Git_Lab2/agnione/apps/units/demohttp.so\"): realpath failed"}
{"level":"info","time":"2025-05-11T17:15:52+02:00","message":"starting HTTP monitoring ......"}
{"level":"info","time":"2025-05-11T17:15:52+02:00","message":"HTTP monitoring started on 127.0.0.1:8080"}
{"level":"info","time":"2025-05-11T17:15:54+02:00","message":"broadcasting status via SSE started"}
{"level":"info","time":"2025-05-11T17:16:30+02:00","message":"No AppUnits loaded"}
{"level":"info","time":"2025-05-11T17:16:30+02:00","message":"Application Framework stopped called......"}
{"level":"info","time":"2025-05-11T17:16:30+02:00","message":"Stopping HTTP monitoring server........"}
{"level":"info","time":"2025-05-11T17:26:06+02:00","message":"Logger Initialized & Started"}
{"level":"info","time":"2025-05-11T17:26:06+02:00","message":"logger instance created with file /media/ajith/work/developments/go/AgniOne/Git_Lab2/agnione/log/AgniOne_demo_http.log"}
{"level":"info","time":"2025-05-11T17:26:06+02:00","message":"Application AgniOne Demo Application - 1.0.0.0 loaded"}
{"level":"info","time":"2025-05-11T17:26:06+02:00","message":"Found 1 pool setting for appunit Http_demo"}
{"level":"warn","time":"2025-05-11T17:26:06+02:00","message":"No AgniOne Units loaded"}
{"level":"error","time":"2025-05-11T17:26:06+02:00","message":"Failed to load AgniOne Http_demo - /media/ajith/work/dev/go/Git_Lab2/agnione/apps/units/demohttp.so. plugin.Open(\"/media/ajith/work/dev/go/Git_Lab2/agnione/apps/units/demohttp.so\"): realpath failed"}
{"level":"info","time":"2025-05-11T17:26:07+02:00","message":"starting HTTP monitoring ......"}
{"level":"info","time":"2025-05-11T17:26:07+02:00","message":"HTTP monitoring started on 127.0.0.1:8080"}
{"level":"info","time":"2025-05-11T17:26:09+02:00","message":"broadcasting status via SSE started"}
{"level":"info","time":"2025-05-11T17:34:09+02:00","message":"Logger Initialized & Started"}
{"level":"info","time":"2025-05-11T17:34:09+02:00","message":"logger instance created with file /media/ajith/work/developments/go/AgniOne/Git_Lab2/agnione/log/AgniOne_demo_http.log"}
{"level":"info","time":"2025-05-11T17:34:09+02:00","message":"Application AgniOne Demo Application - 1.0.0.0 loaded"}
{"level":"warn","time":"2025-05-11T17:34:09+02:00","message":"No AgniOne Units loaded"}
{"level":"info","time":"2025-05-11T17:34:09+02:00","message":"Found 1 pool setting for appunit Http_demo"}
{"level":"error","time":"2025-05-11T17:34:09+02:00","message":"Failed to load AgniOne Http_demo - /media/ajith/work/dev/go/Git_Lab2/agnione/apps/units/demohttp.so. plugin.Open(\"/media/ajith/work/dev/go/Git_Lab2/agnione/apps/units/demohttp.so\"): realpath failed"}
{"level":"info","time":"2025-05-11T17:34:10+02:00","message":"starting HTTP monitoring ......"}
{"level":"info","time":"2025-05-11T17:34:10+02:00","message":"HTTP monitoring started on 127.0.0.1:8080"}
{"level":"info","time":"2025-05-11T17:34:12+02:00","message":"broadcasting status via SSE started"}
{"level":"info","time":"2025-05-11T17:35:14+02:00","message":"Application Framework stopped called......"}
{"level":"info","time":"2025-05-11T17:35:14+02:00","message":"No AppUnits loaded"}
{"level":"info","time":"2025-05-11T17:35:14+02:00","message":"Stopping HTTP monitoring server........"}
{"level":"info","time":"2025-05-11T17:35:28+02:00","message":"Logger Initialized & Started"}
{"level":"info","time":"2025-05-11T17:35:28+02:00","message":"logger instance created with file /media/ajith/work/developments/go/AgniOne/Git_Lab2/agnione/log/AgniOne_demo_http.log"}
{"level":"info","time":"2025-05-11T17:35:28+02:00","message":"Application AgniOne Demo Application - 1.0.0.0 loaded"}
{"level":"info","time":"2025-05-11T17:35:28+02:00","message":"Found 1 pool setting for appunit Http_demo"}
{"level":"warn","time":"2025-05-11T17:35:28+02:00","message":"No AgniOne Units loaded"}
{"level":"error","time":"2025-05-11T17:35:28+02:00","message":"Failed to load AgniOne Http_demo - /media/ajith/work/dev/go/Git_Lab2/agnione/apps/units/demohttp.so. plugin.Open(\"/media/ajith/work/dev/go/Git_Lab2/agnione/apps/units/demohttp.so\"): realpath failed"}
{"level":"info","time":"2025-05-11T17:35:29+02:00","message":"starting HTTP monitoring ......"}
{"level":"info","time":"2025-05-11T17:35:29+02:00","message":"HTTP monitoring started on 127.0.0.1:8080"}
{"level":"info","time":"2025-05-11T17:35:31+02:00","message":"broadcasting status via SSE started"}
{"level":"info","time":"2025-05-11T17:36:08+02:00","message":"No AppUnits loaded"}
{"level":"info","time":"2025-05-11T17:36:08+02:00","message":"Stopping HTTP monitoring server........"}
{"level":"info","time":"2025-05-11T17:36:08+02:00","message":"Application Framework stopped called......"}
{"level":"info","time":"2025-05-11T17:36:12+02:00","message":"Logger Initialized & Started"}
{"level":"info","time":"2025-05-11T17:36:12+02:00","message":"Application AgniOne Demo Application - 1.0.0.0 loaded"}
{"level":"info","time":"2025-05-11T17:36:12+02:00","message":"logger instance created with file /media/ajith/work/developments/go/AgniOne/Git_Lab2/agnione/log/AgniOne_demo_http.log"}
{"level":"info","time":"2025-05-11T17:36:12+02:00","message":"Found 1 pool setting for appunit Http_demo"}
{"level":"warn","time":"2025-05-11T17:36:12+02:00","message":"No AgniOne Units loaded"}
{"level":"error","time":"2025-05-11T17:36:12+02:00","message":"Failed to load AgniOne Http_demo - /media/ajith/work/dev/go/Git_Lab2/agnione/apps/units/demohttp.so. plugin.Open(\"/media/ajith/work/dev/go/Git_Lab2/agnione/apps/units/demohttp.so\"): realpath failed"}
{"level":"info","time":"2025-05-11T17:36:13+02:00","message":"starting HTTP monitoring ......"}
{"level":"info","time":"2025-05-11T17:36:13+02:00","message":"HTTP monitoring started on 127.0.0.1:8080"}
{"level":"info","time":"2025-05-11T17:36:15+02:00","message":"broadcasting status via SSE started"}
{"level":"info","time":"2025-05-11T17:36:24+02:00","message":"No AppUnits loaded"}
{"level":"info","time":"2025-05-11T17:36:24+02:00","message":"Application Framework stopped called......"}
{"level":"info","time":"2025-05-11T17:36:24+02:00","message":"Stopping HTTP monitoring server........"}
{"level":"info","time":"2025-05-11T17:47:54+02:00","message":"Logger Initialized & Started"}
{"level":"info","time":"2025-05-11T17:47:54+02:00","message":"logger instance created with file /media/ajith/work/developments/go/AgniOne/Git_Lab2/agnione/log/AgniOne_demo_http.log"}
{"level":"info","time":"2025-05-11T17:47:54+02:00","message":"Application AgniOne Demo Application - 1.0.0.0 loaded"}
{"level":"info","time":"2025-05-11T17:47:54+02:00","message":"Found 1 pool setting for appunit Http_demo"}
{"level":"warn","time":"2025-05-11T17:47:54+02:00","message":"No AgniOne Units loaded"}
{"level":"error","time":"2025-05-11T17:47:54+02:00","message":"Failed to load AgniOne Http_demo - /media/ajith/work/dev/go/Git_Lab2/agnione/apps/units/demohttp.so. plugin.Open(\"/media/ajith/work/dev/go/Git_Lab2/agnione/apps/units/demohttp.so\"): realpath failed"}
{"level":"info","time":"2025-05-11T17:47:55+02:00","message":"starting HTTP monitoring ......"}
{"level":"info","time":"2025-05-11T17:47:55+02:00","message":"HTTP monitoring started on 127.0.0.1:8080"}
{"level":"info","time":"2025-05-11T17:47:57+02:00","message":"broadcasting status via SSE started"}
{"level":"info","time":"2025-05-11T17:49:33+02:00","message":"No AppUnits loaded"}
{"level":"info","time":"2025-05-11T17:49:33+02:00","message":"Stopping HTTP monitoring server........"}
{"level":"info","time":"2025-05-11T17:49:33+02:00","message":"Application Framework stopped called......"}
{"level":"info","time":"2025-05-11T17:49:51+02:00","message":"Logger Initialized & Started"}
{"level":"info","time":"2025-05-11T17:49:51+02:00","message":"logger instance created with file /media/ajith/work/developments/go/AgniOne/Git_Lab2/agnione/log/AgniOne_demo_http.log"}
{"level":"info","time":"2025-05-11T17:49:51+02:00","message":"Application AgniOne Demo Application - 1.0.0.0 loaded"}
{"level":"warn","time":"2025-05-11T17:49:51+02:00","message":"No AgniOne Units loaded"}
{"level":"info","time":"2025-05-11T17:49:51+02:00","message":"Found 1 pool setting for appunit Http_demo"}
{"level":"error","time":"2025-05-11T17:49:51+02:00","message":"Failed to load AgniOne Http_demo - /media/ajith/work/dev/go/Git_Lab2/agnione/apps/units/demohttp.so. plugin.Open(\"/media/ajith/work/dev/go/Git_Lab2/agnione/apps/units/demohttp.so\"): realpath failed"}
{"level":"info","time":"2025-05-11T17:49:52+02:00","message":"starting HTTP monitoring ......"}
{"level":"info","time":"2025-05-11T17:49:52+02:00","message":"HTTP monitoring started on 127.0.0.1:8080"}
{"level":"info","time":"2025-05-11T17:49:54+02:00","message":"broadcasting status via SSE started"}
{"level":"info","time":"2025-05-11T17:50:30+02:00","message":"No AppUnits loaded"}
{"level":"info","time":"2025-05-11T17:50:30+02:00","message":"Application Framework stopped called......"}
{"level":"info","time":"2025-05-11T17:50:30+02:00","message":"Stopping HTTP monitoring server........"}
{"level":"info","time":"2025-05-11T17:50:40+02:00","message":"Logger Initialized & Started"}
{"level":"info","time":"2025-05-11T17:50:40+02:00","message":"logger instance created with file /media/ajith/work/developments/go/AgniOne/Git_Lab2/agnione/log/AgniOne_demo_http.log"}
{"level":"info","time":"2025-05-11T17:50:40+02:00","message":"Application AgniOne Demo Application - 1.0.0.0 loaded"}
{"level":"info","time":"2025-05-11T17:50:40+02:00","message":"Found 1 pool setting for appunit Http_demo"}
{"level":"warn","time":"2025-05-11T17:50:40+02:00","message":"No AgniOne Units loaded"}
{"level":"error","time":"2025-05-11T17:50:40+02:00","message":"Failed to load AgniOne Http_demo - /media/ajith/work/dev/go/Git_Lab2/agnione/apps/units/demohttp.so. plugin.Open(\"/media/ajith/work/dev/go/Git_Lab2/agnione/apps/units/demohttp.so\"): realpath failed"}
{"level":"info","time":"2025-05-11T17:50:41+02:00","message":"starting HTTP monitoring ......"}
{"level":"info","time":"2025-05-11T17:50:41+02:00","message":"HTTP monitoring started on 127.0.0.1:8080"}
{"level":"info","time":"2025-05-11T17:50:43+02:00","message":"broadcasting status via SSE started"}
{"level":"info","time":"2025-05-11T17:52:19+02:00","message":"Application Framework stopped called........ DONE"}
{"level":"info","time":"2025-05-11T17:52:19+02:00","message":"Stopping SSE monitoring ....... DONE"}
{"level":"info","time":"2025-05-11T17:52:19+02:00","message":"Stopping SSE monitoring ........"}
{"level":"info","time":"2025-05-11T17:52:19+02:00","message":"Stopping HTTP monitoring server........ DONE"}
{"level":"info","time":"2025-05-11T17:52:24+02:00","message":"broadcasting status via SSE stopped"}
{"level":"info","time":"2025-05-11T17:52:24+02:00","message":"stopping the status broadcasting SSE"}
{"level":"info","time":"2025-05-11T17:53:05+02:00","message":"Application Framework stopped called........ DONE"}
{"level":"info","time":"2025-05-11T17:53:05+02:00","message":"Stopping SSE monitoring ....... DONE"}
{"level":"info","time":"2025-05-11T17:53:05+02:00","message":"Stopping SSE monitoring ........"}
{"level":"info","time":"2025-05-11T17:53:05+02:00","message":"Stopping HTTP monitoring server........ DONE"}
{"level":"info","time":"2025-05-11T17:53:10+02:00","message":"broadcasting status via SSE stopped"}
{"level":"info","time":"2025-05-11T17:53:10+02:00","message":"stopping the status broadcasting SSE"}
{"level":"info","time":"2025-05-11T17:53:28+02:00","message":"Application Framework stopped called........ DONE"}
{"level":"info","time":"2025-05-11T17:53:28+02:00","message":"Stopping SSE monitoring ....... DONE"}
{"level":"info","time":"2025-05-11T17:53:28+02:00","message":"Stopping SSE monitoring ........"}
{"level":"info","time":"2025-05-11T17:53:28+02:00","message":"Stopping HTTP monitoring server........ DONE"}
{"level":"info","time":"2025-05-11T17:53:33+02:00","message":"broadcasting status via SSE stopped"}
{"level":"info","time":"2025-05-11T17:53:33+02:00","message":"stopping the status broadcasting SSE"}
{"level":"info","time":"2025-05-11T17:53:49+02:00","message":"Stopping HTTP monitoring server........"}
{"level":"info","time":"2025-05-11T17:53:49+02:00","message":"Application Framework stopped called......"}
{"level":"info","time":"2025-05-11T17:53:49+02:00","message":"No AppUnits loaded"}
{"level":"info","time":"2025-05-11T17:53:49+02:00","message":"Application Framework stopped called........ DONE"}
{"level":"info","time":"2025-05-11T17:53:49+02:00","message":"Stopping SSE monitoring ....... DONE"}
{"level":"info","time":"2025-05-11T17:53:49+02:00","message":"Stopping SSE monitoring ........"}
{"level":"info","time":"2025-05-11T17:53:49+02:00","message":"Stopping HTTP monitoring server........ DONE"}
{"level":"info","time":"2025-05-11T17:53:54+02:00","message":"broadcasting status via SSE stopped"}
{"level":"info","time":"2025-05-11T17:53:54+02:00","message":"stopping the status broadcasting SSE"}
{"level":"info","time":"2025-05-11T17:54:05+02:00","message":"Logger Initialized & Started"}
{"level":"info","time":"2025-05-11T17:54:05+02:00","message":"logger instance created with file /media/ajith/work/developments/go/AgniOne/Git_Lab2/agnione/log/AgniOne_demo_http.log"}
{"level":"info","time":"2025-05-11T17:54:05+02:00","message":"Application AgniOne Demo Application - 1.0.0.0 loaded"}
{"level":"warn","time":"2025-05-11T17:54:05+02:00","message":"No AgniOne Units loaded"}
{"level":"error","time":"2025-05-11T17:54:05+02:00","message":"Failed to load AgniOne Http_demo - /media/ajith/work/dev/go/Git_Lab2/agnione/apps/units/demohttp.so. plugin.Open(\"/media/ajith/work/dev/go/Git_Lab2/agnione/apps/units/demohttp.so\"): realpath failed"}
{"level":"info","time":"2025-05-11T17:54:05+02:00","message":"Found 1 pool setting for appunit Http_demo"}
{"level":"info","time":"2025-05-11T17:54:06+02:00","message":"starting HTTP monitoring ......"}
{"level":"info","time":"2025-05-11T17:54:06+02:00","message":"HTTP monitoring started on 127.0.0.1:8080"}
{"level":"info","time":"2025-05-11T17:54:08+02:00","message":"broadcasting status via SSE started"}
{"level":"info","time":"2025-05-11T17:55:23+02:00","message":"No AppUnits loaded"}
{"level":"info","time":"2025-05-11T17:55:23+02:00","message":"Application Framework stopped called......"}
{"level":"info","time":"2025-05-11T17:55:23+02:00","message":"Stopping HTTP monitoring server........"}
{"level":"info","time":"2025-05-11T17:55:31+02:00","message":"Stopping SSE monitoring ........"}
{"level":"info","time":"2025-05-11T17:55:31+02:00","message":"Application Framework stopped called........ DONE"}
{"level":"info","time":"2025-05-11T17:55:31+02:00","message":"Stopping SSE monitoring ....... DONE"}
{"level":"info","time":"2025-05-11T17:55:31+02:00","message":"Stopping HTTP monitoring server........ DONE"}
{"level":"info","time":"2025-05-11T17:55:36+02:00","message":"broadcasting status via SSE stopped"}
{"level":"info","time":"2025-05-11T17:55:36+02:00","message":"stopping the status broadcasting SSE"}
{"level":"info","time":"2025-05-11T17:56:03+02:00","message":"Logger Initialized & Started"}
{"level":"info","time":"2025-05-11T17:56:03+02:00","message":"Application AgniOne Demo Application - 1.0.0.0 loaded"}
{"level":"info","time":"2025-05-11T17:56:03+02:00","message":"logger instance created with file /media/ajith/work/developments/go/AgniOne/Git_Lab2/agnione/log/AgniOne_demo_http.log"}
{"level":"warn","time":"2025-05-11T17:56:03+02:00","message":"No AgniOne Units loaded"}
{"level":"info","time":"2025-05-11T17:56:03+02:00","message":"Found 1 pool setting for appunit Http_demo"}
{"level":"error","time":"2025-05-11T17:56:03+02:00","message":"Failed to load AgniOne Http_demo - /media/ajith/work/dev/go/Git_Lab2/agnione/apps/units/demohttp.so. plugin.Open(\"/media/ajith/work/dev/go/Git_Lab2/agnione/apps/units/demohttp.so\"): realpath failed"}
{"level":"info","time":"2025-05-11T17:56:04+02:00","message":"starting HTTP monitoring ......"}
{"level":"info","time":"2025-05-11T17:56:04+02:00","message":"HTTP monitoring started on 127.0.0.1:8080"}
{"level":"info","time":"2025-05-11T17:56:06+02:00","message":"broadcasting status via SSE started"}
{"level":"info","time":"2025-05-11T17:57:22+02:00","message":"No AppUnits loaded"}
{"level":"info","time":"2025-05-11T17:57:22+02:00","message":"Application Framework stopped called......"}
{"level":"info","time":"2025-05-11T17:57:22+02:00","message":"Stopping HTTP monitoring server........"}
{"level":"info","time":"2025-05-11T18:04:07+02:00","message":"Logger Initialized & Started"}
{"level":"info","time":"2025-05-11T18:04:07+02:00","message":"logger instance created with file /media/ajith/work/developments/go/AgniOne/Git_Lab2/agnione/log/AgniOne_demo_http.log"}
{"level":"info","time":"2025-05-11T18:04:07+02:00","message":"Application AgniOne Demo Application - 1.0.0.0 loaded"}
{"level":"info","time":"2025-05-11T18:04:07+02:00","message":"Found 1 pool setting for appunit Http_demo"}
{"level":"warn","time":"2025-05-11T18:04:07+02:00","message":"No AgniOne Units loaded"}
{"level":"error","time":"2025-05-11T18:04:07+02:00","message":"Failed to load AgniOne Http_demo - /media/ajith/work/dev/go/Git_Lab2/agnione/apps/units/demohttp.so. plugin.Open(\"/media/ajith/work/dev/go/Git_Lab2/agnione/apps/units/demohttp.so\"): realpath failed"}
{"level":"info","time":"2025-05-11T18:04:08+02:00","message":"starting HTTP monitoring ......"}
{"level":"info","time":"2025-05-11T18:04:08+02:00","message":"HTTP monitoring started on 127.0.0.1:8080"}
{"level":"info","time":"2025-05-11T18:04:10+02:00","message":"broadcasting status via SSE started"}
{"level":"info","time":"2025-05-11T18:04:53+02:00","message":"Application Framework stopped called......"}
{"level":"info","time":"2025-05-11T18:04:53+02:00","message":"Stopping HTTP monitoring server........"}
{"level":"info","time":"2025-05-11T18:04:53+02:00","message":"No AppUnits loaded"}
{"level":"info","time":"2025-05-11T18:06:58+02:00","message":"Logger Initialized & Started"}
{"level":"info","time":"2025-05-11T18:06:58+02:00","message":"Application AgniOne Demo Application - 1.0.0.0 loaded"}
{"level":"info","time":"2025-05-11T18:06:58+02:00","message":"logger instance created with file /media/ajith/work/developments/go/AgniOne/Git_Lab2/agnione/log/AgniOne_demo_http.log"}
{"level":"info","time":"2025-05-11T18:06:58+02:00","message":"Found 1 pool setting for appunit Http_demo"}
{"level":"warn","time":"2025-05-11T18:06:58+02:00","message":"No AgniOne Units loaded"}
{"level":"error","time":"2025-05-11T18:06:58+02:00","message":"Failed to load AgniOne Http_demo - /media/ajith/work/dev/go/Git_Lab2/agnione/apps/units/demohttp.so. plugin.Open(\"/media/ajith/work/dev/go/Git_Lab2/agnione/apps/units/demohttp.so\"): realpath failed"}
{"level":"info","time":"2025-05-11T18:06:59+02:00","message":"starting HTTP monitoring ......"}
{"level":"info","time":"2025-05-11T18:06:59+02:00","message":"HTTP monitoring started on 127.0.0.1:8080"}
{"level":"info","time":"2025-05-11T18:07:01+02:00","message":"broadcasting status via SSE started"}
{"level":"info","time":"2025-05-11T18:07:28+02:00","message":"No AppUnits loaded"}
{"level":"info","time":"2025-05-11T18:07:28+02:00","message":"Application Framework stopped called......"}
{"level":"info","time":"2025-05-11T18:07:28+02:00","message":"Stopping HTTP monitoring server........"}
{"level":"info","time":"2025-05-11T18:08:35+02:00","message":"Logger Initialized & Started"}
{"level":"info","time":"2025-05-11T18:08:35+02:00","message":"logger instance created with file /media/ajith/work/developments/go/AgniOne/Git_Lab2/agnione/log/AgniOne_demo_http.log"}
{"level":"info","time":"2025-05-11T18:08:35+02:00","message":"Application AgniOne Demo Application - 1.0.0.0 loaded"}
{"level":"info","time":"2025-05-11T18:08:35+02:00","message":"Found 1 pool setting for appunit Http_demo"}
{"level":"warn","time":"2025-05-11T18:08:35+02:00","message":"No AgniOne Units loaded"}
{"level":"error","time":"2025-05-11T18:08:35+02:00","message":"Failed to load AgniOne Http_demo - /media/ajith/work/dev/go/Git_Lab2/agnione/apps/units/demohttp.so. plugin.Open(\"/media/ajith/work/dev/go/Git_Lab2/agnione/apps/units/demohttp.so\"): realpath failed"}
{"level":"info","time":"2025-05-11T18:08:36+02:00","message":"starting HTTP monitoring ......"}
{"level":"info","time":"2025-05-11T18:08:36+02:00","message":"HTTP monitoring started on 127.0.0.1:8080"}
{"level":"info","time":"2025-05-11T18:08:38+02:00","message":"broadcasting status via SSE started"}
{"level":"info","time":"2025-05-11T18:09:54+02:00","message":"No AppUnits loaded"}
{"level":"info","time":"2025-05-11T18:09:54+02:00","message":"Stopping HTTP monitoring server........"}
{"level":"info","time":"2025-05-11T18:09:54+02:00","message":"Application Framework stopped called......"}
{"level":"info","time":"2025-05-11T18:10:54+02:00","message":"Logger Initialized & Started"}
{"level":"info","time":"2025-05-11T18:10:54+02:00","message":"logger instance created with file /media/ajith/work/developments/go/AgniOne/Git_Lab2/agnione/log/AgniOne_demo_http.log"}
{"level":"info","time":"2025-05-11T18:10:54+02:00","message":"Application AgniOne Demo Application - 1.0.0.0 loaded"}
{"level":"info","time":"2025-05-11T18:10:54+02:00","message":"Found 1 pool setting for appunit Http_demo"}
{"level":"error","time":"2025-05-11T18:10:54+02:00","message":"Failed to load AgniOne Http_demo - /media/ajith/work/dev/go/Git_Lab2/agnione/apps/units/demohttp.so. plugin.Open(\"/media/ajith/work/dev/go/Git_Lab2/agnione/apps/units/demohttp.so\"): realpath failed"}
{"level":"warn","time":"2025-05-11T18:10:54+02:00","message":"No AgniOne Units loaded"}
{"level":"info","time":"2025-05-11T18:10:55+02:00","message":"starting HTTP monitoring ......"}
{"level":"info","time":"2025-05-11T18:10:55+02:00","message":"HTTP monitoring started on 127.0.0.1:8080"}
{"level":"info","time":"2025-05-11T18:10:57+02:00","message":"broadcasting status via SSE started"}
{"level":"info","time":"2025-05-11T18:11:58+02:00","message":"Application Framework stopped called......"}
{"level":"info","time":"2025-05-11T18:11:58+02:00","message":"Stopping HTTP monitoring server........"}
{"level":"info","time":"2025-05-11T18:11:58+02:00","message":"No AppUnits loaded"}
{"level":"info","time":"2025-05-11T18:12:59+02:00","message":"Logger Initialized & Started"}
{"level":"info","time":"2025-05-11T18:12:59+02:00","message":"Application AgniOne Demo Application - 1.0.0.0 loaded"}
{"level":"info","time":"2025-05-11T18:12:59+02:00","message":"logger instance created with file /media/ajith/work/developments/go/AgniOne/Git_Lab2/agnione/log/AgniOne_demo_http.log"}
{"level":"warn","time":"2025-05-11T18:12:59+02:00","message":"No AgniOne Units loaded"}
{"level":"info","time":"2025-05-11T18:12:59+02:00","message":"Found 1 pool setting for appunit Http_demo"}
{"level":"error","time":"2025-05-11T18:12:59+02:00","message":"Failed to load AgniOne Http_demo - /media/ajith/work/dev/go/Git_Lab2/agnione/apps/units/demohttp.so. plugin.Open(\"/media/ajith/work/dev/go/Git_Lab2/agnione/apps/units/demohttp.so\"): realpath failed"}
{"level":"info","time":"2025-05-11T18:13:00+02:00","message":"starting HTTP monitoring ......"}
{"level":"info","time":"2025-05-11T18:13:00+02:00","message":"HTTP monitoring started on 127.0.0.1:8080"}
{"level":"info","time":"2025-05-11T18:13:02+02:00","message":"broadcasting status via SSE started"}
{"level":"info","time":"2025-05-11T18:13:14+02:00","message":"No AppUnits loaded"}
{"level":"info","time":"2025-05-11T18:13:14+02:00","message":"Stopping HTTP monitoring server........"}
{"level":"info","time":"2025-05-11T18:13:14+02:00","message":"Application Framework stopped called......"}
{"level":"info","time":"2025-05-17T12:24:40+02:00","message":"Logger Initialized & Started"}
{"level":"info","time":"2025-05-17T12:24:40+02:00","message":"Application AgniOne Demo Application - 1.0.0.0 loaded"}
{"level":"info","time":"2025-05-17T12:24:40+02:00","message":"logger instance created with file /media/ajith/work/developments/go/AgniOne/Git_Lab2/agnione/log/AgniOne_demo_http.log"}
{"level":"warn","time":"2025-05-17T12:24:40+02:00","message":"No AgniOne Units loaded"}
{"level":"info","time":"2025-05-17T12:24:40+02:00","message":"Found 1 pool setting for appunit Http_demo"}
{"level":"error","time":"2025-05-17T12:24:40+02:00","message":"Failed to load AgniOne Http_demo - /media/ajith/work/dev/go/Git_Lab2/agnione/apps/units/demohttp.so. plugin.Open(\"/media/ajith/work/dev/go/Git_Lab2/agnione/apps/units/demohttp.so\"): realpath failed"}
{"level":"info","time":"2025-05-17T12:24:41+02:00","message":"starting HTTP monitoring ......"}
{"level":"info","time":"2025-05-17T12:24:41+02:00","message":"HTTP monitoring started on 127.0.0.1:8080"}
{"level":"info","time":"2025-05-17T12:24:43+02:00","message":"broadcasting status via SSE started"}
{"level":"info","time":"2025-05-17T12:25:24+02:00","message":"Application Framework stopped called......"}
{"level":"info","time":"2025-05-17T12:25:24+02:00","message":"No AppUnits loaded"}
{"level":"info","time":"2025-05-17T12:25:24+02:00","message":"Stopping HTTP monitoring server........"}
{"level":"info","time":"2025-05-17T12:25:24+02:00","message":"Application Framework stopped called........ DONE"}
{"level":"info","time":"2025-05-17T12:25:24+02:00","message":"Stopping SSE monitoring ........"}
{"level":"info","time":"2025-05-17T12:25:24+02:00","message":"Stopping SSE monitoring ....... DONE"}
{"level":"info","time":"2025-05-17T12:25:24+02:00","message":"Stopping HTTP monitoring server........ DONE"}
{"level":"info","time":"2025-05-17T12:25:29+02:00","message":"broadcasting status via SSE stopped"}
{"level":"info","time":"2025-05-17T12:25:29+02:00","message":"stopping the status broadcasting SSE"}
{"level":"info","time":"2025-05-17T12:28:51+02:00","message":"Logger Initialized & Started"}
{"level":"info","time":"2025-05-17T12:28:51+02:00","message":"logger instance created with file /media/ajith/work/developments/go/AgniOne/Git_Lab2/agnione/log/AgniOne_demo_http.log"}
{"level":"info","time":"2025-05-17T12:28:51+02:00","message":"Application AgniOne Demo Application - 1.0.0.0 loaded"}
{"level":"warn","time":"2025-05-17T12:28:51+02:00","message":"No AgniOne Units loaded"}
{"level":"info","time":"2025-05-17T12:28:51+02:00","message":"Found 1 pool setting for appunit Http_demo"}
{"level":"error","time":"2025-05-17T12:28:51+02:00","message":"Failed to load AgniOne Http_demo - /media/ajith/work/dev/go/Git_Lab2/agnione/apps/units/demohttp.so. plugin.Open(\"/media/ajith/work/dev/go/Git_Lab2/agnione/apps/units/demohttp.so\"): realpath failed"}
{"level":"info","time":"2025-05-17T12:28:52+02:00","message":"starting HTTP monitoring ......"}
{"level":"info","time":"2025-05-17T12:28:52+02:00","message":"HTTP monitoring started on 127.0.0.1:8080"}
{"level":"info","time":"2025-05-17T12:28:54+02:00","message":"broadcasting status via SSE started"}
{"level":"info","time":"2025-05-17T12:29:45+02:00","message":"Application Framework stopped called......"}
{"level":"info","time":"2025-05-17T12:29:45+02:00","message":"Stopping HTTP monitoring server........"}
{"level":"info","time":"2025-05-17T12:29:45+02:00","message":"No AppUnits loaded"}
{"level":"info","time":"2025-05-17T12:29:45+02:00","message":"Application Framework stopped called........ DONE"}
{"level":"info","time":"2025-05-17T12:29:45+02:00","message":"Stopping SSE monitoring ........"}
{"level":"info","time":"2025-05-17T12:29:45+02:00","message":"Stopping SSE monitoring ....... DONE"}
{"level":"info","time":"2025-05-17T12:29:45+02:00","message":"Stopping HTTP monitoring server........ DONE"}
{"level":"info","time":"2025-05-17T12:29:50+02:00","message":"broadcasting status via SSE stopped"}
{"level":"info","time":"2025-05-17T12:29:50+02:00","message":"stopping the status broadcasting SSE"}
{"level":"info","time":"2025-05-17T12:29:59+02:00","message":"Logger Initialized & Started"}
{"level":"info","time":"2025-05-17T12:29:59+02:00","message":"logger instance created with file /media/ajith/work/developments/go/AgniOne/Git_Lab2/agnione/log/AgniOne_demo_http.log"}
{"level":"info","time":"2025-05-17T12:29:59+02:00","message":"Application AgniOne Demo Application - 1.0.0.0 loaded"}
{"level":"warn","time":"2025-05-17T12:29:59+02:00","message":"No AgniOne Units loaded"}
{"level":"error","time":"2025-05-17T12:29:59+02:00","message":"Failed to load AgniOne Http_demo - /media/ajith/work/dev/go/Git_Lab2/agnione/apps/units/demohttp.so. plugin.Open(\"/media/ajith/work/dev/go/Git_Lab2/agnione/apps/units/demohttp.so\"): realpath failed"}
{"level":"info","time":"2025-05-17T12:29:59+02:00","message":"Found 1 pool setting for appunit Http_demo"}
{"level":"info","time":"2025-05-17T12:30:00+02:00","message":"starting HTTP monitoring ......"}
{"level":"info","time":"2025-05-17T12:30:00+02:00","message":"HTTP monitoring started on 127.0.0.1:8080"}
{"level":"info","time":"2025-05-17T12:30:02+02:00","message":"broadcasting status via SSE started"}
{"level":"info","time":"2025-05-17T12:31:45+02:00","message":"Application Framework stopped called......"}
{"level":"info","time":"2025-05-17T12:31:45+02:00","message":"Stopping HTTP monitoring server........"}
{"level":"info","time":"2025-05-17T12:31:45+02:00","message":"No AppUnits loaded"}
{"level":"info","time":"2025-05-17T12:35:54+02:00","message":"Logger Initialized & Started"}
{"level":"info","time":"2025-05-17T12:35:54+02:00","message":"logger instance created with file /media/ajith/work/developments/go/AgniOne/Git_Lab2/agnione/log/AgniOne_demo_http.log"}
{"level":"info","time":"2025-05-17T12:35:54+02:00","message":"Application AgniOne Demo Application - 1.0.0.0 loaded"}
{"level":"info","time":"2025-05-17T12:35:54+02:00","message":"Found 1 pool setting for appunit Http_demo"}
{"level":"warn","time":"2025-05-17T12:35:54+02:00","message":"No AgniOne Units loaded"}
{"level":"error","time":"2025-05-17T12:35:54+02:00","message":"Failed to load AgniOne Http_demo - /media/ajith/work/developments/go/AgniOne/Git_Lab2/agnione/apps/units/demohttp.so. plugin.Open(\"/media/ajith/work/developments/go/AgniOne/Git_Lab2/agnione/apps/units/demohttp\"): plugin was built with a different version of package internal/abi"}
{"level":"info","time":"2025-05-17T12:35:55+02:00","message":"starting HTTP monitoring ......"}
{"level":"info","time":"2025-05-17T12:35:55+02:00","message":"HTTP monitoring started on 127.0.0.1:8080"}
{"level":"info","time":"2025-05-17T12:35:57+02:00","message":"broadcasting status via SSE started"}
{"level":"info","time":"2025-05-17T12:36:58+02:00","message":"Application Framework stopped called......"}
{"level":"info","time":"2025-05-17T12:36:58+02:00","message":"No AppUnits loaded"}
{"level":"info","time":"2025-05-17T12:36:58+02:00","message":"Stopping HTTP monitoring server........"}
{"level":"info","time":"2025-05-17T12:40:44+02:00","message":"Logger Initialized & Started"}
{"level":"info","time":"2025-05-17T12:40:44+02:00","message":"logger instance created with file /media/ajith/work/developments/go/AgniOne/Git_Lab2/agnione/log/AgniOne_demo_http.log"}
{"level":"info","time":"2025-05-17T12:40:44+02:00","message":"Application AgniOne Demo Application - 1.0.0.0 loaded"}
{"level":"info","time":"2025-05-17T12:40:44+02:00","message":"Found 1 pool setting for appunit Http_demo"}
{"level":"warn","time":"2025-05-17T12:40:44+02:00","message":"No AgniOne Units loaded"}
{"level":"error","time":"2025-05-17T12:40:44+02:00","message":"Failed to load AgniOne Http_demo - /media/ajith/work/developments/go/AgniOne/Git_Lab2/agnione/apps/units/demohttp.so. plugin.Open(\"/media/ajith/work/developments/go/AgniOne/Git_Lab2/agnione/apps/units/demohttp\"): plugin was built with a different version of package agnione/v2/src/appfm/types"}
{"level":"info","time":"2025-05-17T12:40:45+02:00","message":"starting HTTP monitoring ......"}
{"level":"info","time":"2025-05-17T12:40:45+02:00","message":"HTTP monitoring started on 127.0.0.1:8080"}
{"level":"info","time":"2025-05-17T12:40:47+02:00","message":"broadcasting status via SSE started"}
{"level":"info","time":"2025-05-17T12:41:00+02:00","message":"Application Framework stopped called......"}
{"level":"info","time":"2025-05-17T12:41:00+02:00","message":"Stopping HTTP monitoring server........"}
{"level":"info","time":"2025-05-17T12:41:00+02:00","message":"No AppUnits loaded"}
{"level":"info","time":"2025-05-17T12:55:40+02:00","message":"Logger Initialized & Started"}
{"level":"info","time":"2025-05-17T12:55:40+02:00","message":"Application AgniOne Demo Application - 1.0.0.0 loaded"}
{"level":"info","time":"2025-05-17T12:55:40+02:00","message":"logger instance created with file /media/ajith/work/developments/go/AgniOne/Git_Lab2/agnione/log/AgniOne_demo_http.log"}
{"level":"info","time":"2025-05-17T12:55:40+02:00","message":"Found 1 pool setting for appunit Http_demo"}
{"level":"warn","time":"2025-05-17T12:55:40+02:00","message":"No AgniOne Units loaded"}
{"level":"error","time":"2025-05-17T12:55:40+02:00","message":"Failed to load AgniOne Http_demo - /media/ajith/work/developments/go/AgniOne/Git_Lab2/agnione/apps/units/demohttp.so. plugin.Open(\"/media/ajith/work/developments/go/AgniOne/Git_Lab2/agnione/apps/units/demohttp\"): plugin was built with a different version of package internal/abi"}
{"level":"info","time":"2025-05-17T12:55:41+02:00","message":"starting HTTP monitoring ......"}
{"level":"info","time":"2025-05-17T12:55:41+02:00","message":"HTTP monitoring started on 127.0.0.1:8080"}
{"level":"info","time":"2025-05-17T12:55:43+02:00","message":"broadcasting status via SSE started"}
{"level":"info","time":"2025-05-17T12:56:03+02:00","message":"Application Framework stopped called......"}
{"level":"info","time":"2025-05-17T12:56:03+02:00","message":"Stopping HTTP monitoring server........"}
{"level":"info","time":"2025-05-17T12:56:03+02:00","message":"No AppUnits loaded"}
{"level":"info","time":"2025-05-17T12:56:03+02:00","message":"Application Framework stopped called........ DONE"}
{"level":"info","time":"2025-05-17T12:56:03+02:00","message":"Stopping SSE monitoring ........"}
{"level":"info","time":"2025-05-17T12:56:03+02:00","message":"Stopping SSE monitoring ....... DONE"}
{"level":"info","time":"2025-05-17T12:56:03+02:00","message":"Stopping HTTP monitoring server........ DONE"}
{"level":"info","time":"2025-05-17T12:56:08+02:00","message":"broadcasting status via SSE stopped"}
{"level":"info","time":"2025-05-17T12:56:08+02:00","message":"stopping the status broadcasting SSE"}
{"level":"info","time":"2025-05-17T13:02:10+02:00","message":"Logger Initialized & Started"}
{"level":"info","time":"2025-05-17T13:02:10+02:00","message":"Application AgniOne Demo Application - 1.0.0.0 loaded"}
{"level":"info","time":"2025-05-17T13:02:10+02:00","message":"logger instance created with file /media/ajith/work/developments/go/AgniOne/Git_Lab2/agnione/log/AgniOne_demo_http.log"}
{"level":"info","time":"2025-05-17T13:02:10+02:00","message":"Found 1 pool setting for appunit Http_demo"}
{"level":"warn","time":"2025-05-17T13:02:10+02:00","message":"No AgniOne Units loaded"}
{"level":"error","time":"2025-05-17T13:02:10+02:00","message":"Failed to load AgniOne Http_demo - /media/ajith/work/developments/go/AgniOne/Git_Lab2/agnione/apps/units/demohttp.so. plugin.Open(\"/media/ajith/work/developments/go/AgniOne/Git_Lab2/agnione/apps/units/demohttp\"): plugin was built with a different version of package internal/abi"}
{"level":"info","time":"2025-05-17T13:02:11+02:00","message":"starting HTTP monitoring ......"}
{"level":"info","time":"2025-05-17T13:02:11+02:00","message":"HTTP monitoring started on 127.0.0.1:8080"}
{"level":"info","time":"2025-05-17T13:02:13+02:00","message":"broadcasting status via SSE started"}
{"level":"info","time":"2025-05-17T13:02:31+02:00","message":"Application Framework stopped called......"}
{"level":"info","time":"2025-05-17T13:02:31+02:00","message":"No AppUnits loaded"}
{"level":"info","time":"2025-05-17T13:02:31+02:00","message":"Stopping HTTP monitoring server........"}
{"level":"info","time":"2025-05-17T13:02:31+02:00","message":"Application Framework stopped called........ DONE"}
{"level":"info","time":"2025-05-17T13:02:31+02:00","message":"Stopping SSE monitoring ........"}
{"level":"info","time":"2025-05-17T13:02:31+02:00","message":"Stopping HTTP monitoring server........ DONE"}
{"level":"info","time":"2025-05-17T13:02:31+02:00","message":"Stopping SSE monitoring ....... DONE"}
{"level":"info","time":"2025-05-17T13:02:36+02:00","message":"broadcasting status via SSE stopped"}
{"level":"info","time":"2025-05-17T13:02:36+02:00","message":"stopping the status broadcasting SSE"}
{"level":"info","time":"2025-05-17T13:03:17+02:00","message":"Logger Initialized & Started"}
{"level":"info","time":"2025-05-17T13:03:17+02:00","message":"logger instance created with file /media/ajith/work/developments/go/AgniOne/Git_Lab2/agnione/log/AgniOne_demo_http.log"}
{"level":"info","time":"2025-05-17T13:03:17+02:00","message":"Application AgniOne Demo Application - 1.0.0.0 loaded"}
{"level":"info","time":"2025-05-17T13:03:17+02:00","message":"Found 1 pool setting for appunit Http_demo"}
{"level":"warn","time":"2025-05-17T13:03:17+02:00","message":"No AgniOne Units loaded"}
{"level":"error","time":"2025-05-17T13:03:17+02:00","message":"Failed to load AgniOne Http_demo - /media/ajith/work/developments/go/AgniOne/Git_Lab2/agnione/apps/units/demohttp.so. plugin.Open(\"/media/ajith/work/developments/go/AgniOne/Git_Lab2/agnione/apps/units/demohttp\"): plugin was built with a different version of package internal/abi"}
{"level":"info","time":"2025-05-17T13:03:18+02:00","message":"starting HTTP monitoring ......"}
{"level":"info","time":"2025-05-17T13:03:18+02:00","message":"HTTP monitoring started on 127.0.0.1:8080"}
{"level":"info","time":"2025-05-17T13:03:20+02:00","message":"broadcasting status via SSE started"}
{"level":"info","time":"2025-05-17T13:06:06+02:00","message":"Application Framework stopped called......"}
{"level":"info","time":"2025-05-17T13:06:06+02:00","message":"Stopping HTTP monitoring server........"}
{"level":"info","time":"2025-05-17T13:06:06+02:00","message":"No AppUnits loaded"}
{"level":"info","time":"2025-05-17T13:06:19+02:00","message":"Logger Initialized & Started"}
{"level":"info","time":"2025-05-17T13:06:19+02:00","message":"logger instance created with file /media/ajith/work/developments/go/AgniOne/Git_Lab2/agnione/log/AgniOne_demo_http.log"}
{"level":"info","time":"2025-05-17T13:06:19+02:00","message":"Application AgniOne Demo Application - 1.0.0.0 loaded"}
{"level":"info","time":"2025-05-17T13:06:19+02:00","message":"Found 1 pool setting for appunit Http_demo"}
{"level":"warn","time":"2025-05-17T13:06:20+02:00","message":"No AgniOne Units loaded"}
{"level":"error","time":"2025-05-17T13:06:20+02:00","message":"Failed to load AgniOne Http_demo - /media/ajith/work/developments/go/AgniOne/Git_Lab2/agnione/apps/units/demohttp.so. plugin.Open(\"/media/ajith/work/developments/go/AgniOne/Git_Lab2/agnione/apps/units/demohttp\"): plugin was built with a different version of package agnione/v2/src/appfm/types"}
{"level":"info","time":"2025-05-17T13:06:21+02:00","message":"starting HTTP monitoring ......"}
{"level":"info","time":"2025-05-17T13:06:21+02:00","message":"HTTP monitoring started on 127.0.0.1:8080"}
{"level":"info","time":"2025-05-17T13:06:28+02:00","message":"broadcasting status via SSE started"}
{"level":"info","time":"2025-05-17T13:06:53+02:00","message":"Application Framework stopped called........ DONE"}
{"level":"info","time":"2025-05-17T13:06:53+02:00","message":"Stopping SSE monitoring ........"}
{"level":"info","time":"2025-05-17T13:06:53+02:00","message":"Stopping SSE monitoring ....... DONE"}
{"level":"info","time":"2025-05-17T13:06:53+02:00","message":"Stopping HTTP monitoring server........ DONE"}
{"level":"info","time":"2025-05-17T13:06:58+02:00","message":"broadcasting status via SSE stopped"}
{"level":"info","time":"2025-05-17T13:06:58+02:00","message":"stopping the status broadcasting SSE"}
{"level":"info","time":"2025-05-17T13:12:16+02:00","message":"Logger Initialized & Started"}
{"level":"info","time":"2025-05-17T13:12:16+02:00","message":"logger instance created with file /media/ajith/work/developments/go/AgniOne/Git_Lab2/agnione/log/AgniOne_demo_http.log"}
{"level":"info","time":"2025-05-17T13:12:16+02:00","message":"Found 1 pool setting for appunit Http_demo"}
{"level":"info","time":"2025-05-17T13:12:16+02:00","message":"Application AgniOne Demo Application - 1.0.0.0 loaded"}
{"level":"warn","time":"2025-05-17T13:12:16+02:00","message":"No AgniOne Units loaded"}
{"level":"error","time":"2025-05-17T13:12:16+02:00","message":"Failed to load AgniOne Http_demo - /media/ajith/work/developments/go/AgniOne/Git_Lab2/agnione/apps/units/demohttp.so. plugin.Open(\"/media/ajith/work/developments/go/AgniOne/Git_Lab2/agnione/apps/units/demohttp\"): plugin was built with a different version of package agnione/v2/src/appfm/types"}
{"level":"info","time":"2025-05-17T13:12:17+02:00","message":"starting HTTP monitoring ......"}
{"level":"info","time":"2025-05-17T13:12:17+02:00","message":"HTTP monitoring started on 127.0.0.1:8080"}
{"level":"info","time":"2025-05-17T13:12:19+02:00","message":"broadcasting status via SSE started"}
{"level":"info","time":"2025-05-17T13:13:36+02:00","message":"Logger Initialized & Started"}
{"level":"info","time":"2025-05-17T13:13:36+02:00","message":"Application AgniOne Demo Application - 1.0.0.0 loaded"}
{"level":"info","time":"2025-05-17T13:13:36+02:00","message":"logger instance created with file /media/ajith/work/developments/go/AgniOne/Git_Lab2/agnione/log/AgniOne_demo_http.log"}
{"level":"info","time":"2025-05-17T13:13:36+02:00","message":"Found 1 pool setting for appunit Http_demo"}
{"level":"warn","time":"2025-05-17T13:13:36+02:00","message":"No AgniOne Units loaded"}
{"level":"error","time":"2025-05-17T13:13:36+02:00","message":"Failed to load AgniOne Http_demo - /media/ajith/work/developments/go/AgniOne/Git_Lab2/agnione/apps/units/demohttp.so. plugin.Open(\"/media/ajith/work/developments/go/AgniOne/Git_Lab2/agnione/apps/units/demohttp\"): plugin was built with a different version of package agnione/v2/src/appfm/types"}
{"level":"info","time":"2025-05-17T13:13:37+02:00","message":"starting HTTP monitoring ......"}
{"level":"info","time":"2025-05-17T13:13:37+02:00","message":"HTTP monitoring started on 127.0.0.1:8080"}
{"level":"info","time":"2025-05-17T13:13:39+02:00","message":"broadcasting status via SSE started"}
{"level":"info","time":"2025-05-17T13:15:21+02:00","message":"Logger Initialized & Started"}
{"level":"info","time":"2025-05-17T13:15:21+02:00","message":"logger instance created with file /media/ajith/work/developments/go/AgniOne/Git_Lab2/agnione/log/AgniOne_demo_http.log"}
{"level":"info","time":"2025-05-17T13:15:21+02:00","message":"Found 1 pool setting for appunit Http_demo"}
{"level":"info","time":"2025-05-17T13:15:21+02:00","message":"Application AgniOne Demo Application - 1.0.0.0 loaded"}
{"level":"error","time":"2025-05-17T13:15:22+02:00","message":"Failed to load AgniOne Http_demo - /media/ajith/work/developments/go/AgniOne/Git_Lab2/agnione/apps/units/demohttp.so. plugin.Open(\"/media/ajith/work/developments/go/AgniOne/Git_Lab2/agnione/apps/units/demohttp\"): plugin was built with a different version of package agnione/v2/src/appfm/types"}
{"level":"warn","time":"2025-05-17T13:15:22+02:00","message":"No AgniOne Units loaded"}
{"level":"info","time":"2025-05-17T13:15:23+02:00","message":"starting HTTP monitoring ......"}
{"level":"info","time":"2025-05-17T13:15:23+02:00","message":"HTTP monitoring started on 127.0.0.1:8080"}
{"level":"info","time":"2025-05-17T13:15:25+02:00","message":"broadcasting status via SSE started"}
{"level":"info","time":"2025-05-17T13:18:45+02:00","message":"Logger Initialized & Started"}
{"level":"info","time":"2025-05-17T13:18:45+02:00","message":"Application AgniOne Demo Application - 1.0.0.0 loaded"}
{"level":"info","time":"2025-05-17T13:18:45+02:00","message":"logger instance created with file /media/ajith/work/developments/go/AgniOne/Git_Lab2/agnione/log/AgniOne_demo_http.log"}
{"level":"info","time":"2025-05-17T13:18:45+02:00","message":"Found 1 pool setting for appunit Http_demo"}
{"level":"warn","time":"2025-05-17T13:18:45+02:00","message":"No AgniOne Units loaded"}
{"level":"error","time":"2025-05-17T13:18:45+02:00","message":"Failed to load AgniOne Http_demo - /media/ajith/work/developments/go/AgniOne/Git_Lab2/agnione/apps/units/demohttp.so. plugin.Open(\"/media/ajith/work/developments/go/AgniOne/Git_Lab2/agnione/apps/units/demohttp\"): plugin was built with a different version of package agnione/v2/src/appfm/types"}
{"level":"info","time":"2025-05-17T13:18:46+02:00","message":"HTTP monitoring started on 127.0.0.1:8080"}
{"level":"info","time":"2025-05-17T13:18:46+02:00","message":"starting HTTP monitoring ......"}
{"level":"info","time":"2025-05-17T13:18:48+02:00","message":"broadcasting status via SSE started"}
{"level":"info","time":"2025-05-17T13:20:32+02:00","message":"Logger Initialized & Started"}
{"level":"info","time":"2025-05-17T13:20:32+02:00","message":"logger instance created with file /media/ajith/work/developments/go/AgniOne/Git_Lab2/agnione/log/AgniOne_demo_http.log"}
{"level":"info","time":"2025-05-17T13:20:32+02:00","message":"Application AgniOne Demo Application - 1.0.0.0 loaded"}
{"level":"info","time":"2025-05-17T13:20:32+02:00","message":"Found 1 pool setting for appunit Http_demo"}
{"level":"warn","time":"2025-05-17T13:20:32+02:00","message":"No AgniOne Units loaded"}
{"level":"error","time":"2025-05-17T13:20:32+02:00","message":"Failed to load AgniOne Http_demo - /media/ajith/work/developments/go/AgniOne/Git_Lab2/agnione/apps/units/demohttp.so. plugin.Open(\"/media/ajith/work/developments/go/AgniOne/Git_Lab2/agnione/apps/units/demohttp\"): plugin was built with a different version of package agnione/v2/src/appfm/types"}
{"level":"info","time":"2025-05-17T13:20:33+02:00","message":"starting HTTP monitoring ......"}
{"level":"info","time":"2025-05-17T13:20:33+02:00","message":"HTTP monitoring started on 127.0.0.1:8080"}
{"level":"info","time":"2025-05-17T13:20:37+02:00","message":"broadcasting status via SSE started"}
{"level":"info","time":"2025-05-17T13:22:35+02:00","message":"Logger Initialized & Started"}
{"level":"info","time":"2025-05-17T13:22:35+02:00","message":"logger instance created with file /media/ajith/work/developments/go/AgniOne/Git_Lab2/agnione/log/AgniOne_demo_http.log"}
{"level":"info","time":"2025-05-17T13:22:35+02:00","message":"Application AgniOne Demo Application - 1.0.0.0 loaded"}
{"level":"info","time":"2025-05-17T13:22:35+02:00","message":"Found 1 pool setting for appunit Http_demo"}
{"level":"warn","time":"2025-05-17T13:22:35+02:00","message":"No AgniOne Units loaded"}
{"level":"error","time":"2025-05-17T13:22:35+02:00","message":"Failed to load AgniOne Http_demo - /media/ajith/work/developments/go/AgniOne/Git_Lab2/agnione/apps/units/demohttp.so. plugin.Open(\"/media/ajith/work/developments/go/AgniOne/Git_Lab2/agnione/apps/units/demohttp\"): plugin was built with a different version of package agnione/v2/src/appfm/types"}
{"level":"info","time":"2025-05-17T13:22:36+02:00","message":"starting HTTP monitoring ......"}
{"level":"info","time":"2025-05-17T13:22:36+02:00","message":"HTTP monitoring started on 127.0.0.1:8080"}
{"level":"info","time":"2025-05-17T13:22:38+02:00","message":"broadcasting status via SSE started"}
{"level":"info","time":"2025-05-17T13:26:07+02:00","message":"Logger Initialized & Started"}
{"level":"info","time":"2025-05-17T13:26:07+02:00","message":"logger instance created with file /media/ajith/work/developments/go/AgniOne/Git_Lab2/agnione/log/AgniOne_demo_http.log"}
{"level":"info","time":"2025-05-17T13:26:07+02:00","message":"Application AgniOne Demo Application - 1.0.0.0 loaded"}
{"level":"info","time":"2025-05-17T13:26:07+02:00","message":"Found 1 pool setting for appunit Http_demo"}
{"level":"warn","time":"2025-05-17T13:26:08+02:00","message":"No AgniOne Units loaded"}
{"level":"error","time":"2025-05-17T13:26:08+02:00","message":"Failed to load AgniOne Http_demo - /media/ajith/work/developments/go/AgniOne/Git_Lab2/agnione/apps/units/demohttp.so. plugin.Open(\"/media/ajith/work/developments/go/AgniOne/Git_Lab2/agnione/apps/units/demohttp\"): plugin was built with a different version of package agnione/v2/src/appfm/types"}
{"level":"info","time":"2025-05-17T13:26:09+02:00","message":"starting HTTP monitoring ......"}
{"level":"info","time":"2025-05-17T13:26:09+02:00","message":"HTTP monitoring started on 127.0.0.1:8080"}
{"level":"info","time":"2025-05-17T13:26:11+02:00","message":"broadcasting status via SSE started"}
{"level":"info","time":"2025-05-17T13:28:29+02:00","message":"Logger Initialized & Started"}
{"level":"info","time":"2025-05-17T13:28:29+02:00","message":"logger instance created with file /media/ajith/work/developments/go/AgniOne/Git_Lab2/agnione/log/AgniOne_demo_http.log"}
{"level":"info","time":"2025-05-17T13:28:29+02:00","message":"Application AgniOne Demo Application - 1.0.0.0 loaded"}
{"level":"info","time":"2025-05-17T13:28:29+02:00","message":"Found 1 pool setting for appunit Http_demo"}
{"level":"warn","time":"2025-05-17T13:28:29+02:00","message":"No AgniOne Units loaded"}
{"level":"error","time":"2025-05-17T13:28:29+02:00","message":"Failed to load AgniOne Http_demo - /media/ajith/work/developments/go/AgniOne/Git_Lab2/agnione/apps/units/demohttp.so. plugin.Open(\"/media/ajith/work/developments/go/AgniOne/Git_Lab2/agnione/apps/units/demohttp\"): plugin was built with a different version of package agnione/v2/src/appfm/types"}
{"level":"info","time":"2025-05-17T13:28:30+02:00","message":"starting HTTP monitoring ......"}
{"level":"info","time":"2025-05-17T13:28:30+02:00","message":"HTTP monitoring started on 127.0.0.1:8080"}
{"level":"info","time":"2025-05-17T13:28:32+02:00","message":"broadcasting status via SSE started"}
{"level":"info","time":"2025-05-17T13:36:17+02:00","message":"Logger Initialized & Started"}
{"level":"info","time":"2025-05-17T13:36:17+02:00","message":"logger instance created with file /media/ajith/work/developments/go/AgniOne/Git_Lab2/agnione/log/AgniOne_demo_http.log"}
{"level":"info","time":"2025-05-17T13:36:17+02:00","message":"Application AgniOne Demo Application - 1.0.0.0 loaded"}
{"level":"info","time":"2025-05-17T13:36:17+02:00","message":"Found 1 pool setting for appunit Http_demo"}
{"level":"warn","time":"2025-05-17T13:36:17+02:00","message":"No AgniOne Units loaded"}
{"level":"error","time":"2025-05-17T13:36:17+02:00","message":"Failed to load AgniOne Http_demo - /media/ajith/work/developments/go/AgniOne/Git_Lab2/agnione/apps/units/demohttp.so. plugin.Open(\"/media/ajith/work/developments/go/AgniOne/Git_Lab2/agnione/apps/units/demohttp\"): plugin was built with a different version of package agnione/v2/src/appfm/types"}
{"level":"info","time":"2025-05-17T13:36:18+02:00","message":"starting HTTP monitoring ......"}
{"level":"info","time":"2025-05-17T13:36:18+02:00","message":"HTTP monitoring started on 127.0.0.1:8080"}
{"level":"info","time":"2025-05-17T13:36:22+02:00","message":"broadcasting status via SSE started"}
{"level":"info","time":"2025-05-17T13:42:37+02:00","message":"Logger Initialized & Started"}
{"level":"info","time":"2025-05-17T13:42:37+02:00","message":"logger instance created with file /media/ajith/work/developments/go/AgniOne/Git_Lab2/agnione/log/AgniOne_demo_http.log"}
{"level":"info","time":"2025-05-17T13:42:37+02:00","message":"Application AgniOne Demo Application - 1.0.0.0 loaded"}
{"level":"info","time":"2025-05-17T13:42:37+02:00","message":"Found 1 pool setting for appunit Http_demo"}
{"level":"warn","time":"2025-05-17T13:42:37+02:00","message":"No AgniOne Units loaded"}
{"level":"error","time":"2025-05-17T13:42:37+02:00","message":"Failed to load AgniOne Http_demo - /media/ajith/work/developments/go/AgniOne/Git_Lab2/agnione/apps/units/demohttp.so. plugin.Open(\"/media/ajith/work/developments/go/AgniOne/Git_Lab2/agnione/apps/units/demohttp\"): plugin was built with a different version of package agnione/v2/src/appfm/types"}
{"level":"info","time":"2025-05-17T13:42:38+02:00","message":"starting HTTP monitoring ......"}
{"level":"info","time":"2025-05-17T13:42:38+02:00","message":"HTTP monitoring started on 127.0.0.1:8080"}
{"level":"info","time":"2025-05-17T13:42:40+02:00","message":"broadcasting status via SSE started"}
{"level":"info","time":"2025-05-17T13:44:56+02:00","message":"Logger Initialized & Started"}
{"level":"info","time":"2025-05-17T13:44:56+02:00","message":"logger instance created with file /media/ajith/work/developments/go/AgniOne/Git_Lab2/agnione/log/AgniOne_demo_http.log"}
{"level":"info","time":"2025-05-17T13:44:56+02:00","message":"Application AgniOne Demo Application - 1.0.0.0 loaded"}
{"level":"info","time":"2025-05-17T13:44:56+02:00","message":"Found 1 pool setting for appunit Http_demo"}
{"level":"warn","time":"2025-05-17T13:44:57+02:00","message":"No AgniOne Units loaded"}
{"level":"error","time":"2025-05-17T13:44:57+02:00","message":"Failed to load AgniOne Http_demo - /media/ajith/work/developments/go/AgniOne/Git_Lab2/agnione/apps/units/demohttp.so. plugin.Open(\"/media/ajith/work/developments/go/AgniOne/Git_Lab2/agnione/apps/units/demohttp\"): plugin was built with a different version of package agnione/v2/src/appfm/types"}
{"level":"info","time":"2025-05-17T13:44:58+02:00","message":"starting HTTP monitoring ......"}
{"level":"info","time":"2025-05-17T13:44:58+02:00","message":"HTTP monitoring started on 127.0.0.1:8080"}
{"level":"info","time":"2025-05-17T13:45:00+02:00","message":"broadcasting status via SSE started"}
{"level":"info","time":"2025-05-17T13:53:00+02:00","message":"Logger Initialized & Started"}
{"level":"info","time":"2025-05-17T13:53:00+02:00","message":"logger instance created with file /media/ajith/work/developments/go/AgniOne/Git_Lab2/agnione/log/AgniOne_demo_http.log"}
{"level":"info","time":"2025-05-17T13:53:00+02:00","message":"Application AgniOne Demo Application - 1.0.0.0 loaded"}
{"level":"info","time":"2025-05-17T13:53:00+02:00","message":"Found 1 pool setting for appunit Http_demo"}
{"level":"error","time":"2025-05-17T13:53:00+02:00","message":"Failed to load AgniOne Http_demo - /media/ajith/work/developments/go/AgniOne/Git_Lab2/agnione/apps/units/demohttp.so. plugin.Open(\"/media/ajith/work/developments/go/AgniOne/Git_Lab2/agnione/apps/units/demohttp\"): plugin was built with a different version of package agnione/v2/src/appfm/types"}
{"level":"warn","time":"2025-05-17T13:53:00+02:00","message":"No AgniOne Units loaded"}
{"level":"info","time":"2025-05-17T13:53:01+02:00","message":"starting HTTP monitoring ......"}
{"level":"info","time":"2025-05-17T13:53:01+02:00","message":"HTTP monitoring started on 127.0.0.1:8080"}
{"level":"info","time":"2025-05-17T13:53:03+02:00","message":"broadcasting status via SSE started"}
{"level":"info","time":"2025-05-17T13:54:25+02:00","message":"Logger Initialized & Started"}
{"level":"info","time":"2025-05-17T13:54:25+02:00","message":"logger instance created with file /media/ajith/work/developments/go/AgniOne/Git_Lab2/agnione/log/AgniOne_demo_http.log"}
{"level":"info","time":"2025-05-17T13:54:25+02:00","message":"Application AgniOne Demo Application - 1.0.0.0 loaded"}
{"level":"info","time":"2025-05-17T13:54:25+02:00","message":"Found 1 pool setting for appunit Http_demo"}
{"level":"warn","time":"2025-05-17T13:54:25+02:00","message":"No AgniOne Units loaded"}
{"level":"error","time":"2025-05-17T13:54:25+02:00","message":"Failed to load AgniOne Http_demo - /media/ajith/work/developments/go/AgniOne/Git_Lab2/agnione/apps/units/demohttp.so. plugin.Open(\"/media/ajith/work/developments/go/AgniOne/Git_Lab2/agnione/apps/units/demohttp\"): plugin was built with a different version of package agnione/v2/src/appfm/types"}
{"level":"info","time":"2025-05-17T13:54:26+02:00","message":"starting HTTP monitoring ......"}
{"level":"info","time":"2025-05-17T13:54:26+02:00","message":"HTTP monitoring started on 127.0.0.1:8080"}
{"level":"info","time":"2025-05-17T13:54:28+02:00","message":"broadcasting status via SSE started"}
{"level":"info","time":"2025-05-17T13:56:31+02:00","message":"Logger Initialized & Started"}
{"level":"info","time":"2025-05-17T13:56:31+02:00","message":"logger instance created with file /media/ajith/work/developments/go/AgniOne/Git_Lab2/agnione/log/AgniOne_demo_http.log"}
{"level":"info","time":"2025-05-17T13:56:31+02:00","message":"Application AgniOne Demo Application - 1.0.0.0 loaded"}
{"level":"info","time":"2025-05-17T13:56:31+02:00","message":"Found 1 pool setting for appunit Http_demo"}
{"level":"warn","time":"2025-05-17T13:56:31+02:00","message":"No AgniOne Units loaded"}
{"level":"error","time":"2025-05-17T13:56:31+02:00","message":"Failed to load AgniOne Http_demo - /media/ajith/work/developments/go/AgniOne/Git_Lab2/agnione/apps/units/demohttp.so. plugin.Open(\"/media/ajith/work/developments/go/AgniOne/Git_Lab2/agnione/apps/units/demohttp\"): plugin was built with a different version of package agnione/v2/src/appfm/types"}
{"level":"info","time":"2025-05-17T13:56:32+02:00","message":"starting HTTP monitoring ......"}
{"level":"info","time":"2025-05-17T13:56:32+02:00","message":"HTTP monitoring started on 127.0.0.1:8080"}
{"level":"info","time":"2025-05-17T13:56:34+02:00","message":"broadcasting status via SSE started"}
{"level":"info","time":"2025-05-18T11:02:55+02:00","message":"Logger Initialized & Started"}
{"level":"info","time":"2025-05-18T11:03:56+02:00","message":"Logger Initialized & Started"}
{"level":"info","time":"2025-05-18T11:04:27+02:00","message":"Logger Initialized & Started"}
{"level":"info","time":"2025-05-18T11:05:18+02:00","message":"Logger Initialized & Started"}
{"level":"info","time":"2025-05-18T11:08:56+02:00","message":"Logger Initialized & Started"}
{"level":"info","time":"2025-05-18T11:09:06+02:00","message":"Found 1 pool setting for appunit Http_demo"}
{"level":"info","time":"2025-05-18T11:10:45+02:00","message":"Logger Initialized & Started"}
{"level":"info","time":"2025-05-18T11:11:05+02:00","message":"Found 1 pool setting for appunit Http_demo"}
{"level":"info","time":"2025-05-18T11:12:15+02:00","message":"Logger Initialized & Started"}
{"level":"info","time":"2025-05-18T11:13:13+02:00","message":"Found 1 pool setting for appunit Http_demo"}
{"level":"info","time":"2025-05-18T11:14:49+02:00","message":"Logger Initialized & Started"}
{"level":"info","time":"2025-05-18T11:15:32+02:00","message":"Logger Initialized & Started"}
{"level":"info","time":"2025-05-18T11:15:46+02:00","message":"Found 1 pool setting for appunit Http_demo"}
{"level":"info","time":"2025-05-18T11:16:24+02:00","message":"Logger Initialized & Started"}
{"level":"info","time":"2025-05-18T11:16:33+02:00","message":"Found 1 pool setting for appunit Http_demo"}
{"level":"info","time":"2025-05-18T11:17:09+02:00","message":"Logger Initialized & Started"}
{"level":"info","time":"2025-05-18T11:17:13+02:00","message":"Found 1 pool setting for appunit Http_demo"}
{"level":"error","time":"2025-05-18T11:17:25+02:00","message":"Failed to load AgniOne Http_demo - /media/ajith/work/developments/go/AgniOne/Git_Lab2/agnione/apps/units/demohttp.so. plugin.Open(\"/media/ajith/work/developments/go/AgniOne/Git_Lab2/agnione/apps/units/demohttp\"): plugin was built with a different version of package agnione/v2/src/appfm/types"}
{"level":"warn","time":"2025-05-18T11:18:22+02:00","message":"No AgniOne Units loaded"}
{"level":"info","time":"2025-05-18T11:18:22+02:00","message":"starting HTTP monitoring ......"}
{"level":"info","time":"2025-05-18T11:18:22+02:00","message":"HTTP monitoring started on 127.0.0.1:8080"}
{"level":"info","time":"2025-05-18T11:18:24+02:00","message":"broadcasting event messages via SSE started"}
{"level":"info","time":"2025-05-18T11:18:24+02:00","message":"broadcasting status via SSE started"}
{"level":"info","time":"2025-05-18T11:18:24+02:00","message":"broadcasting log messages via SSE started"}
{"level":"info","time":"2025-05-18T11:20:07+02:00","message":"Logger Initialized & Started"}
{"level":"info","time":"2025-05-18T11:20:07+02:00","message":"Found 1 pool setting for appunit Http_demo"}
{"level":"error","time":"2025-05-18T11:20:07+02:00","message":"Failed to load AgniOne Http_demo - /media/ajith/work/developments/go/AgniOne/Git_Lab2/agnione/apps/units/demohttp.so. plugin.Open(\"/media/ajith/work/developments/go/AgniOne/Git_Lab2/agnione/apps/units/demohttp\"): plugin was built with a different version of package internal/abi"}
{"level":"warn","time":"2025-05-18T11:20:07+02:00","message":"No AgniOne Units loaded"}
{"level":"info","time":"2025-05-18T11:20:08+02:00","message":"starting HTTP monitoring ......"}
{"level":"info","time":"2025-05-18T11:20:08+02:00","message":"HTTP monitoring started on 127.0.0.1:8080"}
{"level":"info","time":"2025-05-18T11:20:10+02:00","message":"broadcasting event messages via SSE started"}
{"level":"info","time":"2025-05-18T11:20:10+02:00","message":"broadcasting status via SSE started"}
{"level":"info","time":"2025-05-18T11:20:10+02:00","message":"broadcasting log messages via SSE started"}
{"level":"info","time":"2025-05-18T11:20:42+02:00","message":"Application Framework stopped called......"}
{"level":"info","time":"2025-05-18T11:20:42+02:00","message":"No AppUnits loaded"}
{"level":"info","time":"2025-05-18T11:20:42+02:00","message":"Stopping HTTP monit oring server........"}
{"level":"info","time":"2025-05-18T11:23:55+02:00","message":"Logger Initialized & Started"}
{"level":"info","time":"2025-05-18T11:23:55+02:00","message":"Found 1 pool setting for appunit Http_demo"}
{"level":"error","time":"2025-05-18T11:23:56+02:00","message":"Failed to load AgniOne Http_demo - /media/ajith/work/developments/go/AgniOne/Git_Lab2/agnione/apps/units/demohttp.so. plugin.Open(\"/media/ajith/work/developments/go/AgniOne/Git_Lab2/agnione/apps/units/demohttp\"): plugin was built with a different version of package agnione/v2/src/appfm/types"}
{"level":"warn","time":"2025-05-18T11:23:56+02:00","message":"No AgniOne Units loaded"}
{"level":"info","time":"2025-05-18T11:23:57+02:00","message":"starting HTTP monitoring ......"}
{"level":"info","time":"2025-05-18T11:23:57+02:00","message":"HTTP monitoring started on 127.0.0.1:8080"}
{"level":"info","time":"2025-05-18T11:23:59+02:00","message":"broadcasting status via SSE started"}
{"level":"info","time":"2025-05-18T11:23:59+02:00","message":"broadcasting event messages via SSE started"}
{"level":"info","time":"2025-05-18T11:23:59+02:00","message":"broadcasting log messages via SSE started"}
{"level":"info","time":"2025-05-18T11:24:52+02:00","message":"Logger Initialized & Started"}
{"level":"info","time":"2025-05-18T11:24:52+02:00","message":"Found 1 pool setting for appunit Http_demo"}
{"level":"error","time":"2025-05-18T11:24:52+02:00","message":"Failed to load AgniOne Http_demo - /media/ajith/work/developments/go/AgniOne/Git_Lab2/agnione/apps/units/demohttp.so. plugin.Open(\"/media/ajith/work/developments/go/AgniOne/Git_Lab2/agnione/apps/units/demohttp\"): plugin was built with a different version of package agnione/v2/src/appfm/types"}
{"level":"warn","time":"2025-05-18T11:24:52+02:00","message":"No AgniOne Units loaded"}
{"level":"info","time":"2025-05-18T11:24:53+02:00","message":"starting HTTP monitoring ......"}
{"level":"info","time":"2025-05-18T11:24:53+02:00","message":"HTTP monitoring started on 127.0.0.1:8080"}
{"level":"info","time":"2025-05-18T11:24:55+02:00","message":"broadcasting log messages via SSE started"}
{"level":"info","time":"2025-05-18T11:24:55+02:00","message":"broadcasting status via SSE started"}
{"level":"info","time":"2025-05-18T11:24:55+02:00","message":"broadcasting event messages via SSE started"}
{"level":"info","time":"2025-05-18T11:25:09+02:00","message":"Application Framework stopped called......"}
{"level":"info","time":"2025-05-18T11:25:09+02:00","message":"No AppUnits loaded"}
{"level":"info","time":"2025-05-18T11:25:09+02:00","message":"Stopping HTTP monitoring server........"}
{"level":"info","time":"2025-05-18T11:27:15+02:00","message":"Logger Initialized & Started"}
{"level":"info","time":"2025-05-18T11:27:15+02:00","message":"Found 1 pool setting for appunit Http_demo"}
{"level":"error","time":"2025-05-18T11:27:15+02:00","message":"Failed to load AgniOne Http_demo - /media/ajith/work/developments/go/AgniOne/Git_Lab2/agnione/apps/units/demohttp.so. plugin.Open(\"/media/ajith/work/developments/go/AgniOne/Git_Lab2/agnione/apps/units/demohttp\"): plugin was built with a different version of package agnione/v2/src/appfm/types"}
{"level":"warn","time":"2025-05-18T11:27:15+02:00","message":"No AgniOne Units loaded"}
{"level":"info","time":"2025-05-18T11:27:16+02:00","message":"starting HTTP monitoring ......"}
{"level":"info","time":"2025-05-18T11:27:16+02:00","message":"HTTP monitoring started on 127.0.0.1:8080"}
{"level":"info","time":"2025-05-18T11:27:18+02:00","message":"broadcasting event messages via SSE started"}
{"level":"info","time":"2025-05-18T11:27:18+02:00","message":"broadcasting log messages via SSE started"}
{"level":"info","time":"2025-05-18T11:27:18+02:00","message":"broadcasting status via SSE started"}
{"level":"info","time":"2025-05-18T11:27:44+02:00","message":"Application Framework stopped called......"}
{"level":"info","time":"2025-05-18T11:27:47+02:00","message":"No AppUnits loaded"}
{"level":"info","time":"2025-05-18T11:27:47+02:00","message":"Stopping HTTP monitoring server........"}
{"level":"info","time":"2025-05-18T11:28:52+02:00","message":"Logger Initialized & Started"}
{"level":"info","time":"2025-05-18T11:28:52+02:00","message":"Found 1 pool setting for appunit Http_demo"}
{"level":"error","time":"2025-05-18T11:28:52+02:00","message":"Failed to load AgniOne Http_demo - /media/ajith/work/developments/go/AgniOne/Git_Lab2/agnione/apps/units/demohttp.so. plugin.Open(\"/media/ajith/work/developments/go/AgniOne/Git_Lab2/agnione/apps/units/demohttp\"): plugin was built with a different version of package agnione/v2/src/appfm/types"}
{"level":"warn","time":"2025-05-18T11:28:52+02:00","message":"No AgniOne Units loaded"}
{"level":"info","time":"2025-05-18T11:28:53+02:00","message":"starting HTTP monitoring ......"}
{"level":"info","time":"2025-05-18T11:28:53+02:00","message":"HTTP monitoring started on 127.0.0.1:8080"}
{"level":"info","time":"2025-05-18T11:28:55+02:00","message":"broadcasting event messages via SSE started"}
{"level":"info","time":"2025-05-18T11:28:55+02:00","message":"broadcasting log messages via SSE started"}
{"level":"info","time":"2025-05-18T11:28:55+02:00","message":"broadcasting status via SSE started"}
{"level":"info","time":"2025-05-18T11:29:10+02:00","message":"Application Framework stopped called......"}
{"level":"info","time":"2025-05-18T11:29:10+02:00","message":"No AppUnits loaded"}
{"level":"info","time":"2025-05-18T11:29:14+02:00","message":"Stopping HTTP monitoring server........"}
{"level":"info","time":"2025-05-18T11:29:17+02:00","message":"Stopping SSE monitoring ........"}
{"level":"info","time":"2025-05-18T11:29:29+02:00","message":"Stopping SSE monitoring ....... DONE"}
{"level":"info","time":"2025-05-18T11:33:35+02:00","message":"Logger Initialized & Started"}
{"level":"info","time":"2025-05-18T11:33:35+02:00","message":"Found 1 pool setting for appunit Http_demo"}
{"level":"error","time":"2025-05-18T11:33:35+02:00","message":"Failed to load AgniOne Http_demo - /media/ajith/work/developments/go/AgniOne/Git_Lab2/agnione/apps/units/demohttp.so. plugin.Open(\"/media/ajith/work/developments/go/AgniOne/Git_Lab2/agnione/apps/units/demohttp\"): plugin was built with a different version of package agnione/v2/src/appfm/types"}
{"level":"warn","time":"2025-05-18T11:33:35+02:00","message":"No AgniOne Units loaded"}
{"level":"info","time":"2025-05-18T11:33:36+02:00","message":"starting HTTP monitoring ......"}
{"level":"info","time":"2025-05-18T11:33:36+02:00","message":"HTTP monitoring started on 127.0.0.1:8080"}
{"level":"info","time":"2025-05-18T11:33:38+02:00","message":"broadcasting log messages via SSE started"}
{"level":"info","time":"2025-05-18T11:33:38+02:00","message":"broadcasting status via SSE started"}
{"level":"info","time":"2025-05-18T11:33:38+02:00","message":"broadcasting event messages via SSE started"}
{"level":"info","time":"2025-05-18T11:33:46+02:00","message":"Application Framework stopped called......"}
{"level":"info","time":"2025-05-18T11:33:46+02:00","message":"No AppUnits loaded"}
{"level":"info","time":"2025-05-18T11:33:49+02:00","message":"Stopping HTTP monitoring server........"}
{"level":"info","time":"2025-05-18T11:33:51+02:00","message":"Stopping SSE monitoring ........"}
{"level":"info","time":"2025-05-18T11:33:55+02:00","message":"Stopping SSE monitoring ....... DONE"}
{"level":"info","time":"2025-05-18T11:37:36+02:00","message":"Logger Initialized & Started"}
{"level":"info","time":"2025-05-18T11:37:36+02:00","message":"Found 1 pool setting for appunit Http_demo"}
{"level":"error","time":"2025-05-18T11:37:37+02:00","message":"Failed to load AgniOne Http_demo - /media/ajith/work/developments/go/AgniOne/Git_Lab2/agnione/apps/units/demohttp.so. plugin.Open(\"/media/ajith/work/developments/go/AgniOne/Git_Lab2/agnione/apps/units/demohttp\"): plugin was built with a different version of package agnione/v2/src/appfm/types"}
{"level":"warn","time":"2025-05-18T11:37:37+02:00","message":"No AgniOne Units loaded"}
{"level":"info","time":"2025-05-18T11:37:38+02:00","message":"starting HTTP monitoring ......"}
{"level":"info","time":"2025-05-18T11:37:38+02:00","message":"HTTP monitoring started on 127.0.0.1:8080"}
{"level":"info","time":"2025-05-18T11:37:40+02:00","message":"broadcasting event messages via SSE started"}
{"level":"info","time":"2025-05-18T11:37:40+02:00","message":"broadcasting log messages via SSE started"}
{"level":"info","time":"2025-05-18T11:37:40+02:00","message":"broadcasting status via SSE started"}
{"level":"info","time":"2025-05-18T11:37:48+02:00","message":"Application Framework stopped called......"}
{"level":"info","time":"2025-05-18T11:37:53+02:00","message":"No AppUnits loaded"}
{"level":"info","time":"2025-05-18T11:37:53+02:00","message":"Stopping HTTP monitoring server........"}
{"level":"info","time":"2025-05-18T11:37:55+02:00","message":"Stopping SSE monitoring ........"}
{"level":"info","time":"2025-05-18T11:37:56+02:00","message":"Stopping SSE monitoring ....... DONE"}
{"level":"info","time":"2025-05-18T11:39:30+02:00","message":"Logger Initialized & Started"}
{"level":"info","time":"2025-05-18T11:39:30+02:00","message":"Found 1 pool setting for appunit Http_demo"}
{"level":"error","time":"2025-05-18T11:39:30+02:00","message":"Failed to load AgniOne Http_demo - /media/ajith/work/developments/go/AgniOne/Git_Lab2/agnione/apps/units/demohttp.so. plugin.Open(\"/media/ajith/work/developments/go/AgniOne/Git_Lab2/agnione/apps/units/demohttp\"): plugin was built with a different version of package agnione/v2/src/appfm/types"}
{"level":"warn","time":"2025-05-18T11:39:30+02:00","message":"No AgniOne Units loaded"}
{"level":"info","time":"2025-05-18T11:39:31+02:00","message":"starting HTTP monitoring ......"}
{"level":"info","time":"2025-05-18T11:39:31+02:00","message":"HTTP monitoring started on 127.0.0.1:8080"}
{"level":"info","time":"2025-05-18T11:39:43+02:00","message":"Application Framework stopped called......"}
{"level":"info","time":"2025-05-18T11:39:45+02:00","message":"No AppUnits loaded"}
{"level":"info","time":"2025-05-18T11:39:45+02:00","message":"Stopping HTTP monitoring server........"}
{"level":"info","time":"2025-05-18T11:39:48+02:00","message":"Stopping SSE monitoring ........"}
{"level":"info","time":"2025-05-18T11:39:53+02:00","message":"Stopping SSE monitoring ....... DONE"}
{"level":"info","time":"2025-05-18T11:41:42+02:00","message":"Logger Initialized & Started"}
{"level":"info","time":"2025-05-18T11:41:42+02:00","message":"Found 1 pool setting for appunit Http_demo"}
{"level":"error","time":"2025-05-18T11:41:43+02:00","message":"Failed to load AgniOne Http_demo - /media/ajith/work/developments/go/AgniOne/Git_Lab2/agnione/apps/units/demohttp.so. plugin.Open(\"/media/ajith/work/developments/go/AgniOne/Git_Lab2/agnione/apps/units/demohttp\"): plugin was built with a different version of package agnione/v2/src/appfm/types"}
{"level":"warn","time":"2025-05-18T11:41:43+02:00","message":"No AgniOne Units loaded"}
{"level":"info","time":"2025-05-18T11:41:44+02:00","message":"starting HTTP monitoring ......"}
{"level":"info","time":"2025-05-18T11:41:44+02:00","message":"HTTP monitoring started on 127.0.0.1:8080"}
{"level":"info","time":"2025-05-18T11:41:59+02:00","message":"Application Framework stopped called......"}
{"level":"info","time":"2025-05-18T11:41:59+02:00","message":"No AppUnits loaded"}
{"level":"info","time":"2025-05-18T11:41:59+02:00","message":"Stopping HTTP monitoring server........"}
{"level":"info","time":"2025-05-18T11:42:03+02:00","message":"Stopping SSE monitoring ........"}
{"level":"info","time":"2025-05-18T11:42:11+02:00","message":"Stopping SSE monitoring ....... DONE"}
{"level":"info","time":"2025-05-18T11:42:21+02:00","message":"Stopping HTTP monitoring server........ DONE"}
{"level":"info","time":"2025-05-18T11:42:22+02:00","message":"Application Framework stopped called........ DONE"}
{"level":"info","time":"2025-05-18T11:44:51+02:00","message":"Logger Initialized & Started"}
{"level":"info","time":"2025-05-18T11:44:51+02:00","message":"Found 1 pool setting for appunit Http_demo"}
{"level":"error","time":"2025-05-18T11:44:51+02:00","message":"Failed to load AgniOne Http_demo - /media/ajith/work/developments/go/AgniOne/Git_Lab2/agnione/apps/units/demohttp.so. plugin.Open(\"/media/ajith/work/developments/go/AgniOne/Git_Lab2/agnione/apps/units/demohttp\"): plugin was built with a different version of package agnione/v2/src/appfm/types"}
{"level":"warn","time":"2025-05-18T11:44:51+02:00","message":"No AgniOne Units loaded"}
{"level":"info","time":"2025-05-18T11:44:52+02:00","message":"starting HTTP monitoring ......"}
{"level":"info","time":"2025-05-18T11:44:52+02:00","message":"HTTP monitoring started on 127.0.0.1:8080"}
{"level":"info","time":"2025-05-18T11:44:54+02:00","message":"broadcasting status via SSE started"}
{"level":"info","time":"2025-05-18T11:44:54+02:00","message":"broadcasting event messages via SSE started"}
{"level":"info","time":"2025-05-18T11:44:54+02:00","message":"broadcasting log messages via SSE started"}
{"level":"info","time":"2025-05-18T11:45:09+02:00","message":"Application Framework stopped called......"}
{"level":"info","time":"2025-05-18T11:45:09+02:00","message":"No AppUnits loaded"}
{"level":"info","time":"2025-05-18T11:45:11+02:00","message":"Stopping HTTP monitoring server........"}
{"level":"info","time":"2025-05-18T11:45:11+02:00","message":"Stopping SSE monitoring ........"}
{"level":"info","time":"2025-05-18T11:45:13+02:00","message":"Stopping SSE monitoring ....... DONE"}
{"level":"info","time":"2025-05-18T11:45:16+02:00","message":"Stopping HTTP monitoring server........ DONE"}
{"level":"info","time":"2025-05-18T11:45:19+02:00","message":"Application Framework stopped called........ DONE"}
{"level":"info","time":"2025-05-18T11:46:27+02:00","message":"Logger Initialized & Started"}
{"level":"info","time":"2025-05-18T11:46:27+02:00","message":"Found 1 pool setting for appunit Http_demo"}
{"level":"error","time":"2025-05-18T11:46:27+02:00","message":"Failed to load AgniOne Http_demo - /media/ajith/work/developments/go/AgniOne/Git_Lab2/agnione/apps/units/demohttp.so. plugin.Open(\"/media/ajith/work/developments/go/AgniOne/Git_Lab2/agnione/apps/units/demohttp\"): plugin was built with a different version of package agnione/v2/src/appfm/types"}
{"level":"warn","time":"2025-05-18T11:46:27+02:00","message":"No AgniOne Units loaded"}
{"level":"info","time":"2025-05-18T11:46:28+02:00","message":"starting HTTP monitoring ......"}
{"level":"info","time":"2025-05-18T11:46:28+02:00","message":"HTTP monitoring started on 127.0.0.1:8080"}
{"level":"info","time":"2025-05-18T11:46:30+02:00","message":"broadcasting event messages via SSE started"}
{"level":"info","time":"2025-05-18T11:46:30+02:00","message":"broadcasting log messages via SSE started"}
{"level":"info","time":"2025-05-18T11:46:30+02:00","message":"broadcasting status via SSE started"}
{"level":"info","time":"2025-05-18T11:46:44+02:00","message":"Application Framework stopped called......"}
{"level":"info","time":"2025-05-18T11:46:44+02:00","message":"No AppUnits loaded"}
{"level":"info","time":"2025-05-18T11:46:46+02:00","message":"Stopping HTTP monitoring server........"}
{"level":"info","time":"2025-05-18T11:46:48+02:00","message":"Stopping SSE monitoring ........"}
{"level":"info","time":"2025-05-18T11:46:58+02:00","message":"Stopping SSE monitoring ....... DONE"}
{"level":"info","time":"2025-05-18T11:49:15+02:00","message":"Logger Initialized & Started"}
{"level":"info","time":"2025-05-18T11:49:15+02:00","message":"Found 1 pool setting for appunit Http_demo"}
{"level":"error","time":"2025-05-18T11:49:16+02:00","message":"Failed to load AgniOne Http_demo - /media/ajith/work/developments/go/AgniOne/Git_Lab2/agnione/apps/units/demohttp.so. plugin.Open(\"/media/ajith/work/developments/go/AgniOne/Git_Lab2/agnione/apps/units/demohttp\"): plugin was built with a different version of package agnione/v2/src/appfm/types"}
{"level":"warn","time":"2025-05-18T11:49:16+02:00","message":"No AgniOne Units loaded"}
{"level":"info","time":"2025-05-18T11:49:17+02:00","message":"starting HTTP monitoring ......"}
{"level":"info","time":"2025-05-18T11:49:17+02:00","message":"HTTP monitoring started on 127.0.0.1:8080"}
{"level":"info","time":"2025-05-18T11:49:19+02:00","message":"broadcasting event messages via SSE started"}
{"level":"info","time":"2025-05-18T11:49:19+02:00","message":"broadcasting status via SSE started"}
{"level":"info","time":"2025-05-18T11:49:19+02:00","message":"broadcasting log messages via SSE started"}
{"level":"info","time":"2025-05-18T11:49:33+02:00","message":"Application Framework stopped called......"}
{"level":"info","time":"2025-05-18T11:49:36+02:00","message":"No AppUnits loaded"}
{"level":"info","time":"2025-05-18T11:49:36+02:00","message":"Stopping HTTP monitoring server........"}
{"level":"info","time":"2025-05-18T11:49:39+02:00","message":"Stopping SSE monitoring ........"}
{"level":"info","time":"2025-05-18T11:49:53+02:00","message":"Stopping SSE monitoring ....... DONE"}
{"level":"info","time":"2025-05-18T11:53:35+02:00","message":"Logger Initialized & Started"}
{"level":"info","time":"2025-05-18T11:53:35+02:00","message":"Found 1 pool setting for appunit Http_demo"}
{"level":"error","time":"2025-05-18T11:53:35+02:00","message":"Failed to load AgniOne Http_demo - /media/ajith/work/developments/go/AgniOne/Git_Lab2/agnione/apps/units/demohttp.so. plugin.Open(\"/media/ajith/work/developments/go/AgniOne/Git_Lab2/agnione/apps/units/demohttp\"): plugin was built with a different version of package agnione/v2/src/appfm/types"}
{"level":"warn","time":"2025-05-18T11:53:35+02:00","message":"No AgniOne Units loaded"}
{"level":"info","time":"2025-05-18T11:53:36+02:00","message":"starting HTTP monitoring ......"}
{"level":"info","time":"2025-05-18T11:53:36+02:00","message":"HTTP monitoring started on 127.0.0.1:8080"}
{"level":"info","time":"2025-05-18T11:53:38+02:00","message":"broadcasting event messages via SSE started"}
{"level":"info","time":"2025-05-18T11:53:38+02:00","message":"broadcasting log messages via SSE started"}
{"level":"info","time":"2025-05-18T11:53:38+02:00","message":"broadcasting status via SSE started"}
{"level":"info","time":"2025-05-18T11:53:46+02:00","message":"Application Framework stopped called......"}
{"level":"info","time":"2025-05-18T11:53:46+02:00","message":"No AppUnits loaded"}
{"level":"info","time":"2025-05-18T11:53:48+02:00","message":"Stopping HTTP monitoring server........"}
{"level":"info","time":"2025-05-18T11:53:52+02:00","message":"Stopping SSE monitoring ........"}
{"level":"info","time":"2025-05-18T11:54:01+02:00","message":"Stopping SSE monitoring ....... DONE"}
{"level":"info","time":"2025-05-18T11:55:14+02:00","message":"Logger Initialized & Started"}
{"level":"info","time":"2025-05-18T11:55:14+02:00","message":"Found 1 pool setting for appunit Http_demo"}
{"level":"error","time":"2025-05-18T11:55:15+02:00","message":"Failed to load AgniOne Http_demo - /media/ajith/work/developments/go/AgniOne/Git_Lab2/agnione/apps/units/demohttp.so. plugin.Open(\"/media/ajith/work/developments/go/AgniOne/Git_Lab2/agnione/apps/units/demohttp\"): plugin was built with a different version of package agnione/v2/src/appfm/types"}
{"level":"warn","time":"2025-05-18T11:55:15+02:00","message":"No AgniOne Units loaded"}
{"level":"info","time":"2025-05-18T11:55:16+02:00","message":"starting HTTP monitoring ......"}
{"level":"info","time":"2025-05-18T11:55:16+02:00","message":"HTTP monitoring started on 127.0.0.1:8080"}
{"level":"info","time":"2025-05-18T11:55:18+02:00","message":"broadcasting status via SSE started"}
{"level":"info","time":"2025-05-18T11:55:25+02:00","message":"Application Framework stopped called......"}
{"level":"info","time":"2025-05-18T11:55:25+02:00","message":"No AppUnits loaded"}
{"level":"info","time":"2025-05-18T11:55:27+02:00","message":"Stopping HTTP monitoring server........"}
{"level":"info","time":"2025-05-18T11:55:27+02:00","message":"Stopping SSE monitoring ........"}
{"level":"info","time":"2025-05-18T11:55:29+02:00","message":"Stopping SSE monitoring ....... DONE"}
{"level":"info","time":"2025-05-18T11:56:44+02:00","message":"Logger Initialized & Started"}
{"level":"info","time":"2025-05-18T11:56:44+02:00","message":"Found 1 pool setting for appunit Http_demo"}
{"level":"error","time":"2025-05-18T11:56:45+02:00","message":"Failed to load AgniOne Http_demo - /media/ajith/work/developments/go/AgniOne/Git_Lab2/agnione/apps/units/demohttp.so. plugin.Open(\"/media/ajith/work/developments/go/AgniOne/Git_Lab2/agnione/apps/units/demohttp\"): plugin was built with a different version of package agnione/v2/src/appfm/types"}
{"level":"warn","time":"2025-05-18T11:56:45+02:00","message":"No AgniOne Units loaded"}
{"level":"info","time":"2025-05-18T11:56:46+02:00","message":"starting HTTP monitoring ......"}
{"level":"info","time":"2025-05-18T11:56:46+02:00","message":"HTTP monitoring started on 127.0.0.1:8080"}
{"level":"info","time":"2025-05-18T11:57:01+02:00","message":"Application Framework stopped called......"}
{"level":"info","time":"2025-05-18T11:57:01+02:00","message":"No AppUnits loaded"}
{"level":"info","time":"2025-05-18T11:57:01+02:00","message":"Stopping HTTP monitoring server........"}
{"level":"info","time":"2025-05-18T11:57:02+02:00","message":"Stopping SSE monitoring ........"}
{"level":"info","time":"2025-05-18T11:57:04+02:00","message":"Stopping SSE monitoring ....... DONE"}
{"level":"info","time":"2025-05-18T11:57:33+02:00","message":"Logger Initialized & Started"}
{"level":"info","time":"2025-05-18T11:57:33+02:00","message":"Found 1 pool setting for appunit Http_demo"}
{"level":"error","time":"2025-05-18T11:57:33+02:00","message":"Failed to load AgniOne Http_demo - /media/ajith/work/developments/go/AgniOne/Git_Lab2/agnione/apps/units/demohttp.so. plugin.Open(\"/media/ajith/work/developments/go/AgniOne/Git_Lab2/agnione/apps/units/demohttp\"): plugin was built with a different version of package agnione/v2/src/appfm/types"}
{"level":"warn","time":"2025-05-18T11:57:33+02:00","message":"No AgniOne Units loaded"}
{"level":"info","time":"2025-05-18T11:57:34+02:00","message":"starting HTTP monitoring ......"}
{"level":"info","time":"2025-05-18T11:57:34+02:00","message":"HTTP monitoring started on 127.0.0.1:8080"}
{"level":"info","time":"2025-05-18T11:57:48+02:00","message":"Application Framework stopped called......"}
{"level":"info","time":"2025-05-18T11:57:48+02:00","message":"No AppUnits loaded"}
{"level":"info","time":"2025-05-18T11:57:48+02:00","message":"Stopping HTTP monitoring server........"}
{"level":"info","time":"2025-05-18T11:57:52+02:00","message":"Stopping SSE monitoring ........"}
{"level":"info","time":"2025-05-18T11:58:38+02:00","message":"Stopping SSE monitoring ....... DONE"}
{"level":"info","time":"2025-05-18T12:00:06+02:00","message":"Logger Initialized & Started"}
{"level":"info","time":"2025-05-18T12:00:13+02:00","message":"Found 1 pool setting for appunit Http_demo"}
{"level":"error","time":"2025-05-18T12:00:15+02:00","message":"Failed to load AgniOne Http_demo - /media/ajith/work/developments/go/AgniOne/Git_Lab2/agnione/apps/units/demohttp.so. plugin.Open(\"/media/ajith/work/developments/go/AgniOne/Git_Lab2/agnione/apps/units/demohttp\"): plugin was built with a different version of package agnione/v2/src/appfm/types"}
{"level":"warn","time":"2025-05-18T12:00:15+02:00","message":"No AgniOne Units loaded"}
{"level":"info","time":"2025-05-18T12:00:22+02:00","message":"starting HTTP monitoring ......"}
{"level":"info","time":"2025-05-18T12:00:33+02:00","message":"HTTP monitoring started on 127.0.0.1:8080"}
{"level":"info","time":"2025-05-18T12:00:58+02:00","message":"Application Framework stopped called......"}
{"level":"info","time":"2025-05-18T12:01:11+02:00","message":"No AppUnits loaded"}
{"level":"info","time":"2025-05-18T12:01:15+02:00","message":"Stopping HTTP monitoring server........"}
{"level":"info","time":"2025-05-18T12:01:25+02:00","message":"Stopping SSE monitoring ........"}
{"level":"info","time":"2025-05-18T12:01:36+02:00","message":"Stopping SSE monitoring ....... DONE"}
{"level":"info","time":"2025-05-18T12:06:36+02:00","message":"Logger Initialized & Started"}
{"level":"info","time":"2025-05-18T12:06:39+02:00","message":"Found 1 pool setting for appunit Http_demo"}
{"level":"error","time":"2025-05-18T12:06:39+02:00","message":"Failed to load AgniOne Http_demo - /media/ajith/work/developments/go/AgniOne/Git_Lab2/agnione/apps/units/demohttp.so. plugin.Open(\"/media/ajith/work/developments/go/AgniOne/Git_Lab2/agnione/apps/units/demohttp\"): plugin was built with a different version of package agnione/v2/src/appfm/types"}
{"level":"warn","time":"2025-05-18T12:06:39+02:00","message":"No AgniOne Units loaded"}
{"level":"info","time":"2025-05-18T12:06:40+02:00","message":"starting HTTP monitoring ......"}
{"level":"info","time":"2025-05-18T12:06:40+02:00","message":"HTTP monitoring started on 127.0.0.1:8080"}
{"level":"info","time":"2025-05-18T12:06:58+02:00","message":"Application Framework stopped called......"}
{"level":"info","time":"2025-05-18T12:06:58+02:00","message":"No AppUnits loaded"}
{"level":"info","time":"2025-05-18T12:06:58+02:00","message":"Stopping HTTP monitoring server........"}
{"level":"info","time":"2025-05-18T12:07:01+02:00","message":"Stopping SSE monitoring ........"}
{"level":"info","time":"2025-05-18T12:07:06+02:00","message":"Stopping SSE monitoring ....... DONE"}
{"level":"info","time":"2025-05-18T12:09:04+02:00","message":"Logger Initialized & Started"}
{"level":"info","time":"2025-05-18T12:09:09+02:00","message":"Found 1 pool setting for appunit Http_demo"}
{"level":"error","time":"2025-05-18T12:09:10+02:00","message":"Failed to load AgniOne Http_demo - /media/ajith/work/developments/go/AgniOne/Git_Lab2/agnione/apps/units/demohttp.so. plugin.Open(\"/media/ajith/work/developments/go/AgniOne/Git_Lab2/agnione/apps/units/demohttp\"): plugin was built with a different version of package agnione/v2/src/appfm/types"}
{"level":"warn","time":"2025-05-18T12:09:10+02:00","message":"No AgniOne Units loaded"}
{"level":"info","time":"2025-05-18T12:09:11+02:00","message":"starting HTTP monitoring ......"}
{"level":"info","time":"2025-05-18T12:09:11+02:00","message":"HTTP monitoring started on 127.0.0.1:8080"}
{"level":"info","time":"2025-05-18T12:09:33+02:00","message":"Application Framework stopped called......"}
{"level":"info","time":"2025-05-18T12:09:33+02:00","message":"No AppUnits loaded"}
{"level":"info","time":"2025-05-18T12:09:33+02:00","message":"Stopping HTTP monitoring server........"}
{"level":"info","time":"2025-05-18T12:09:35+02:00","message":"Stopping SSE monitoring ........"}
{"level":"info","time":"2025-05-18T12:09:37+02:00","message":"Stopping SSE monitoring ....... DONE"}
{"level":"info","time":"2025-05-18T12:10:35+02:00","message":"Logger Initialized & Started"}
{"level":"info","time":"2025-05-18T12:10:38+02:00","message":"Found 1 pool setting for appunit Http_demo"}
{"level":"error","time":"2025-05-18T12:10:38+02:00","message":"Failed to load AgniOne Http_demo - /media/ajith/work/developments/go/AgniOne/Git_Lab2/agnione/apps/units/demohttp.so. plugin.Open(\"/media/ajith/work/developments/go/AgniOne/Git_Lab2/agnione/apps/units/demohttp\"): plugin was built with a different version of package agnione/v2/src/appfm/types"}
{"level":"warn","time":"2025-05-18T12:10:38+02:00","message":"No AgniOne Units loaded"}
{"level":"info","time":"2025-05-18T12:10:39+02:00","message":"starting HTTP monitoring ......"}
{"level":"info","time":"2025-05-18T12:10:39+02:00","message":"HTTP monitoring started on 127.0.0.1:8080"}
{"level":"info","time":"2025-05-18T12:10:54+02:00","message":"Application Framework stopped called......"}
{"level":"info","time":"2025-05-18T12:10:54+02:00","message":"No AppUnits loaded"}
{"level":"info","time":"2025-05-18T12:10:54+02:00","message":"Stopping HTTP monitoring server........"}
{"level":"info","time":"2025-05-18T12:11:03+02:00","message":"Stopping SSE monitoring ........"}
{"level":"info","time":"2025-05-18T12:11:10+02:00","message":"Stopping SSE monitoring ....... DONE"}
{"level":"info","time":"2025-05-18T12:14:36+02:00","message":"Logger Initialized & Started"}
{"level":"info","time":"2025-05-18T12:14:43+02:00","message":"Found 1 pool setting for appunit Http_demo"}
{"level":"error","time":"2025-05-18T12:14:44+02:00","message":"Failed to load AgniOne Http_demo - /media/ajith/work/developments/go/AgniOne/Git_Lab2/agnione/apps/units/demohttp.so. plugin.Open(\"/media/ajith/work/developments/go/AgniOne/Git_Lab2/agnione/apps/units/demohttp\"): plugin was built with a different version of package agnione/v2/src/appfm/types"}
{"level":"warn","time":"2025-05-18T12:14:44+02:00","message":"No AgniOne Units loaded"}
{"level":"info","time":"2025-05-18T12:14:48+02:00","message":"starting HTTP monitoring ......"}
{"level":"info","time":"2025-05-18T12:14:49+02:00","message":"HTTP monitoring started on 127.0.0.1:8080"}
{"level":"info","time":"2025-05-18T12:15:17+02:00","message":"Application Framework stopped called......"}
{"level":"info","time":"2025-05-18T12:15:36+02:00","message":"No AppUnits loaded"}
{"level":"info","time":"2025-05-18T12:15:43+02:00","message":"Stopping HTTP monitoring server........"}
{"level":"info","time":"2025-05-18T12:15:47+02:00","message":"Stopping SSE monitoring ........"}
{"level":"info","time":"2025-05-18T12:15:48+02:00","message":"Stopping SSE monitoring ....... DONE"}
{"level":"info","time":"2025-05-18T12:21:34+02:00","message":"Logger Initialized & Started"}
{"level":"info","time":"2025-05-18T12:21:36+02:00","message":"Found 1 pool setting for appunit Http_demo"}
{"level":"error","time":"2025-05-18T12:21:37+02:00","message":"Failed to load AgniOne Http_demo - /media/ajith/work/developments/go/AgniOne/Git_Lab2/agnione/apps/units/demohttp.so. plugin.Open(\"/media/ajith/work/developments/go/AgniOne/Git_Lab2/agnione/apps/units/demohttp\"): plugin was built with a different version of package agnione/v2/src/appfm/types"}
{"level":"warn","time":"2025-05-18T12:21:37+02:00","message":"No AgniOne Units loaded"}
{"level":"info","time":"2025-05-18T12:21:42+02:00","message":"starting HTTP monitoring ......"}
{"level":"info","time":"2025-05-18T12:21:42+02:00","message":"HTTP monitoring started on 127.0.0.1:8080"}
{"level":"info","time":"2025-05-18T12:22:08+02:00","message":"Application Framework stopped called......"}
{"level":"info","time":"2025-05-18T12:22:09+02:00","message":"No AppUnits loaded"}
{"level":"info","time":"2025-05-18T12:22:09+02:00","message":"Stopping SSE monitoring ........"}
{"level":"info","time":"2025-05-18T12:23:01+02:00","message":"Logger Initialized & Started"}
{"level":"info","time":"2025-05-18T12:23:03+02:00","message":"Found 1 pool setting for appunit Http_demo"}
{"level":"error","time":"2025-05-18T12:23:03+02:00","message":"Failed to load AgniOne Http_demo - /media/ajith/work/developments/go/AgniOne/Git_Lab2/agnione/apps/units/demohttp.so. plugin.Open(\"/media/ajith/work/developments/go/AgniOne/Git_Lab2/agnione/apps/units/demohttp\"): plugin was built with a different version of package agnione/v2/src/appfm/types"}
{"level":"warn","time":"2025-05-18T12:23:03+02:00","message":"No AgniOne Units loaded"}
{"level":"info","time":"2025-05-18T12:23:04+02:00","message":"starting HTTP monitoring ......"}
{"level":"info","time":"2025-05-18T12:23:06+02:00","message":"HTTP monitoring started on 127.0.0.1:8080"}
{"level":"info","time":"2025-05-18T12:24:03+02:00","message":"Application Framework stopped called......"}
{"level":"info","time":"2025-05-18T12:24:25+02:00","message":"No AppUnits loaded"}
{"level":"info","time":"2025-05-18T12:24:30+02:00","message":"Stopping SSE monitoring ........"}
{"level":"info","time":"2025-05-18T12:26:01+02:00","message":"Logger Initialized & Started"}
{"level":"info","time":"2025-05-18T12:26:06+02:00","message":"Found 1 pool setting for appunit Http_demo"}
{"level":"error","time":"2025-05-18T12:26:06+02:00","message":"Failed to load AgniOne Http_demo - /media/ajith/work/developments/go/AgniOne/Git_Lab2/agnione/apps/units/demohttp.so. plugin.Open(\"/media/ajith/work/developments/go/AgniOne/Git_Lab2/agnione/apps/units/demohttp\"): plugin was built with a different version of package agnione/v2/src/appfm/types"}
{"level":"warn","time":"2025-05-18T12:26:06+02:00","message":"No AgniOne Units loaded"}
{"level":"info","time":"2025-05-18T12:26:07+02:00","message":"starting HTTP monitoring ......"}
{"level":"info","time":"2025-05-18T12:26:10+02:00","message":"HTTP monitoring started on 127.0.0.1:8080"}
{"level":"info","time":"2025-05-18T12:26:46+02:00","message":"Application Framework stopped called......"}
{"level":"info","time":"2025-05-18T12:27:08+02:00","message":"No AppUnits loaded"}
{"level":"info","time":"2025-05-18T12:27:10+02:00","message":"Stopping SSE monitoring ........"}
{"level":"info","time":"2025-05-18T12:27:27+02:00","message":"Stopping SSE monitoring ....... DONE"}
{"level":"info","time":"2025-05-18T12:27:27+02:00","message":"Stopping HTTP monitoring server........"}
{"level":"info","time":"2025-05-18T12:27:27+02:00","message":"Stopping HTTP monitoring server........ DONE"}
{"level":"info","time":"2025-05-18T12:27:27+02:00","message":"Application Framework stopped called........ DONE"}
{"level":"info","time":"2025-05-18T12:28:14+02:00","message":"Logger Initialized & Started"}
{"level":"info","time":"2025-05-18T12:28:18+02:00","message":"Found 1 pool setting for appunit Http_demo"}
{"level":"error","time":"2025-05-18T12:28:18+02:00","message":"Failed to load AgniOne Http_demo - /media/ajith/work/developments/go/AgniOne/Git_Lab2/agnione/apps/units/demohttp.so. plugin.Open(\"/media/ajith/work/developments/go/AgniOne/Git_Lab2/agnione/apps/units/demohttp\"): plugin was built with a different version of package agnione/v2/src/appfm/types"}
{"level":"warn","time":"2025-05-18T12:28:18+02:00","message":"No AgniOne Units loaded"}
{"level":"info","time":"2025-05-18T12:28:19+02:00","message":"starting HTTP monitoring ......"}
{"level":"info","time":"2025-05-18T12:28:20+02:00","message":"HTTP monitoring started on 127.0.0.1:8080"}
{"level":"info","time":"2025-05-18T12:28:21+02:00","message":"broadcasting log messages via SSE started"}
{"level":"info","time":"2025-05-18T12:28:39+02:00","message":"Application Framework stopped called......"}
{"level":"info","time":"2025-05-18T12:28:44+02:00","message":"No AppUnits loaded"}
{"level":"info","time":"2025-05-18T12:28:52+02:00","message":"Stopping SSE monitoring ........"}
{"level":"info","time":"2025-05-18T12:28:54+02:00","message":"Stopping SSE monitoring ....... DONE"}
{"level":"info","time":"2025-05-18T12:28:55+02:00","message":"Stopping HTTP monitoring server........"}
{"level":"info","time":"2025-05-18T12:28:56+02:00","message":"Stopping HTTP monitoring server........ DONE"}
{"level":"info","time":"2025-05-18T12:28:58+02:00","message":"Application Framework stopped called........ DONE"}
{"level":"info","time":"2025-05-18T12:32:25+02:00","message":"Logger Initialized & Started"}
{"level":"info","time":"2025-05-18T12:32:25+02:00","message":"Found 1 pool setting for appunit Http_demo"}
{"level":"error","time":"2025-05-18T12:32:26+02:00","message":"Failed to load AgniOne Http_demo - /media/ajith/work/developments/go/AgniOne/Git_Lab2/agnione/apps/units/demohttp.so. plugin.Open(\"/media/ajith/work/developments/go/AgniOne/Git_Lab2/agnione/apps/units/demohttp\"): plugin was built with a different version of package agnione/v2/src/appfm/types"}
{"level":"warn","time":"2025-05-18T12:32:26+02:00","message":"No AgniOne Units loaded"}
{"level":"info","time":"2025-05-18T12:32:27+02:00","message":"starting HTTP monitoring ......"}
{"level":"info","time":"2025-05-18T12:32:29+02:00","message":"HTTP monitoring started on 127.0.0.1:8080"}
{"level":"info","time":"2025-05-18T12:32:30+02:00","message":"broadcasting log messages via SSE started"}
{"level":"info","time":"2025-05-18T12:32:43+02:00","message":"Application Framework stopped called......"}
{"level":"info","time":"2025-05-18T12:32:48+02:00","message":"No AppUnits loaded"}
{"level":"info","time":"2025-05-18T12:32:48+02:00","message":"Stopping SSE monitoring ........"}
{"level":"info","time":"2025-05-18T12:32:53+02:00","message":"Stopping SSE monitoring ....... DONE"}
{"level":"info","time":"2025-05-18T12:32:54+02:00","message":"Stopping HTTP monitoring server........"}
{"level":"info","time":"2025-05-18T12:32:55+02:00","message":"Stopping HTTP monitoring server........ DONE"}
{"level":"info","time":"2025-05-18T12:32:59+02:00","message":"Application Framework stopped called........ DONE"}
{"level":"info","time":"2025-05-18T12:35:56+02:00","message":"Logger Initialized & Started"}
{"level":"info","time":"2025-05-18T12:35:56+02:00","message":"Found 1 pool setting for appunit Http_demo"}
{"level":"error","time":"2025-05-18T12:35:56+02:00","message":"Failed to load AgniOne Http_demo - /media/ajith/work/developments/go/AgniOne/Git_Lab2/agnione/apps/units/demohttp.so. plugin.Open(\"/media/ajith/work/developments/go/AgniOne/Git_Lab2/agnione/apps/units/demohttp\"): plugin was built with a different version of package agnione/v2/src/appfm/types"}
{"level":"warn","time":"2025-05-18T12:35:56+02:00","message":"No AgniOne Units loaded"}
{"level":"info","time":"2025-05-18T12:35:57+02:00","message":"starting HTTP monitoring ......"}
{"level":"info","time":"2025-05-18T12:35:57+02:00","message":"HTTP monitoring started on 127.0.0.1:8080"}
{"level":"info","time":"2025-05-18T12:35:59+02:00","message":"broadcasting log messages via SSE started"}
{"level":"info","time":"2025-05-18T12:36:14+02:00","message":"Application Framework stopped called......"}
{"level":"info","time":"2025-05-18T12:36:16+02:00","message":"No AppUnits loaded"}
{"level":"info","time":"2025-05-18T12:36:19+02:00","message":"Stopping SSE monitoring ........"}
{"level":"info","time":"2025-05-18T12:36:26+02:00","message":"Stopping SSE monitoring ....... DONE"}
{"level":"info","time":"2025-05-18T12:36:28+02:00","message":"Stopping HTTP monitoring server........"}
{"level":"info","time":"2025-05-18T12:36:34+02:00","message":"Stopping HTTP monitoring server........ DONE"}
{"level":"info","time":"2025-05-18T12:36:35+02:00","message":"Application Framework stopped called........ DONE"}
{"level":"info","time":"2025-05-18T12:40:09+02:00","message":"Logger Initialized & Started"}
{"level":"info","time":"2025-05-18T12:40:09+02:00","message":"Found 1 pool setting for appunit Http_demo"}
{"level":"error","time":"2025-05-18T12:40:09+02:00","message":"Failed to load AgniOne Http_demo - /media/ajith/work/developments/go/AgniOne/Git_Lab2/agnione/apps/units/demohttp.so. plugin.Open(\"/media/ajith/work/developments/go/AgniOne/Git_Lab2/agnione/apps/units/demohttp\"): plugin was built with a different version of package agnione/v2/src/appfm/types"}
{"level":"warn","time":"2025-05-18T12:40:09+02:00","message":"No AgniOne Units loaded"}
{"level":"info","time":"2025-05-18T12:40:10+02:00","message":"starting HTTP monitoring ......"}
{"level":"info","time":"2025-05-18T12:40:10+02:00","message":"HTTP monitoring started on 127.0.0.1:8080"}
{"level":"info","time":"2025-05-18T12:40:13+02:00","message":"broadcasting log messages via SSE started"}
{"level":"info","time":"2025-05-18T12:40:47+02:00","message":"Application Framework stopped called......"}
{"level":"info","time":"2025-05-18T12:40:47+02:00","message":"No AppUnits loaded"}
{"level":"info","time":"2025-05-18T12:40:47+02:00","message":"Stopping SSE monitoring ........"}
{"level":"info","time":"2025-05-18T12:40:52+02:00","message":"Stopping SSE monitoring ....... DONE"}
{"level":"info","time":"2025-05-18T12:40:52+02:00","message":"Stopping HTTP monitoring server........"}
{"level":"info","time":"2025-05-18T12:40:53+02:00","message":"Stopping HTTP monitoring server........ DONE"}
{"level":"info","time":"2025-05-18T12:40:55+02:00","message":"Application Framework stopped called........ DONE"}
{"level":"info","time":"2025-05-18T12:42:47+02:00","message":"Logger Initialized & Started"}
{"level":"info","time":"2025-05-18T12:42:50+02:00","message":"Found 1 pool setting for appunit Http_demo"}
{"level":"error","time":"2025-05-18T12:42:51+02:00","message":"Failed to load AgniOne Http_demo - /media/ajith/work/developments/go/AgniOne/Git_Lab2/agnione/apps/units/demohttp.so. plugin.Open(\"/media/ajith/work/developments/go/AgniOne/Git_Lab2/agnione/apps/units/demohttp\"): plugin was built with a different version of package agnione/v2/src/appfm/types"}
{"level":"warn","time":"2025-05-18T12:42:51+02:00","message":"No AgniOne Units loaded"}
{"level":"info","time":"2025-05-18T12:42:53+02:00","message":"starting HTTP monitoring ......"}
{"level":"info","time":"2025-05-18T12:42:53+02:00","message":"HTTP monitoring started on 127.0.0.1:8080"}
{"level":"info","time":"2025-05-18T12:42:57+02:00","message":"broadcasting log messages via SSE started"}
{"level":"info","time":"2025-05-18T12:43:19+02:00","message":"Application Framework stopped called......"}
{"level":"info","time":"2025-05-18T12:43:24+02:00","message":"No AppUnits loaded"}
{"level":"info","time":"2025-05-18T12:43:24+02:00","message":"Stopping SSE monitoring ........"}
{"level":"info","time":"2025-05-18T12:43:28+02:00","message":"Stopping SSE monitoring ....... DONE"}
{"level":"info","time":"2025-05-18T12:43:29+02:00","message":"Stopping HTTP monitoring server........"}
{"level":"info","time":"2025-05-18T12:43:34+02:00","message":"Stopping HTTP monitoring server........ DONE"}
{"level":"info","time":"2025-05-18T12:43:34+02:00","message":"Application Framework stopped called........ DONE"}
{"level":"info","time":"2025-05-18T12:49:30+02:00","message":"Logger Initialized & Started"}
{"level":"info","time":"2025-05-18T12:49:32+02:00","message":"Found 1 pool setting for appunit Http_demo"}
{"level":"error","time":"2025-05-18T12:49:33+02:00","message":"Failed to load AgniOne Http_demo - /media/ajith/work/developments/go/AgniOne/Git_Lab2/agnione/apps/units/demohttp.so. plugin.Open(\"/media/ajith/work/developments/go/AgniOne/Git_Lab2/agnione/apps/units/demohttp\"): plugin was built with a different version of package agnione/v2/src/appfm/types"}
{"level":"warn","time":"2025-05-18T12:49:33+02:00","message":"No AgniOne Units loaded"}
{"level":"info","time":"2025-05-18T12:49:35+02:00","message":"starting HTTP monitoring ......"}
{"level":"info","time":"2025-05-18T12:49:37+02:00","message":"HTTP monitoring started on 127.0.0.1:8080"}
{"level":"info","time":"2025-05-18T12:49:40+02:00","message":"broadcasting log messages via SSE started"}
{"level":"info","time":"2025-05-18T12:50:05+02:00","message":"Application Framework stopped called......"}
{"level":"info","time":"2025-05-18T12:50:05+02:00","message":"No AppUnits loaded"}
{"level":"info","time":"2025-05-18T12:50:12+02:00","message":"Stopping SSE monitoring ........"}
{"level":"info","time":"2025-05-18T12:50:26+02:00","message":"Stopping SSE monitoring ....... DONE"}
{"level":"info","time":"2025-05-18T12:50:34+02:00","message":"Stopping HTTP monitoring server........"}
{"level":"info","time":"2025-05-18T12:50:47+02:00","message":"Stopping HTTP monitoring server........ DONE"}
{"level":"info","time":"2025-05-18T12:50:54+02:00","message":"Application Framework stopped called........ DONE"}
{"level":"info","time":"2025-05-18T12:52:31+02:00","message":"Logger Initialized & Started"}
{"level":"info","time":"2025-05-18T12:52:31+02:00","message":"Found 1 pool setting for appunit Http_demo"}
{"level":"error","time":"2025-05-18T12:52:31+02:00","message":"Failed to load AgniOne Http_demo - /media/ajith/work/developments/go/AgniOne/Git_Lab2/agnione/apps/units/demohttp.so. plugin.Open(\"/media/ajith/work/developments/go/AgniOne/Git_Lab2/agnione/apps/units/demohttp\"): plugin was built with a different version of package internal/abi"}
{"level":"warn","time":"2025-05-18T12:52:31+02:00","message":"No AgniOne Units loaded"}
{"level":"info","time":"2025-05-18T12:52:32+02:00","message":"starting HTTP monitoring ......"}
{"level":"info","time":"2025-05-18T12:52:32+02:00","message":"HTTP monitoring started on 127.0.0.1:8080"}
{"level":"info","time":"2025-05-18T12:52:34+02:00","message":"broadcasting log messages via SSE started"}
{"level":"info","time":"2025-05-18T12:52:59+02:00","message":"Logger Initialized & Started"}
{"level":"info","time":"2025-05-18T12:52:59+02:00","message":"Found 1 pool setting for appunit Http_demo"}
{"level":"error","time":"2025-05-18T12:52:59+02:00","message":"Failed to load AgniOne Http_demo - /media/ajith/work/developments/go/AgniOne/Git_Lab2/agnione/apps/units/demohttp.so. plugin.Open(\"/media/ajith/work/developments/go/AgniOne/Git_Lab2/agnione/apps/units/demohttp\"): plugin was built with a different version of package internal/abi"}
{"level":"warn","time":"2025-05-18T12:52:59+02:00","message":"No AgniOne Units loaded"}
{"level":"info","time":"2025-05-18T12:53:00+02:00","message":"starting HTTP monitoring ......"}
{"level":"info","time":"2025-05-18T12:53:00+02:00","message":"HTTP monitoring started on 127.0.0.1:8080"}
{"level":"info","time":"2025-05-18T12:53:02+02:00","message":"broadcasting log messages via SSE started"}
{"level":"info","time":"2025-05-18T12:53:51+02:00","message":"Logger Initialized & Started"}
{"level":"info","time":"2025-05-18T12:53:51+02:00","message":"Found 1 pool setting for appunit Http_demo"}
{"level":"error","time":"2025-05-18T12:53:51+02:00","message":"Failed to load AgniOne Http_demo - /media/ajith/work/developments/go/AgniOne/Git_Lab2/agnione/apps/units/demohttp.so. plugin.Open(\"/media/ajith/work/developments/go/AgniOne/Git_Lab2/agnione/apps/units/demohttp\"): plugin was built with a different version of package internal/abi"}
{"level":"warn","time":"2025-05-18T12:53:51+02:00","message":"No AgniOne Units loaded"}
{"level":"info","time":"2025-05-18T12:53:52+02:00","message":"starting HTTP monitoring ......"}
{"level":"info","time":"2025-05-18T12:53:52+02:00","message":"HTTP monitoring started on 127.0.0.1:8080"}
{"level":"info","time":"2025-05-18T12:53:54+02:00","message":"broadcasting log messages via SSE started"}
{"level":"info","time":"2025-05-18T12:53:57+02:00","message":"Application Framework stopped called......"}
{"level":"info","time":"2025-05-18T12:53:57+02:00","message":"No AppUnits loaded"}
{"level":"info","time":"2025-05-18T12:53:57+02:00","message":"Stopping SSE monitoring ........"}
{"level":"info","time":"2025-05-18T12:53:59+02:00","message":"Stopping SSE monitoring ....... DONE"}
{"level":"info","time":"2025-05-18T12:53:59+02:00","message":"Stopping HTTP monitoring server........"}
{"level":"info","time":"2025-05-18T12:53:59+02:00","message":"Stopping HTTP monitoring server........ DONE"}
{"level":"info","time":"2025-05-18T12:53:59+02:00","message":"Application Framework stopped called........ DONE"}
{"level":"info","time":"2025-05-18T12:54:10+02:00","message":"Logger Initialized & Started"}
{"level":"info","time":"2025-05-18T12:54:10+02:00","message":"Found 1 pool setting for appunit Http_demo"}
{"level":"error","time":"2025-05-18T12:54:10+02:00","message":"Failed to load AgniOne Http_demo - /media/ajith/work/developments/go/AgniOne/Git_Lab2/agnione/apps/units/demohttp.so. plugin.Open(\"/media/ajith/work/developments/go/AgniOne/Git_Lab2/agnione/apps/units/demohttp\"): plugin was built with a different version of package internal/abi"}
{"level":"warn","time":"2025-05-18T12:54:10+02:00","message":"No AgniOne Units loaded"}
{"level":"info","time":"2025-05-18T12:54:11+02:00","message":"starting HTTP monitoring ......"}
{"level":"info","time":"2025-05-18T12:54:11+02:00","message":"HTTP monitoring started on 127.0.0.1:8080"}
{"level":"info","time":"2025-05-18T12:54:13+02:00","message":"broadcasting log messages via SSE started"}
{"level":"info","time":"2025-05-18T12:56:14+02:00","message":"Application Framework stopped called......"}
{"level":"info","time":"2025-05-18T12:56:14+02:00","message":"No AppUnits loaded"}
{"level":"info","time":"2025-05-18T12:56:14+02:00","message":"Stopping SSE monitoring ........"}
{"level":"info","time":"2025-05-18T12:56:16+02:00","message":"Stopping SSE monitoring ....... DONE"}
{"level":"info","time":"2025-05-18T12:56:16+02:00","message":"Stopping HTTP monitoring server........"}
{"level":"info","time":"2025-05-18T12:56:42+02:00","message":"Logger Initialized & Started"}
{"level":"info","time":"2025-05-18T12:56:42+02:00","message":"Found 1 pool setting for appunit Http_demo"}
{"level":"error","time":"2025-05-18T12:56:42+02:00","message":"Failed to load AgniOne Http_demo - /media/ajith/work/developments/go/AgniOne/Git_Lab2/agnione/apps/units/demohttp.so. plugin.Open(\"/media/ajith/work/developments/go/AgniOne/Git_Lab2/agnione/apps/units/demohttp\"): plugin was built with a different version of package internal/abi"}
{"level":"warn","time":"2025-05-18T12:56:42+02:00","message":"No AgniOne Units loaded"}
{"level":"info","time":"2025-05-18T12:56:43+02:00","message":"starting HTTP monitoring ......"}
{"level":"info","time":"2025-05-18T12:56:43+02:00","message":"HTTP monitoring started on 127.0.0.1:8080"}
{"level":"info","time":"2025-05-18T12:56:45+02:00","message":"broadcasting log messages via SSE started"}
{"level":"info","time":"2025-05-18T12:56:45+02:00","message":"broadcasting event messages via SSE started"}
{"level":"info","time":"2025-05-18T12:56:45+02:00","message":"broadcasting status via SSE started"}
{"level":"info","time":"2025-05-18T12:57:25+02:00","message":"Application Framework stopped called......"}
{"level":"info","time":"2025-05-18T12:57:25+02:00","message":"No AppUnits loaded"}
{"level":"info","time":"2025-05-18T12:57:25+02:00","message":"Stopping SSE monitoring ........"}
{"level":"info","time":"2025-05-18T12:57:27+02:00","message":"Stopping SSE monitoring ....... DONE"}
{"level":"info","time":"2025-05-18T12:57:27+02:00","message":"Stopping HTTP monitoring server........"}
{"level":"info","time":"2025-05-18T12:57:54+02:00","message":"Logger Initialized & Started"}
{"level":"info","time":"2025-05-18T12:57:56+02:00","message":"Found 1 pool setting for appunit Http_demo"}
{"level":"error","time":"2025-05-18T12:58:01+02:00","message":"Failed to load AgniOne Http_demo - /media/ajith/work/developments/go/AgniOne/Git_Lab2/agnione/apps/units/demohttp.so. plugin.Open(\"/media/ajith/work/developments/go/AgniOne/Git_Lab2/agnione/apps/units/demohttp\"): plugin was built with a different version of package agnione/v2/src/appfm/types"}
{"level":"warn","time":"2025-05-18T12:58:01+02:00","message":"No AgniOne Units loaded"}
{"level":"info","time":"2025-05-18T12:58:02+02:00","message":"starting HTTP monitoring ......"}
{"level":"info","time":"2025-05-18T12:58:02+02:00","message":"HTTP monitoring started on 127.0.0.1:8080"}
{"level":"info","time":"2025-05-18T12:58:04+02:00","message":"broadcasting event messages via SSE started"}
{"level":"info","time":"2025-05-18T12:58:04+02:00","message":"broadcasting status via SSE started"}
{"level":"info","time":"2025-05-18T12:58:04+02:00","message":"broadcasting log messages via SSE started"}
{"level":"info","time":"2025-05-18T12:58:44+02:00","message":"Logger Initialized & Started"}
{"level":"info","time":"2025-05-18T12:58:44+02:00","message":"Found 1 pool setting for appunit Http_demo"}
{"level":"error","time":"2025-05-18T12:58:44+02:00","message":"Failed to load AgniOne Http_demo - /media/ajith/work/developments/go/AgniOne/Git_Lab2/agnione/apps/units/demohttp.so. plugin.Open(\"/media/ajith/work/developments/go/AgniOne/Git_Lab2/agnione/apps/units/demohttp\"): plugin was built with a different version of package agnione/v2/src/appfm/types"}
{"level":"warn","time":"2025-05-18T12:58:44+02:00","message":"No AgniOne Units loaded"}
{"level":"info","time":"2025-05-18T12:58:45+02:00","message":"starting HTTP monitoring ......"}
{"level":"info","time":"2025-05-18T12:58:45+02:00","message":"HTTP monitoring started on 127.0.0.1:8080"}
{"level":"info","time":"2025-05-18T12:58:47+02:00","message":"broadcasting event messages via SSE started"}
{"level":"info","time":"2025-05-18T12:58:47+02:00","message":"broadcasting log messages via SSE started"}
{"level":"info","time":"2025-05-18T12:58:54+02:00","message":"broadcasting status via SSE started"}
{"level":"info","time":"2025-05-18T12:59:14+02:00","message":"Logger Initialized & Started"}
{"level":"info","time":"2025-05-18T12:59:14+02:00","message":"Found 1 pool setting for appunit Http_demo"}
{"level":"error","time":"2025-05-18T12:59:15+02:00","message":"Failed to load AgniOne Http_demo - /media/ajith/work/developments/go/AgniOne/Git_Lab2/agnione/apps/units/demohttp.so. plugin.Open(\"/media/ajith/work/developments/go/AgniOne/Git_Lab2/agnione/apps/units/demohttp\"): plugin was built with a different version of package agnione/v2/src/appfm/types"}
{"level":"warn","time":"2025-05-18T12:59:15+02:00","message":"No AgniOne Units loaded"}
{"level":"info","time":"2025-05-18T12:59:16+02:00","message":"starting HTTP monitoring ......"}
{"level":"info","time":"2025-05-18T12:59:16+02:00","message":"HTTP monitoring started on 127.0.0.1:8080"}
{"level":"info","time":"2025-05-18T12:59:18+02:00","message":"broadcasting event messages via SSE started"}
{"level":"info","time":"2025-05-18T12:59:21+02:00","message":"broadcasting log messages via SSE started"}
{"level":"info","time":"2025-05-18T12:59:21+02:00","message":"broadcasting status via SSE started"}
{"level":"info","time":"2025-05-18T13:00:24+02:00","message":"Application Framework stopped called......"}
{"level":"info","time":"2025-05-18T13:00:24+02:00","message":"No AppUnits loaded"}
{"level":"info","time":"2025-05-18T13:00:24+02:00","message":"Stopping SSE monitoring ........"}
{"level":"info","time":"2025-05-18T13:00:33+02:00","message":"Stopping SSE monitoring ....... DONE"}
{"level":"info","time":"2025-05-18T13:00:33+02:00","message":"stopping the status broadcasting SSE"}
{"level":"info","time":"2025-05-18T13:00:33+02:00","message":"broadcasting status via SSE stopped"}
{"level":"info","time":"2025-05-18T13:00:34+02:00","message":"Stopping HTTP monitoring server........"}
{"level":"info","time":"2025-05-18T13:01:40+02:00","message":"Logger Initialized & Started"}
{"level":"info","time":"2025-05-18T13:01:40+02:00","message":"Found 1 pool setting for appunit Http_demo"}
{"level":"error","time":"2025-05-18T13:01:40+02:00","message":"Failed to load AgniOne Http_demo - /media/ajith/work/developments/go/AgniOne/Git_Lab2/agnione/apps/units/demohttp.so. plugin.Open(\"/media/ajith/work/developments/go/AgniOne/Git_Lab2/agnione/apps/units/demohttp\"): plugin was built with a different version of package agnione/v2/src/appfm/types"}
{"level":"warn","time":"2025-05-18T13:01:40+02:00","message":"No AgniOne Units loaded"}
{"level":"info","time":"2025-05-18T13:01:41+02:00","message":"starting HTTP monitoring ......"}
{"level":"info","time":"2025-05-18T13:01:41+02:00","message":"HTTP monitoring started on 127.0.0.1:8080"}
{"level":"info","time":"2025-05-18T13:01:43+02:00","message":"broadcasting event messages via SSE started"}
{"level":"info","time":"2025-05-18T13:01:43+02:00","message":"broadcasting status via SSE started"}
{"level":"info","time":"2025-05-18T13:01:43+02:00","message":"broadcasting log messages via SSE started"}
{"level":"info","time":"2025-05-18T13:02:04+02:00","message":"Application Framework stopped called......"}
{"level":"info","time":"2025-05-18T13:02:04+02:00","message":"No AppUnits loaded"}
{"level":"info","time":"2025-05-18T13:02:04+02:00","message":"Stopping SSE monitoring ........"}
{"level":"info","time":"2025-05-18T13:02:10+02:00","message":"Stopping SSE monitoring ....... DONE"}
{"level":"info","time":"2025-05-18T13:02:10+02:00","message":"Stopping HTTP monitoring server........"}
{"level":"info","time":"2025-05-18T13:02:13+02:00","message":"stopping the status broadcasting SSE"}
{"level":"info","time":"2025-05-18T13:02:13+02:00","message":"broadcasting status via SSE stopped"}
{"level":"info","time":"2025-05-18T13:02:30+02:00","message":"Stopping HTTP monitoring server........ DONE"}
{"level":"info","time":"2025-05-18T13:04:22+02:00","message":"Logger Initialized & Started"}
{"level":"info","time":"2025-05-18T13:04:22+02:00","message":"Found 1 pool setting for appunit Http_demo"}
{"level":"error","time":"2025-05-18T13:04:22+02:00","message":"Failed to load AgniOne Http_demo - /media/ajith/work/developments/go/AgniOne/Git_Lab2/agnione/apps/units/demohttp.so. plugin.Open(\"/media/ajith/work/developments/go/AgniOne/Git_Lab2/agnione/apps/units/demohttp\"): plugin was built with a different version of package agnione/v2/src/appfm/types"}
{"level":"warn","time":"2025-05-18T13:04:22+02:00","message":"No AgniOne Units loaded"}
{"level":"info","time":"2025-05-18T13:04:23+02:00","message":"starting HTTP monitoring ......"}
{"level":"info","time":"2025-05-18T13:04:23+02:00","message":"HTTP monitoring started on 127.0.0.1:8080"}
{"level":"info","time":"2025-05-18T13:04:25+02:00","message":"broadcasting log messages via SSE started"}
{"level":"info","time":"2025-05-18T13:04:25+02:00","message":"broadcasting event messages via SSE started"}
{"level":"info","time":"2025-05-18T13:04:25+02:00","message":"broadcasting status via SSE started"}
{"level":"info","time":"2025-05-18T13:04:42+02:00","message":"Application Framework stopped called......"}
{"level":"info","time":"2025-05-18T13:04:42+02:00","message":"No AppUnits loaded"}
{"level":"info","time":"2025-05-18T13:04:42+02:00","message":"Stopping SSE monitoring ........"}
{"level":"info","time":"2025-05-18T13:04:49+02:00","message":"Stopping SSE monitoring ....... DONE"}
{"level":"info","time":"2025-05-18T13:04:49+02:00","message":"Stopping HTTP monitoring server........"}
{"level":"info","time":"2025-05-18T13:04:50+02:00","message":"stopping the status broadcasting SSE"}
{"level":"info","time":"2025-05-18T13:04:50+02:00","message":"broadcasting status via SSE stopped"}
{"level":"info","time":"2025-05-18T13:06:58+02:00","message":"Logger Initialized & Started"}
{"level":"info","time":"2025-05-18T13:06:58+02:00","message":"Found 1 pool setting for appunit Http_demo"}
{"level":"error","time":"2025-05-18T13:06:58+02:00","message":"Failed to load AgniOne Http_demo - /media/ajith/work/developments/go/AgniOne/Git_Lab2/agnione/apps/units/demohttp.so. plugin.Open(\"/media/ajith/work/developments/go/AgniOne/Git_Lab2/agnione/apps/units/demohttp\"): plugin was built with a different version of package agnione/v2/src/appfm/types"}
{"level":"warn","time":"2025-05-18T13:06:58+02:00","message":"No AgniOne Units loaded"}
{"level":"info","time":"2025-05-18T13:06:59+02:00","message":"starting HTTP monitoring ......"}
{"level":"info","time":"2025-05-18T13:06:59+02:00","message":"HTTP monitoring started on 127.0.0.1:8080"}
{"level":"info","time":"2025-05-18T13:07:01+02:00","message":"broadcasting status via SSE started"}
{"level":"info","time":"2025-05-18T13:07:01+02:00","message":"broadcasting event messages via SSE started"}
{"level":"info","time":"2025-05-18T13:07:01+02:00","message":"broadcasting log messages via SSE started"}
{"level":"info","time":"2025-05-18T13:07:21+02:00","message":"Application Framework stopped called......"}
{"level":"info","time":"2025-05-18T13:07:21+02:00","message":"No AppUnits loaded"}
{"level":"info","time":"2025-05-18T13:07:21+02:00","message":"Stopping SSE monitoring ........"}
{"level":"info","time":"2025-05-18T13:07:25+02:00","message":"Stopping SSE monitoring ....... DONE"}
{"level":"info","time":"2025-05-18T13:07:26+02:00","message":"Stopping HTTP monitoring server........"}
{"level":"info","time":"2025-05-18T13:07:26+02:00","message":"stopping the status broadcasting SSE"}
{"level":"info","time":"2025-05-18T13:07:26+02:00","message":"broadcasting status via SSE stopped"}
{"level":"info","time":"2025-05-18T13:07:42+02:00","message":"Stopping HTTP monitoring server........ DONE"}
{"level":"info","time":"2025-05-18T13:08:21+02:00","message":"Logger Initialized & Started"}
{"level":"info","time":"2025-05-18T13:08:21+02:00","message":"Found 1 pool setting for appunit Http_demo"}
{"level":"error","time":"2025-05-18T13:08:21+02:00","message":"Failed to load AgniOne Http_demo - /media/ajith/work/developments/go/AgniOne/Git_Lab2/agnione/apps/units/demohttp.so. plugin.Open(\"/media/ajith/work/developments/go/AgniOne/Git_Lab2/agnione/apps/units/demohttp\"): plugin was built with a different version of package internal/abi"}
{"level":"warn","time":"2025-05-18T13:08:21+02:00","message":"No AgniOne Units loaded"}
{"level":"info","time":"2025-05-18T13:08:22+02:00","message":"starting HTTP monitoring ......"}
{"level":"info","time":"2025-05-18T13:08:22+02:00","message":"HTTP monitoring started on 127.0.0.1:8080"}
{"level":"info","time":"2025-05-18T13:08:24+02:00","message":"broadcasting event messages via SSE started"}
{"level":"info","time":"2025-05-18T13:08:24+02:00","message":"broadcasting log messages via SSE started"}
{"level":"info","time":"2025-05-18T13:08:24+02:00","message":"broadcasting status via SSE started"}
{"level":"info","time":"2025-05-18T13:08:52+02:00","message":"Application Framework stopped called......"}
{"level":"info","time":"2025-05-18T13:08:52+02:00","message":"No AppUnits loaded"}
{"level":"info","time":"2025-05-18T13:08:52+02:00","message":"Stopping SSE monitoring ........"}
{"level":"info","time":"2025-05-18T13:08:52+02:00","message":"Stopping SSE monitoring ....... DONE"}
{"level":"info","time":"2025-05-18T13:08:52+02:00","message":"Stopping HTTP monitoring server........"}
{"level":"info","time":"2025-05-18T13:08:54+02:00","message":"stopping the status broadcasting SSE"}
{"level":"info","time":"2025-05-18T13:08:54+02:00","message":"broadcasting status via SSE stopped"}
{"level":"info","time":"2025-05-18T13:09:02+02:00","message":"Stopping HTTP monitoring server........ DONE"}
{"level":"info","time":"2025-05-18T13:09:02+02:00","message":"Application Framework stopped called........ DONE"}
{"level":"info","time":"2025-05-18T13:13:07+02:00","message":"Logger Initialized & Started"}
{"level":"info","time":"2025-05-18T13:13:07+02:00","message":"Found 1 pool setting for appunit Http_demo"}
{"level":"error","time":"2025-05-18T13:13:07+02:00","message":"Failed to load AgniOne Http_demo - /media/ajith/work/developments/go/AgniOne/Git_Lab2/agnione/apps/units/demohttp.so. plugin.Open(\"/media/ajith/work/developments/go/AgniOne/Git_Lab2/agnione/apps/units/demohttp\"): plugin was built with a different version of package internal/abi"}
{"level":"warn","time":"2025-05-18T13:13:07+02:00","message":"No AgniOne Units loaded"}
{"level":"info","time":"2025-05-18T13:13:08+02:00","message":"starting HTTP monitoring ......"}
{"level":"info","time":"2025-05-18T13:13:08+02:00","message":"HTTP monitoring started on 127.0.0.1:8080"}
{"level":"info","time":"2025-05-18T13:13:10+02:00","message":"broadcasting event messages via SSE started"}
{"level":"info","time":"2025-05-18T13:13:10+02:00","message":"broadcasting log messages via SSE started"}
{"level":"info","time":"2025-05-18T13:13:10+02:00","message":"broadcasting status via SSE started"}
{"level":"info","time":"2025-05-18T13:13:37+02:00","message":"Application Framework stopped called......"}
{"level":"info","time":"2025-05-18T13:13:37+02:00","message":"No AppUnits loaded"}
{"level":"info","time":"2025-05-18T13:13:37+02:00","message":"Stopping SSE monitoring ........"}
{"level":"info","time":"2025-05-18T13:13:37+02:00","message":"Stopping SSE monitoring ....... DONE"}
{"level":"info","time":"2025-05-18T13:13:37+02:00","message":"Stopping HTTP monitoring server........"}
{"level":"info","time":"2025-05-18T13:13:40+02:00","message":"stopping the status broadcasting SSE"}
{"level":"info","time":"2025-05-18T13:13:40+02:00","message":"broadcasting status via SSE stopped"}
{"level":"info","time":"2025-05-18T13:13:42+02:00","message":"Stopping HTTP monitoring server........ DONE"}
{"level":"info","time":"2025-05-18T13:13:42+02:00","message":"Application Framework stopped called........ DONE"}
{"level":"info","time":"2025-05-18T13:17:21+02:00","message":"Logger Initialized & Started"}
{"level":"info","time":"2025-05-18T13:17:21+02:00","message":"Found 1 pool setting for appunit Http_demo"}
{"level":"error","time":"2025-05-18T13:17:21+02:00","message":"Failed to load AgniOne Http_demo - /media/ajith/work/developments/go/AgniOne/Git_Lab2/agnione/apps/units/demohttp.so. plugin.Open(\"/media/ajith/work/developments/go/AgniOne/Git_Lab2/agnione/apps/units/demohttp\"): plugin was built with a different version of package internal/abi"}
{"level":"warn","time":"2025-05-18T13:17:21+02:00","message":"No AgniOne Units loaded"}
{"level":"info","time":"2025-05-18T13:17:22+02:00","message":"starting HTTP monitoring ......"}
{"level":"info","time":"2025-05-18T13:17:22+02:00","message":"HTTP monitoring started on 127.0.0.1:8080"}
{"level":"info","time":"2025-05-18T13:17:24+02:00","message":"broadcasting event messages via SSE started"}
{"level":"info","time":"2025-05-18T13:17:24+02:00","message":"broadcasting log messages via SSE started"}
{"level":"info","time":"2025-05-18T13:17:24+02:00","message":"broadcasting status via SSE started"}
{"level":"info","time":"2025-05-18T13:18:04+02:00","message":"Application Framework stopped called......"}
{"level":"info","time":"2025-05-18T13:18:04+02:00","message":"No AppUnits loaded"}
{"level":"info","time":"2025-05-18T13:18:04+02:00","message":"Stopping SSE monitoring ........"}
{"level":"info","time":"2025-05-18T13:18:04+02:00","message":"Stopping SSE monitoring ....... DONE"}
{"level":"info","time":"2025-05-18T13:18:04+02:00","message":"Stopping HTTP monitoring server........"}
{"level":"info","time":"2025-05-18T13:18:09+02:00","message":"stopping the status broadcasting SSE"}
{"level":"info","time":"2025-05-18T13:18:09+02:00","message":"broadcasting status via SSE stopped"}
{"level":"info","time":"2025-05-18T13:18:09+02:00","message":"Stopping HTTP monitoring server........ DONE"}
{"level":"info","time":"2025-05-18T13:18:09+02:00","message":"Application Framework stopped called........ DONE"}
{"level":"info","time":"2025-05-18T13:23:14+02:00","message":"Logger Initialized & Started"}
{"level":"info","time":"2025-05-18T13:23:14+02:00","message":"Found 1 pool setting for appunit Http_demo"}
{"level":"error","time":"2025-05-18T13:23:14+02:00","message":"Failed to load AgniOne Http_demo - /media/ajith/work/developments/go/AgniOne/Git_Lab2/agnione/apps/units/demohttp.so. plugin.Open(\"/media/ajith/work/developments/go/AgniOne/Git_Lab2/agnione/apps/units/demohttp\"): plugin was built with a different version of package internal/abi"}
{"level":"warn","time":"2025-05-18T13:23:14+02:00","message":"No AgniOne Units loaded"}
{"level":"info","time":"2025-05-18T13:23:15+02:00","message":"starting HTTP monitoring ......"}
{"level":"info","time":"2025-05-18T13:23:15+02:00","message":"HTTP monitoring started on 127.0.0.1:8080"}
{"level":"info","time":"2025-05-18T13:23:17+02:00","message":"broadcasting status via SSE started"}
{"level":"info","time":"2025-05-18T13:23:17+02:00","message":"broadcasting log messages via SSE started"}
{"level":"info","time":"2025-05-18T13:23:17+02:00","message":"broadcasting event messages via SSE started"}
{"level":"info","time":"2025-05-18T13:23:37+02:00","message":"Application Framework stopped called......"}
{"level":"info","time":"2025-05-18T13:23:37+02:00","message":"No AppUnits loaded"}
{"level":"info","time":"2025-05-18T13:23:37+02:00","message":"Stopping SSE monitoring ........"}
{"level":"info","time":"2025-05-18T13:23:37+02:00","message":"Stopping SSE monitoring ....... DONE"}
{"level":"info","time":"2025-05-18T13:23:37+02:00","message":"Stopping HTTP monitoring server........"}
{"level":"info","time":"2025-05-18T13:23:37+02:00","message":"stopping the status broadcasting SSE"}
{"level":"info","time":"2025-05-18T13:23:37+02:00","message":"broadcasting status via SSE stopped"}
{"level":"info","time":"2025-05-18T13:23:42+02:00","message":"Stopping HTTP monitoring server........ DONE"}
{"level":"info","time":"2025-05-18T13:23:42+02:00","message":"Application Framework stopped called........ DONE"}
{"level":"info","time":"2025-05-18T13:25:00+02:00","message":"Logger Initialized & Started"}
{"level":"info","time":"2025-05-18T13:25:00+02:00","message":"Found 1 pool setting for appunit Http_demo"}
{"level":"error","time":"2025-05-18T13:25:00+02:00","message":"Failed to load AgniOne Http_demo - /media/ajith/work/developments/go/AgniOne/Git_Lab2/agnione/apps/units/demohttp.so. plugin.Open(\"/media/ajith/work/developments/go/AgniOne/Git_Lab2/agnione/apps/units/demohttp\"): plugin was built with a different version of package internal/abi"}
{"level":"warn","time":"2025-05-18T13:25:00+02:00","message":"No AgniOne Units loaded"}
{"level":"info","time":"2025-05-18T13:25:01+02:00","message":"starting HTTP monitoring ......"}
{"level":"info","time":"2025-05-18T13:25:01+02:00","message":"HTTP monitoring started on 127.0.0.1:8080"}
{"level":"info","time":"2025-05-18T13:25:03+02:00","message":"broadcasting log messages via SSE started"}
{"level":"info","time":"2025-05-18T13:25:03+02:00","message":"broadcasting status via SSE started"}
{"level":"info","time":"2025-05-18T13:25:03+02:00","message":"broadcasting event messages via SSE started"}
{"level":"info","time":"2025-05-18T13:27:26+02:00","message":"Application Framework stopped called......"}
{"level":"info","time":"2025-05-18T13:27:26+02:00","message":"No AppUnits loaded"}
{"level":"info","time":"2025-05-18T13:27:26+02:00","message":"Stopping SSE monitoring ........"}
{"level":"info","time":"2025-05-18T13:27:26+02:00","message":"Stopping SSE monitoring ....... DONE"}
{"level":"info","time":"2025-05-18T13:27:26+02:00","message":"Stopping HTTP monitoring server........"}
{"level":"info","time":"2025-05-18T13:27:28+02:00","message":"stopping the status broadcasting SSE"}
{"level":"info","time":"2025-05-18T13:27:28+02:00","message":"broadcasting status via SSE stopped"}
{"level":"info","time":"2025-05-18T13:27:31+02:00","message":"Stopping HTTP monitoring server........ DONE"}
{"level":"info","time":"2025-05-18T13:30:20+02:00","message":"Logger Initialized & Started"}
{"level":"info","time":"2025-05-18T13:30:20+02:00","message":"Found 1 pool setting for appunit Http_demo"}
{"level":"error","time":"2025-05-18T13:30:20+02:00","message":"Failed to load AgniOne Http_demo - /media/ajith/work/developments/go/AgniOne/Git_Lab2/agnione/apps/units/demohttp.so. plugin.Open(\"/media/ajith/work/developments/go/AgniOne/Git_Lab2/agnione/apps/units/demohttp\"): plugin was built with a different version of package internal/abi"}
{"level":"warn","time":"2025-05-18T13:30:20+02:00","message":"No AgniOne Units loaded"}
{"level":"info","time":"2025-05-18T13:30:21+02:00","message":"starting HTTP monitoring ......"}
{"level":"info","time":"2025-05-18T13:30:21+02:00","message":"HTTP monitoring started on 127.0.0.1:8080"}
{"level":"info","time":"2025-05-18T13:30:23+02:00","message":"broadcasting status via SSE started"}
{"level":"info","time":"2025-05-18T13:30:23+02:00","message":"broadcasting event messages via SSE started"}
{"level":"info","time":"2025-05-18T13:30:23+02:00","message":"broadcasting log messages via SSE started"}
{"level":"info","time":"2025-05-18T13:30:32+02:00","message":"Application Framework stopped called......"}
{"level":"info","time":"2025-05-18T13:30:32+02:00","message":"No AppUnits loaded"}
{"level":"info","time":"2025-05-18T13:30:32+02:00","message":"Stopping SSE monitoring ........"}
{"level":"info","time":"2025-05-18T13:30:32+02:00","message":"Stopping SSE monitoring ....... DONE"}
{"level":"info","time":"2025-05-18T13:30:32+02:00","message":"Stopping HTTP monitoring server........"}
{"level":"info","time":"2025-05-18T13:30:33+02:00","message":"stopping the status broadcasting SSE"}
{"level":"info","time":"2025-05-18T13:30:33+02:00","message":"broadcasting status via SSE stopped"}
{"level":"info","time":"2025-05-18T13:30:37+02:00","message":"Stopping HTTP monitoring server........ DONE"}
{"level":"info","time":"2025-05-18T13:30:37+02:00","message":"Application Framework stopped called........ DONE"}
{"level":"info","time":"2025-05-18T13:32:42+02:00","message":"Logger Initialized & Started"}
{"level":"info","time":"2025-05-18T13:32:42+02:00","message":"Found 1 pool setting for appunit Http_demo"}
{"level":"error","time":"2025-05-18T13:32:42+02:00","message":"Failed to load AgniOne Http_demo - /media/ajith/work/developments/go/AgniOne/Git_Lab2/agnione/apps/units/demohttp.so. plugin.Open(\"/media/ajith/work/developments/go/AgniOne/Git_Lab2/agnione/apps/units/demohttp\"): plugin was built with a different version of package internal/abi"}
{"level":"warn","time":"2025-05-18T13:32:42+02:00","message":"No AgniOne Units loaded"}
{"level":"info","time":"2025-05-18T13:32:43+02:00","message":"starting HTTP monitoring ......"}
{"level":"info","time":"2025-05-18T13:32:43+02:00","message":"HTTP monitoring started on 127.0.0.1:8080"}
{"level":"info","time":"2025-05-18T13:32:45+02:00","message":"broadcasting status via SSE started"}
{"level":"info","time":"2025-05-18T13:32:45+02:00","message":"broadcasting log messages via SSE started"}
{"level":"info","time":"2025-05-18T13:32:45+02:00","message":"broadcasting event messages via SSE started"}
{"level":"info","time":"2025-05-18T13:32:51+02:00","message":"Application Framework stopped called......"}
{"level":"info","time":"2025-05-18T13:32:51+02:00","message":"No AppUnits loaded"}
{"level":"info","time":"2025-05-18T13:32:51+02:00","message":"Stopping SSE monitoring ........"}
{"level":"info","time":"2025-05-18T13:32:51+02:00","message":"Stopping SSE monitoring ....... DONE"}
{"level":"info","time":"2025-05-18T13:32:51+02:00","message":"Stopping HTTP monitoring server........"}
{"level":"info","time":"2025-05-18T13:32:55+02:00","message":"stopping the status broadcasting SSE"}
{"level":"info","time":"2025-05-18T13:32:55+02:00","message":"broadcasting status via SSE stopped"}
{"level":"info","time":"2025-05-18T13:32:56+02:00","message":"Stopping HTTP monitoring server........ DONE"}
{"level":"info","time":"2025-05-18T13:32:56+02:00","message":"Application Framework stopped called........ DONE"}
{"level":"info","time":"2025-05-18T13:34:21+02:00","message":"Logger Initialized & Started"}
{"level":"info","time":"2025-05-18T13:34:21+02:00","message":"Found 1 pool setting for appunit Http_demo"}
{"level":"error","time":"2025-05-18T13:34:21+02:00","message":"Failed to load AgniOne Http_demo - /media/ajith/work/developments/go/AgniOne/Git_Lab2/agnione/apps/units/demohttp.so. plugin.Open(\"/media/ajith/work/developments/go/AgniOne/Git_Lab2/agnione/apps/units/demohttp\"): plugin was built with a different version of package internal/abi"}
{"level":"warn","time":"2025-05-18T13:34:21+02:00","message":"No AgniOne Units loaded"}
{"level":"info","time":"2025-05-18T13:34:22+02:00","message":"starting HTTP monitoring ......"}
{"level":"info","time":"2025-05-18T13:34:22+02:00","message":"HTTP monitoring started on 127.0.0.1:8080"}
{"level":"info","time":"2025-05-18T13:34:24+02:00","message":"broadcasting event messages via SSE started"}
{"level":"info","time":"2025-05-18T13:34:24+02:00","message":"broadcasting status via SSE started"}
{"level":"info","time":"2025-05-18T13:34:24+02:00","message":"broadcasting log messages via SSE started"}
{"level":"info","time":"2025-05-18T13:34:41+02:00","message":"Application Framework stopped called......"}
{"level":"info","time":"2025-05-18T13:34:41+02:00","message":"No AppUnits loaded"}
{"level":"info","time":"2025-05-18T13:34:41+02:00","message":"Stopping SSE monitoring ........"}
{"level":"info","time":"2025-05-18T13:34:41+02:00","message":"Stopping SSE monitoring ....... DONE"}
{"level":"info","time":"2025-05-18T13:34:41+02:00","message":"Stopping HTTP monitoring server........"}
{"level":"info","time":"2025-05-18T13:34:44+02:00","message":"stopping the status broadcasting SSE"}
{"level":"info","time":"2025-05-18T13:34:44+02:00","message":"broadcasting status via SSE stopped"}
{"level":"info","time":"2025-05-18T13:34:46+02:00","message":"Stopping HTTP monitoring server........ DONE"}
{"level":"info","time":"2025-05-18T13:34:46+02:00","message":"Application Framework stopped called........ DONE"}
{"level":"info","time":"2025-05-25T08:26:37+02:00","message":"Logger Initialized & Started"}
{"level":"info","time":"2025-05-25T08:26:37+02:00","message":"Found 1 pool setting for appunit Http_demo"}
{"level":"error","time":"2025-05-25T08:26:38+02:00","message":"Failed to load AgniOne Http_demo - /media/ajith/work/developments/go/AgniOne/GitHub4/agnione/apps/units/demohttp.so. plugin.Open(\"/media/ajith/work/developments/go/AgniOne/GitHub4/agnione/apps/units/demohttp\"): plugin was built with a different version of package sync/atomic"}
{"level":"warn","time":"2025-05-25T08:26:38+02:00","message":"No AgniOne Units loaded"}
{"level":"info","time":"2025-05-25T08:26:39+02:00","message":"starting HTTP monitoring ......"}
{"level":"info","time":"2025-05-25T08:26:39+02:00","message":"HTTP monitoring started on 127.0.0.1:8080"}
{"level":"info","time":"2025-05-25T08:26:41+02:00","message":"broadcasting event messages via SSE started"}
{"level":"info","time":"2025-05-25T08:26:41+02:00","message":"broadcasting log messages via SSE started"}
{"level":"info","time":"2025-05-25T08:26:41+02:00","message":"broadcasting status via SSE started"}
{"level":"info","time":"2025-05-25T08:29:22+02:00","message":"Logger Initialized & Started"}
{"level":"info","time":"2025-05-25T08:29:22+02:00","message":"Found 1 pool setting for appunit Http_demo"}
{"level":"info","time":"2025-05-25T08:29:22+02:00","message":"Loading the 0 appunit of pool [1] of Http_demo"}
{"level":"info","time":"2025-05-25T08:29:22+02:00","message":"Starting (0) of [1] - Http_demo.............\nAppunit info -> "}
{"level":"info","time":"2025-05-25T08:29:22+02:00","message":" - Starting ....."}
{"level":"info","time":"2025-05-25T08:29:22+02:00","message":" - Starting the ........... DONE"}
{"level":"info","time":"2025-05-25T08:29:22+02:00","message":"Started ------ (0) of [1] - Http_demo successfully"}
{"level":"info","time":"2025-05-25T08:29:22+02:00","message":"Started\t1 out of 1 pool of appunit Http_demo\n"}
{"level":"info","time":"2025-05-25T08:29:22+02:00","message":"Loaded & started 1 pool of appunits"}
{"level":"info","time":"2025-05-25T08:29:22+02:00","message":"starting the DoGet routine"}
{"level":"error","time":"2025-05-25T08:29:22+02:00","message":" - DoPost Failed to get the HTTP client plugin plugin.Open(\"/media/ajith/work/developments/go/AgniOne/GitHub4/agnione/plugins/http/ahttpclient\"): plugin was built with a different version of package agnione/v2/src/appfm/types"}
{"level":"error","time":"2025-05-25T08:29:22+02:00","message":"  - Failed to get the HTTP client plugin plugin.Open(\"/media/ajith/work/developments/go/AgniOne/GitHub4/agnione/plugins/http/ahttpclient.so\"): plugin was built with a different version of package agnione/v2/src/appfm/types (previous failure)"}
{"level":"info","time":"2025-05-25T08:29:23+02:00","message":"starting HTTP monitoring ......"}
{"level":"info","time":"2025-05-25T08:29:23+02:00","message":"HTTP monitoring started on 127.0.0.1:8080"}
{"level":"info","time":"2025-05-25T08:29:25+02:00","message":"broadcasting event messages via SSE started"}
{"level":"info","time":"2025-05-25T08:29:25+02:00","message":"broadcasting log messages via SSE started"}
{"level":"info","time":"2025-05-25T08:29:25+02:00","message":"broadcasting status via SSE started"}
{"level":"info","time":"2025-05-25T08:29:45+02:00","message":"Application Framework stopped called......"}
{"level":"info","time":"2025-05-25T08:29:45+02:00","message":"Found AppUnits 1 in pool"}
{"level":"info","time":"2025-05-25T08:29:45+02:00","message":"AppUnit - [0] Stop called"}
{"level":"info","time":"2025-05-25T08:29:45+02:00","message":" - Stopping HTTP demo......"}
{"level":"info","time":"2025-05-25T08:29:45+02:00","message":" - Stopping HTTP demo........... DONE"}
{"level":"info","time":"2025-05-25T08:29:45+02:00","message":"Stopping SSE monitoring ........"}
{"level":"info","time":"2025-05-25T08:29:45+02:00","message":"Stopping SSE monitoring ....... DONE"}
{"level":"info","time":"2025-05-25T08:29:45+02:00","message":"Stopping HTTP monitoring server........"}
{"level":"info","time":"2025-05-25T08:29:50+02:00","message":"stopping the status broadcasting SSE"}
{"level":"info","time":"2025-05-25T08:29:50+02:00","message":"broadcasting status via SSE stopped"}
{"level":"info","time":"2025-05-25T08:30:57+02:00","message":"Logger Initialized & Started"}
{"level":"info","time":"2025-05-25T08:30:57+02:00","message":"Found 1 pool setting for appunit Http_demo"}
{"level":"info","time":"2025-05-25T08:30:57+02:00","message":"Loading the 0 appunit of pool [1] of Http_demo"}
{"level":"info","time":"2025-05-25T08:30:57+02:00","message":"Starting (0) of [1] - Http_demo.............\nAppunit info -> "}
{"level":"info","time":"2025-05-25T08:30:57+02:00","message":" - Starting ....."}
{"level":"info","time":"2025-05-25T08:30:57+02:00","message":" - Starting the ........... DONE"}
{"level":"info","time":"2025-05-25T08:30:57+02:00","message":"Started ------ (0) of [1] - Http_demo successfully"}
{"level":"info","time":"2025-05-25T08:30:57+02:00","message":"Started\t1 out of 1 pool of appunit Http_demo\n"}
{"level":"info","time":"2025-05-25T08:30:57+02:00","message":"Loaded & started 1 pool of appunits"}
{"level":"info","time":"2025-05-25T08:30:57+02:00","message":"starting the DoGet routine"}
{"level":"info","time":"2025-05-25T08:30:58+02:00","message":"starting HTTP monitoring ......"}
{"level":"info","time":"2025-05-25T08:30:58+02:00","message":"HTTP monitoring started on 127.0.0.1:8080"}
{"level":"info","time":"2025-05-25T08:31:00+02:00","message":"broadcasting event messages via SSE started"}
{"level":"info","time":"2025-05-25T08:31:00+02:00","message":"broadcasting status via SSE started"}
{"level":"info","time":"2025-05-25T08:31:00+02:00","message":"broadcasting log messages via SSE started"}
{"level":"info","time":"2025-05-25T08:31:00+02:00","message":" - [0] - GET Result :: Status code: 200"}
{"level":"info","time":"2025-05-25T08:31:00+02:00","message":" - Headers :\r\nDate:Sun, 25 May 2025 06:31:00 GMT\nConnection:keep-alive\nAccess-Control-Allow-Origin:*\nAccess-Control-Allow-Credentials:true\n"}
{"level":"info","time":"2025-05-25T08:31:00+02:00","message":" - DoPost Result :: Status code: 200"}
{"level":"info","time":"2025-05-25T08:31:00+02:00","message":" - Headers :\r\nDate:Sun, 25 May 2025 06:31:00 GMT\nConnection:keep-alive\nAccess-Control-Allow-Origin:*\nAccess-Control-Allow-Credentials:true\n"}
{"level":"info","time":"2025-05-25T08:31:03+02:00","message":" - [1] - GET Result :: Status code: 200"}
{"level":"info","time":"2025-05-25T08:31:03+02:00","message":" - Headers :\r\nAccess-Control-Allow-Credentials:true\nDate:Sun, 25 May 2025 06:31:03 GMT\nConnection:keep-alive\nAccess-Control-Allow-Origin:*\n"}
{"level":"info","time":"2025-05-25T08:31:03+02:00","message":" - DoPost Result :: Status code: 200"}
{"level":"info","time":"2025-05-25T08:31:03+02:00","message":" - Headers :\r\nDate:Sun, 25 May 2025 06:31:03 GMT\nConnection:keep-alive\nAccess-Control-Allow-Origin:*\nAccess-Control-Allow-Credentials:true\n"}
{"level":"info","time":"2025-05-25T08:31:06+02:00","message":" - [2] - GET Result :: Status code: 200"}
{"level":"info","time":"2025-05-25T08:31:06+02:00","message":" - Headers :\r\nDate:Sun, 25 May 2025 06:31:06 GMT\nConnection:keep-alive\nAccess-Control-Allow-Origin:*\nAccess-Control-Allow-Credentials:true\n"}
{"level":"info","time":"2025-05-25T08:31:06+02:00","message":" - DoPost Result :: Status code: 200"}
{"level":"info","time":"2025-05-25T08:31:06+02:00","message":" - Headers :\r\nDate:Sun, 25 May 2025 06:31:06 GMT\nConnection:keep-alive\nAccess-Control-Allow-Origin:*\nAccess-Control-Allow-Credentials:true\n"}
{"level":"info","time":"2025-05-25T08:31:09+02:00","message":" - [3] - GET Result :: Status code: 200"}
{"level":"info","time":"2025-05-25T08:31:09+02:00","message":" - Headers :\r\nDate:Sun, 25 May 2025 06:31:09 GMT\nConnection:keep-alive\nAccess-Control-Allow-Origin:*\nAccess-Control-Allow-Credentials:true\n"}
{"level":"info","time":"2025-05-25T08:31:09+02:00","message":" - DoPost Result :: Status code: 200"}
{"level":"info","time":"2025-05-25T08:31:09+02:00","message":" - Headers :\r\nAccess-Control-Allow-Origin:*\nAccess-Control-Allow-Credentials:true\nDate:Sun, 25 May 2025 06:31:09 GMT\nConnection:keep-alive\n"}
{"level":"info","time":"2025-05-25T08:31:12+02:00","message":" - [4] - GET Result :: Status code: 200"}
{"level":"info","time":"2025-05-25T08:31:12+02:00","message":" - Headers :\r\nAccess-Control-Allow-Origin:*\nAccess-Control-Allow-Credentials:true\nDate:Sun, 25 May 2025 06:31:12 GMT\nConnection:keep-alive\n"}
{"level":"info","time":"2025-05-25T08:31:12+02:00","message":" - DoPost Result :: Status code: 200"}
{"level":"info","time":"2025-05-25T08:31:12+02:00","message":" - Headers :\r\nAccess-Control-Allow-Credentials:true\nDate:Sun, 25 May 2025 06:31:12 GMT\nConnection:keep-alive\nAccess-Control-Allow-Origin:*\n"}
{"level":"info","time":"2025-05-25T08:31:15+02:00","message":" - DoPost Result :: Status code: 200"}
{"level":"info","time":"2025-05-25T08:31:15+02:00","message":" - Headers :\r\nAccess-Control-Allow-Credentials:true\nDate:Sun, 25 May 2025 06:31:15 GMT\nConnection:keep-alive\nAccess-Control-Allow-Origin:*\n"}
{"level":"info","time":"2025-05-25T08:31:15+02:00","message":" - [5] - GET Result :: Status code: 200"}
{"level":"info","time":"2025-05-25T08:31:15+02:00","message":" - Headers :\r\nDate:Sun, 25 May 2025 06:31:15 GMT\nConnection:keep-alive\nAccess-Control-Allow-Origin:*\nAccess-Control-Allow-Credentials:true\n"}
{"level":"info","time":"2025-05-25T08:31:18+02:00","message":" - [6] - GET Result :: Status code: 200"}
{"level":"info","time":"2025-05-25T08:31:18+02:00","message":" - Headers :\r\nDate:Sun, 25 May 2025 06:31:18 GMT\nConnection:keep-alive\nAccess-Control-Allow-Origin:*\nAccess-Control-Allow-Credentials:true\n"}
{"level":"info","time":"2025-05-25T08:31:18+02:00","message":" - DoPost Result :: Status code: 200"}
{"level":"info","time":"2025-05-25T08:31:18+02:00","message":" - Headers :\r\nDate:Sun, 25 May 2025 06:31:18 GMT\nConnection:keep-alive\nAccess-Control-Allow-Origin:*\nAccess-Control-Allow-Credentials:true\n"}
{"level":"info","time":"2025-05-25T08:31:21+02:00","message":" - [7] - GET Result :: Status code: 200"}
{"level":"info","time":"2025-05-25T08:31:21+02:00","message":" - DoPost Result :: Status code: 200"}
{"level":"info","time":"2025-05-25T08:31:21+02:00","message":" - Headers :\r\nAccess-Control-Allow-Credentials:true\nDate:Sun, 25 May 2025 06:31:21 GMT\nConnection:keep-alive\nAccess-Control-Allow-Origin:*\n"}
{"level":"info","time":"2025-05-25T08:31:21+02:00","message":" - Headers :\r\nDate:Sun, 25 May 2025 06:31:21 GMT\nConnection:keep-alive\nAccess-Control-Allow-Origin:*\nAccess-Control-Allow-Credentials:true\n"}
{"level":"info","time":"2025-05-25T08:31:24+02:00","message":" - [8] - GET Result :: Status code: 200"}
{"level":"info","time":"2025-05-25T08:31:24+02:00","message":" - Headers :\r\nDate:Sun, 25 May 2025 06:31:24 GMT\nConnection:keep-alive\nAccess-Control-Allow-Origin:*\nAccess-Control-Allow-Credentials:true\n"}
{"level":"info","time":"2025-05-25T08:31:24+02:00","message":" - DoPost Result :: Status code: 200"}
{"level":"info","time":"2025-05-25T08:31:24+02:00","message":" - Headers :\r\nDate:Sun, 25 May 2025 06:31:24 GMT\nConnection:keep-alive\nAccess-Control-Allow-Origin:*\nAccess-Control-Allow-Credentials:true\n"}
{"level":"info","time":"2025-05-25T08:31:27+02:00","message":" - DoPost Result :: Status code: 200"}
{"level":"info","time":"2025-05-25T08:31:27+02:00","message":" - Headers :\r\nDate:Sun, 25 May 2025 06:31:27 GMT\nConnection:keep-alive\nAccess-Control-Allow-Origin:*\nAccess-Control-Allow-Credentials:true\n"}
{"level":"info","time":"2025-05-25T08:31:27+02:00","message":" - [9] - GET Result :: Status code: 200"}
{"level":"info","time":"2025-05-25T08:31:27+02:00","message":" - Headers :\r\nDate:Sun, 25 May 2025 06:31:27 GMT\nConnection:keep-alive\nAccess-Control-Allow-Origin:*\nAccess-Control-Allow-Credentials:true\n"}
{"level":"info","time":"2025-05-25T08:31:30+02:00","message":" - [10] - GET Result :: Status code: 200"}
{"level":"info","time":"2025-05-25T08:31:30+02:00","message":" - Headers :\r\nAccess-Control-Allow-Credentials:true\nDate:Sun, 25 May 2025 06:31:30 GMT\nConnection:keep-alive\nAccess-Control-Allow-Origin:*\n"}
{"level":"info","time":"2025-05-25T08:31:30+02:00","message":" - DoPost Result :: Status code: 200"}
{"level":"info","time":"2025-05-25T08:31:30+02:00","message":" - Headers :\r\nAccess-Control-Allow-Credentials:true\nDate:Sun, 25 May 2025 06:31:30 GMT\nConnection:keep-alive\nAccess-Control-Allow-Origin:*\n"}
{"level":"info","time":"2025-05-25T08:31:33+02:00","message":" - DoPost Result :: Status code: 200"}
{"level":"info","time":"2025-05-25T08:31:33+02:00","message":" - [11] - GET Result :: Status code: 200"}
{"level":"info","time":"2025-05-25T08:31:33+02:00","message":" - Headers :\r\nDate:Sun, 25 May 2025 06:31:33 GMT\nConnection:keep-alive\nAccess-Control-Allow-Origin:*\nAccess-Control-Allow-Credentials:true\n"}
{"level":"info","time":"2025-05-25T08:31:33+02:00","message":" - Headers :\r\nConnection:keep-alive\nAccess-Control-Allow-Origin:*\nAccess-Control-Allow-Credentials:true\nDate:Sun, 25 May 2025 06:31:33 GMT\n"}
{"level":"info","time":"2025-05-25T08:31:36+02:00","message":" - [12] - GET Result :: Status code: 200"}
{"level":"info","time":"2025-05-25T08:31:36+02:00","message":" - Headers :\r\nConnection:keep-alive\nAccess-Control-Allow-Origin:*\nAccess-Control-Allow-Credentials:true\nDate:Sun, 25 May 2025 06:31:36 GMT\n"}
{"level":"info","time":"2025-05-25T08:31:36+02:00","message":" - DoPost Result :: Status code: 200"}
{"level":"info","time":"2025-05-25T08:31:36+02:00","message":" - Headers :\r\nDate:Sun, 25 May 2025 06:31:36 GMT\nConnection:keep-alive\nAccess-Control-Allow-Origin:*\nAccess-Control-Allow-Credentials:true\n"}
{"level":"info","time":"2025-05-25T08:31:39+02:00","message":" - DoPost Result :: Status code: 200"}
{"level":"info","time":"2025-05-25T08:31:39+02:00","message":" - Headers :\r\nAccess-Control-Allow-Credentials:true\nDate:Sun, 25 May 2025 06:31:39 GMT\nConnection:keep-alive\nAccess-Control-Allow-Origin:*\n"}
{"level":"info","time":"2025-05-25T08:31:39+02:00","message":" - [13] - GET Result :: Status code: 200"}
{"level":"info","time":"2025-05-25T08:31:39+02:00","message":" - Headers :\r\nAccess-Control-Allow-Credentials:true\nDate:Sun, 25 May 2025 06:31:39 GMT\nConnection:keep-alive\nAccess-Control-Allow-Origin:*\n"}
{"level":"info","time":"2025-05-25T08:31:42+02:00","message":" - DoPost Result :: Status code: 200"}
{"level":"info","time":"2025-05-25T08:31:42+02:00","message":" - Headers :\r\nDate:Sun, 25 May 2025 06:31:42 GMT\nConnection:keep-alive\nAccess-Control-Allow-Origin:*\nAccess-Control-Allow-Credentials:true\n"}
{"level":"info","time":"2025-05-25T08:31:42+02:00","message":" - [14] - GET Result :: Status code: 200"}
{"level":"info","time":"2025-05-25T08:31:42+02:00","message":" - Headers :\r\nDate:Sun, 25 May 2025 06:31:42 GMT\nConnection:keep-alive\nAccess-Control-Allow-Origin:*\nAccess-Control-Allow-Credentials:true\n"}
{"level":"info","time":"2025-05-25T08:31:45+02:00","message":" - DoPost Result :: Status code: 200"}
{"level":"info","time":"2025-05-25T08:31:45+02:00","message":" - Headers :\r\nConnection:keep-alive\nAccess-Control-Allow-Origin:*\nAccess-Control-Allow-Credentials:true\nDate:Sun, 25 May 2025 06:31:45 GMT\n"}
{"level":"info","time":"2025-05-25T08:31:45+02:00","message":" - [15] - GET Result :: Status code: 200"}
{"level":"info","time":"2025-05-25T08:31:45+02:00","message":" - Headers :\r\nDate:Sun, 25 May 2025 06:31:45 GMT\nConnection:keep-alive\nAccess-Control-Allow-Origin:*\nAccess-Control-Allow-Credentials:true\n"}
{"level":"info","time":"2025-05-25T08:31:48+02:00","message":" - [16] - GET Result :: Status code: 200"}
{"level":"info","time":"2025-05-25T08:31:48+02:00","message":" - Headers :\r\nDate:Sun, 25 May 2025 06:31:48 GMT\nConnection:keep-alive\nAccess-Control-Allow-Origin:*\nAccess-Control-Allow-Credentials:true\n"}
{"level":"info","time":"2025-05-25T08:31:48+02:00","message":" - DoPost Result :: Status code: 200"}
{"level":"info","time":"2025-05-25T08:31:48+02:00","message":" - Headers :\r\nDate:Sun, 25 May 2025 06:31:48 GMT\nConnection:keep-alive\nAccess-Control-Allow-Origin:*\nAccess-Control-Allow-Credentials:true\n"}
{"level":"info","time":"2025-05-25T08:31:51+02:00","message":" - DoPost Result :: Status code: 200"}
{"level":"info","time":"2025-05-25T08:31:51+02:00","message":" - Headers :\r\nDate:Sun, 25 May 2025 06:31:51 GMT\nConnection:keep-alive\nAccess-Control-Allow-Origin:*\nAccess-Control-Allow-Credentials:true\n"}
{"level":"info","time":"2025-05-25T08:31:51+02:00","message":" - [17] - GET Result :: Status code: 200"}
{"level":"info","time":"2025-05-25T08:31:51+02:00","message":" - Headers :\r\nDate:Sun, 25 May 2025 06:31:51 GMT\nConnection:keep-alive\nAccess-Control-Allow-Origin:*\nAccess-Control-Allow-Credentials:true\n"}
{"level":"info","time":"2025-05-25T08:31:54+02:00","message":" - [18] - GET Result :: Status code: 200"}
{"level":"info","time":"2025-05-25T08:31:54+02:00","message":" - Headers :\r\nAccess-Control-Allow-Origin:*\nAccess-Control-Allow-Credentials:true\nDate:Sun, 25 May 2025 06:31:54 GMT\nConnection:keep-alive\n"}
{"level":"info","time":"2025-05-25T08:31:54+02:00","message":" - DoPost Result :: Status code: 200"}
{"level":"info","time":"2025-05-25T08:31:54+02:00","message":" - Headers :\r\nDate:Sun, 25 May 2025 06:31:54 GMT\nConnection:keep-alive\nAccess-Control-Allow-Origin:*\nAccess-Control-Allow-Credentials:true\n"}
{"level":"info","time":"2025-05-25T08:31:57+02:00","message":" - [19] - GET Result :: Status code: 200"}
{"level":"info","time":"2025-05-25T08:31:57+02:00","message":" - Headers :\r\nAccess-Control-Allow-Origin:*\nAccess-Control-Allow-Credentials:true\nDate:Sun, 25 May 2025 06:31:57 GMT\nConnection:keep-alive\n"}
{"level":"info","time":"2025-05-25T08:31:57+02:00","message":" - DoPost Result :: Status code: 200"}
{"level":"info","time":"2025-05-25T08:31:57+02:00","message":" - Headers :\r\nDate:Sun, 25 May 2025 06:31:57 GMT\nConnection:keep-alive\nAccess-Control-Allow-Origin:*\nAccess-Control-Allow-Credentials:true\n"}
{"level":"info","time":"2025-05-25T08:32:00+02:00","message":" - DoPost Result :: Status code: 200"}
{"level":"info","time":"2025-05-25T08:32:00+02:00","message":" - [20] - GET Result :: Status code: 200"}
{"level":"info","time":"2025-05-25T08:32:00+02:00","message":" - Headers :\r\nAccess-Control-Allow-Origin:*\nAccess-Control-Allow-Credentials:true\nDate:Sun, 25 May 2025 06:32:00 GMT\nConnection:keep-alive\n"}
{"level":"info","time":"2025-05-25T08:32:00+02:00","message":" - Headers :\r\nDate:Sun, 25 May 2025 06:32:00 GMT\nConnection:keep-alive\nAccess-Control-Allow-Origin:*\nAccess-Control-Allow-Credentials:true\n"}
{"level":"info","time":"2025-05-25T08:32:03+02:00","message":" - DoPost Result :: Status code: 200"}
{"level":"info","time":"2025-05-25T08:32:03+02:00","message":" - Headers :\r\nDate:Sun, 25 May 2025 06:32:03 GMT\nConnection:keep-alive\nAccess-Control-Allow-Origin:*\nAccess-Control-Allow-Credentials:true\n"}
{"level":"info","time":"2025-05-25T08:32:03+02:00","message":" - [21] - GET Result :: Status code: 200"}
{"level":"info","time":"2025-05-25T08:32:03+02:00","message":" - Headers :\r\nDate:Sun, 25 May 2025 06:32:03 GMT\nConnection:keep-alive\nAccess-Control-Allow-Origin:*\nAccess-Control-Allow-Credentials:true\n"}
{"level":"info","time":"2025-05-25T08:32:06+02:00","message":" - [22] - GET Result :: Status code: 200"}
{"level":"info","time":"2025-05-25T08:32:06+02:00","message":" - DoPost Result :: Status code: 200"}
{"level":"info","time":"2025-05-25T08:32:06+02:00","message":" - Headers :\r\nDate:Sun, 25 May 2025 06:32:06 GMT\nConnection:keep-alive\nAccess-Control-Allow-Origin:*\nAccess-Control-Allow-Credentials:true\n"}
{"level":"info","time":"2025-05-25T08:32:06+02:00","message":" - Headers :\r\nDate:Sun, 25 May 2025 06:32:06 GMT\nConnection:keep-alive\nAccess-Control-Allow-Origin:*\nAccess-Control-Allow-Credentials:true\n"}
{"level":"info","time":"2025-05-25T08:32:09+02:00","message":" - DoPost Result :: Status code: 200"}
{"level":"info","time":"2025-05-25T08:32:09+02:00","message":" - Headers :\r\nDate:Sun, 25 May 2025 06:32:09 GMT\nConnection:keep-alive\nAccess-Control-Allow-Origin:*\nAccess-Control-Allow-Credentials:true\n"}
{"level":"info","time":"2025-05-25T08:32:10+02:00","message":" - [23] - GET Result :: Status code: 200"}
{"level":"info","time":"2025-05-25T08:32:10+02:00","message":" - Headers :\r\nDate:Sun, 25 May 2025 06:32:10 GMT\nConnection:keep-alive\nAccess-Control-Allow-Origin:*\nAccess-Control-Allow-Credentials:true\n"}
{"level":"info","time":"2025-05-25T08:32:12+02:00","message":" - [24] - GET Result :: Status code: 200"}
{"level":"info","time":"2025-05-25T08:32:12+02:00","message":" - Headers :\r\nConnection:keep-alive\nAccess-Control-Allow-Origin:*\nAccess-Control-Allow-Credentials:true\nDate:Sun, 25 May 2025 06:32:12 GMT\n"}
{"level":"info","time":"2025-05-25T08:32:12+02:00","message":" - DoPost Result :: Status code: 200"}
{"level":"info","time":"2025-05-25T08:32:12+02:00","message":" - Headers :\r\nAccess-Control-Allow-Origin:*\nAccess-Control-Allow-Credentials:true\nDate:Sun, 25 May 2025 06:32:12 GMT\nConnection:keep-alive\n"}
{"level":"info","time":"2025-05-25T08:32:15+02:00","message":" - [25] - GET Result :: Status code: 200"}
{"level":"info","time":"2025-05-25T08:32:15+02:00","message":" - Headers :\r\nAccess-Control-Allow-Credentials:true\nDate:Sun, 25 May 2025 06:32:15 GMT\nConnection:keep-alive\nAccess-Control-Allow-Origin:*\n"}
{"level":"info","time":"2025-05-25T08:32:15+02:00","message":" - DoPost Result :: Status code: 200"}
{"level":"info","time":"2025-05-25T08:32:15+02:00","message":" - Headers :\r\nConnection:keep-alive\nAccess-Control-Allow-Origin:*\nAccess-Control-Allow-Credentials:true\nDate:Sun, 25 May 2025 06:32:15 GMT\n"}
{"level":"info","time":"2025-05-25T08:32:18+02:00","message":" - [26] - GET Result :: Status code: 200"}
{"level":"info","time":"2025-05-25T08:32:18+02:00","message":" - Headers :\r\nConnection:keep-alive\nAccess-Control-Allow-Origin:*\nAccess-Control-Allow-Credentials:true\nDate:Sun, 25 May 2025 06:32:18 GMT\n"}
{"level":"info","time":"2025-05-25T08:32:18+02:00","message":" - DoPost Result :: Status code: 200"}
{"level":"info","time":"2025-05-25T08:32:18+02:00","message":" - Headers :\r\nDate:Sun, 25 May 2025 06:32:18 GMT\nConnection:keep-alive\nAccess-Control-Allow-Origin:*\nAccess-Control-Allow-Credentials:true\n"}
{"level":"info","time":"2025-05-25T08:32:21+02:00","message":" - DoPost Result :: Status code: 200"}
{"level":"info","time":"2025-05-25T08:32:21+02:00","message":" - Headers :\r\nAccess-Control-Allow-Credentials:true\nDate:Sun, 25 May 2025 06:32:21 GMT\nConnection:keep-alive\nAccess-Control-Allow-Origin:*\n"}
{"level":"info","time":"2025-05-25T08:32:21+02:00","message":" - [27] - GET Result :: Status code: 200"}
{"level":"info","time":"2025-05-25T08:32:21+02:00","message":" - Headers :\r\nDate:Sun, 25 May 2025 06:32:21 GMT\nConnection:keep-alive\nAccess-Control-Allow-Origin:*\nAccess-Control-Allow-Credentials:true\n"}
{"level":"info","time":"2025-05-25T08:32:24+02:00","message":" - DoPost Result :: Status code: 200"}
{"level":"info","time":"2025-05-25T08:32:24+02:00","message":" - Headers :\r\nDate:Sun, 25 May 2025 06:32:24 GMT\nConnection:keep-alive\nAccess-Control-Allow-Origin:*\nAccess-Control-Allow-Credentials:true\n"}
{"level":"info","time":"2025-05-25T08:32:24+02:00","message":" - [28] - GET Result :: Status code: 200"}
{"level":"info","time":"2025-05-25T08:32:24+02:00","message":" - Headers :\r\nDate:Sun, 25 May 2025 06:32:24 GMT\nConnection:keep-alive\nAccess-Control-Allow-Origin:*\nAccess-Control-Allow-Credentials:true\n"}
{"level":"info","time":"2025-05-25T08:32:27+02:00","message":" - [29] - GET Result :: Status code: 200"}
{"level":"info","time":"2025-05-25T08:32:27+02:00","message":" - DoPost Result :: Status code: 200"}
{"level":"info","time":"2025-05-25T08:32:27+02:00","message":" - Headers :\r\nDate:Sun, 25 May 2025 06:32:27 GMT\nConnection:keep-alive\nAccess-Control-Allow-Origin:*\nAccess-Control-Allow-Credentials:true\n"}
{"level":"info","time":"2025-05-25T08:32:27+02:00","message":" - Headers :\r\nDate:Sun, 25 May 2025 06:32:27 GMT\nConnection:keep-alive\nAccess-Control-Allow-Origin:*\nAccess-Control-Allow-Credentials:true\n"}
{"level":"info","time":"2025-05-25T08:32:30+02:00","message":" - [30] - GET Result :: Status code: 200"}
{"level":"info","time":"2025-05-25T08:32:30+02:00","message":" - Headers :\r\nDate:Sun, 25 May 2025 06:32:30 GMT\nConnection:keep-alive\nAccess-Control-Allow-Origin:*\nAccess-Control-Allow-Credentials:true\n"}
{"level":"info","time":"2025-05-25T08:32:30+02:00","message":" - DoPost Result :: Status code: 200"}
{"level":"info","time":"2025-05-25T08:32:30+02:00","message":" - Headers :\r\nDate:Sun, 25 May 2025 06:32:30 GMT\nConnection:keep-alive\nAccess-Control-Allow-Origin:*\nAccess-Control-Allow-Credentials:true\n"}
{"level":"info","time":"2025-05-25T08:32:33+02:00","message":" - DoPost Result :: Status code: 200"}
{"level":"info","time":"2025-05-25T08:32:33+02:00","message":" - Headers :\r\nDate:Sun, 25 May 2025 06:32:33 GMT\nConnection:keep-alive\nAccess-Control-Allow-Origin:*\nAccess-Control-Allow-Credentials:true\n"}
{"level":"info","time":"2025-05-25T08:32:33+02:00","message":" - [31] - GET Result :: Status code: 200"}
{"level":"info","time":"2025-05-25T08:32:33+02:00","message":" - Headers :\r\nAccess-Control-Allow-Credentials:true\nDate:Sun, 25 May 2025 06:32:33 GMT\nConnection:keep-alive\nAccess-Control-Allow-Origin:*\n"}
{"level":"info","time":"2025-05-25T08:32:36+02:00","message":" - [32] - GET Result :: Status code: 200"}
{"level":"info","time":"2025-05-25T08:32:36+02:00","message":" - Headers :\r\nDate:Sun, 25 May 2025 06:32:36 GMT\nConnection:keep-alive\nAccess-Control-Allow-Origin:*\nAccess-Control-Allow-Credentials:true\n"}
{"level":"info","time":"2025-05-25T08:32:36+02:00","message":" - DoPost Result :: Status code: 200"}
{"level":"info","time":"2025-05-25T08:32:36+02:00","message":" - Headers :\r\nDate:Sun, 25 May 2025 06:32:36 GMT\nConnection:keep-alive\nAccess-Control-Allow-Origin:*\nAccess-Control-Allow-Credentials:true\n"}
{"level":"info","time":"2025-05-25T08:32:37+02:00","message":"Application Framework stopped called......"}
{"level":"info","time":"2025-05-25T08:32:37+02:00","message":"Found AppUnits 1 in pool"}
{"level":"info","time":"2025-05-25T08:32:37+02:00","message":"AppUnit - [0] Stop called"}
{"level":"info","time":"2025-05-25T08:32:37+02:00","message":" - Stopping HTTP demo......"}
{"level":"info","time":"2025-05-25T08:32:37+02:00","message":" - Stopping HTTP demo........... DONE"}
{"level":"info","time":"2025-05-25T08:32:37+02:00","message":" - demo http stopped"}
{"level":"info","time":"2025-05-25T08:32:37+02:00","message":" - demo http stopped. stopper channel closed "}
{"level":"info","time":"2025-05-25T08:32:38+02:00","message":"Stopping SSE monitoring ........"}
{"level":"info","time":"2025-05-25T08:32:38+02:00","message":"Stopping SSE monitoring ....... DONE"}
{"level":"info","time":"2025-05-25T08:32:38+02:00","message":"Stopping HTTP monitoring server........"}
{"level":"info","time":"2025-05-25T08:32:40+02:00","message":"stopping the status broadcasting SSE"}
{"level":"info","time":"2025-05-25T08:32:40+02:00","message":"broadcasting status via SSE stopped"}
{"level":"info","time":"2025-05-25T08:33:01+02:00","message":"Logger Initialized & Started"}
{"level":"info","time":"2025-05-25T08:33:01+02:00","message":"Found 1 pool setting for appunit Http_demo"}
{"level":"info","time":"2025-05-25T08:33:01+02:00","message":"Loading the 0 appunit of pool [1] of Http_demo"}
{"level":"info","time":"2025-05-25T08:33:01+02:00","message":"Starting (0) of [1] - Http_demo.............\nAppunit info -> "}
{"level":"info","time":"2025-05-25T08:33:01+02:00","message":" - Starting ....."}
{"level":"info","time":"2025-05-25T08:33:01+02:00","message":" - Starting the ........... DONE"}
{"level":"info","time":"2025-05-25T08:33:01+02:00","message":"Started ------ (0) of [1] - Http_demo successfully"}
{"level":"info","time":"2025-05-25T08:33:01+02:00","message":"Started\t1 out of 1 pool of appunit Http_demo\n"}
{"level":"info","time":"2025-05-25T08:33:01+02:00","message":"Loaded & started 1 pool of appunits"}
{"level":"info","time":"2025-05-25T08:33:01+02:00","message":"starting the DoGet routine"}
{"level":"info","time":"2025-05-25T08:33:02+02:00","message":"starting HTTP monitoring ......"}
{"level":"info","time":"2025-05-25T08:33:02+02:00","message":"HTTP monitoring started on 127.0.0.1:8080"}
{"level":"info","time":"2025-05-25T08:33:04+02:00","message":"broadcasting status via SSE started"}
{"level":"info","time":"2025-05-25T08:33:04+02:00","message":"broadcasting event messages via SSE started"}
{"level":"info","time":"2025-05-25T08:33:04+02:00","message":"broadcasting log messages via SSE started"}
{"level":"info","time":"2025-05-25T08:33:04+02:00","message":" - DoPost Result :: Status code: 200"}
{"level":"info","time":"2025-05-25T08:33:04+02:00","message":" - Headers :\r\nDate:Sun, 25 May 2025 06:33:04 GMT\nConnection:keep-alive\nAccess-Control-Allow-Origin:*\nAccess-Control-Allow-Credentials:true\n"}
{"level":"info","time":"2025-05-25T08:33:04+02:00","message":" - [0] - GET Result :: Status code: 200"}
{"level":"info","time":"2025-05-25T08:33:04+02:00","message":" - Headers :\r\nDate:Sun, 25 May 2025 06:33:04 GMT\nConnection:keep-alive\nAccess-Control-Allow-Origin:*\nAccess-Control-Allow-Credentials:true\n"}
{"level":"info","time":"2025-05-25T08:33:07+02:00","message":" - DoPost Result :: Status code: 200"}
{"level":"info","time":"2025-05-25T08:33:07+02:00","message":" - Headers :\r\nDate:Sun, 25 May 2025 06:33:07 GMT\nConnection:keep-alive\nAccess-Control-Allow-Origin:*\nAccess-Control-Allow-Credentials:true\n"}
{"level":"info","time":"2025-05-25T08:33:07+02:00","message":" - [1] - GET Result :: Status code: 200"}
{"level":"info","time":"2025-05-25T08:33:07+02:00","message":" - Headers :\r\nDate:Sun, 25 May 2025 06:33:07 GMT\nConnection:keep-alive\nAccess-Control-Allow-Origin:*\nAccess-Control-Allow-Credentials:true\n"}
{"level":"info","time":"2025-05-25T08:33:10+02:00","message":" - [2] - GET Result :: Status code: 200"}
{"level":"info","time":"2025-05-25T08:33:10+02:00","message":" - Headers :\r\nAccess-Control-Allow-Origin:*\nAccess-Control-Allow-Credentials:true\nDate:Sun, 25 May 2025 06:33:10 GMT\nConnection:keep-alive\n"}
{"level":"info","time":"2025-05-25T08:33:10+02:00","message":" - DoPost Result :: Status code: 200"}
{"level":"info","time":"2025-05-25T08:33:10+02:00","message":" - Headers :\r\nDate:Sun, 25 May 2025 06:33:10 GMT\nConnection:keep-alive\nAccess-Control-Allow-Origin:*\nAccess-Control-Allow-Credentials:true\n"}
{"level":"info","time":"2025-05-25T08:33:13+02:00","message":" - [3] - GET Result :: Status code: 200"}
{"level":"info","time":"2025-05-25T08:33:13+02:00","message":" - Headers :\r\nAccess-Control-Allow-Origin:*\nAccess-Control-Allow-Credentials:true\nDate:Sun, 25 May 2025 06:33:13 GMT\nConnection:keep-alive\n"}
{"level":"info","time":"2025-05-25T08:33:13+02:00","message":" - DoPost Result :: Status code: 200"}
{"level":"info","time":"2025-05-25T08:33:13+02:00","message":" - Headers :\r\nDate:Sun, 25 May 2025 06:33:13 GMT\nConnection:keep-alive\nAccess-Control-Allow-Origin:*\nAccess-Control-Allow-Credentials:true\n"}
{"level":"info","time":"2025-05-25T08:33:16+02:00","message":" - DoPost Result :: Status code: 200"}
{"level":"info","time":"2025-05-25T08:33:16+02:00","message":" - Headers :\r\nDate:Sun, 25 May 2025 06:33:16 GMT\nConnection:keep-alive\nAccess-Control-Allow-Origin:*\nAccess-Control-Allow-Credentials:true\n"}
{"level":"info","time":"2025-05-25T08:33:16+02:00","message":" - [4] - GET Result :: Status code: 200"}
{"level":"info","time":"2025-05-25T08:33:16+02:00","message":" - Headers :\r\nAccess-Control-Allow-Origin:*\nAccess-Control-Allow-Credentials:true\nDate:Sun, 25 May 2025 06:33:16 GMT\nConnection:keep-alive\n"}
{"level":"info","time":"2025-05-25T08:33:19+02:00","message":" - DoPost Result :: Status code: 200"}
{"level":"info","time":"2025-05-25T08:33:19+02:00","message":" - Headers :\r\nConnection:keep-alive\nAccess-Control-Allow-Origin:*\nAccess-Control-Allow-Credentials:true\nDate:Sun, 25 May 2025 06:33:19 GMT\n"}
{"level":"info","time":"2025-05-25T08:33:19+02:00","message":"Application Framework stopped called......"}
{"level":"info","time":"2025-05-25T08:33:19+02:00","message":"Found AppUnits 1 in pool"}
{"level":"info","time":"2025-05-25T08:33:19+02:00","message":"AppUnit - [0] Stop called"}
{"level":"info","time":"2025-05-25T08:33:19+02:00","message":" - Stopping HTTP demo......"}
{"level":"info","time":"2025-05-25T08:33:19+02:00","message":" - demo http stopped. stopper channel closed "}
{"level":"info","time":"2025-05-25T08:33:19+02:00","message":" - Stopping HTTP demo........... DONE"}
{"level":"info","time":"2025-05-25T08:33:19+02:00","message":" - [5] - GET Result :: Status code: 200"}
{"level":"info","time":"2025-05-25T08:33:19+02:00","message":" - Headers :\r\nDate:Sun, 25 May 2025 06:33:19 GMT\nConnection:keep-alive\nAccess-Control-Allow-Origin:*\nAccess-Control-Allow-Credentials:true\n"}
{"level":"info","time":"2025-05-25T08:33:19+02:00","message":" - demo http stopped"}
{"level":"info","time":"2025-05-25T08:33:20+02:00","message":"Stopping SSE monitoring ........"}
{"level":"info","time":"2025-05-25T08:33:20+02:00","message":"Stopping SSE monitoring ....... DONE"}
{"level":"info","time":"2025-05-25T08:33:20+02:00","message":"Stopping HTTP monitoring server........"}
{"level":"info","time":"2025-05-25T08:33:24+02:00","message":"stopping the status broadcasting SSE"}
{"level":"info","time":"2025-05-25T08:33:24+02:00","message":"broadcasting status via SSE stopped"}
{"level":"info","time":"2025-05-25T08:54:31+02:00","message":"Logger Initialized & Started"}
{"level":"info","time":"2025-05-25T08:54:31+02:00","message":"Found 1 pool setting for appunit Http_demo"}
{"level":"info","time":"2025-05-25T08:54:31+02:00","message":"Loading the 0 appunit of pool [1] of Http_demo"}
{"level":"info","time":"2025-05-25T08:54:31+02:00","message":"Starting (0) of [1] - Http_demo.............\nAppunit info -> "}
{"level":"info","time":"2025-05-25T08:54:31+02:00","message":" - Starting ....."}
{"level":"info","time":"2025-05-25T08:54:31+02:00","message":" - Starting the ........... DONE"}
{"level":"info","time":"2025-05-25T08:54:31+02:00","message":"Started ------ (0) of [1] - Http_demo successfully"}
{"level":"info","time":"2025-05-25T08:54:31+02:00","message":"Started\t1 out of 1 pool of appunit Http_demo\n"}
{"level":"info","time":"2025-05-25T08:54:31+02:00","message":"Loaded & started 1 pool of appunits"}
{"level":"info","time":"2025-05-25T08:54:31+02:00","message":"starting the DoGet routine"}
{"level":"info","time":"2025-05-25T08:54:32+02:00","message":"starting HTTP monitoring ......"}
{"level":"info","time":"2025-05-25T08:54:32+02:00","message":"HTTP monitoring started on 127.0.0.1:8080"}
{"level":"info","time":"2025-05-25T08:54:34+02:00","message":"broadcasting log messages via SSE started"}
{"level":"info","time":"2025-05-25T08:54:34+02:00","message":"broadcasting event messages via SSE started"}
{"level":"info","time":"2025-05-25T08:54:34+02:00","message":"broadcasting status via SSE started"}
{"level":"info","time":"2025-05-25T08:54:35+02:00","message":" - [0] - GET Result :: Status code: 200"}
{"level":"info","time":"2025-05-25T08:54:35+02:00","message":" - DoPost Result :: Status code: 200"}
{"level":"info","time":"2025-05-25T08:54:35+02:00","message":" - Headers :\r\nAccess-Control-Allow-Origin:*\nAccess-Control-Allow-Credentials:true\nDate:Sun, 25 May 2025 06:54:35 GMT\nConnection:keep-alive\n"}
{"level":"info","time":"2025-05-25T08:54:35+02:00","message":" - Headers :\r\nAccess-Control-Allow-Origin:*\nAccess-Control-Allow-Credentials:true\nDate:Sun, 25 May 2025 06:54:35 GMT\nConnection:keep-alive\n"}
{"level":"info","time":"2025-05-25T08:54:37+02:00","message":" - DoPost Result :: Status code: 200"}
{"level":"info","time":"2025-05-25T08:54:37+02:00","message":" - [1] - GET Result :: Status code: 200"}
{"level":"info","time":"2025-05-25T08:54:37+02:00","message":" - Headers :\r\nAccess-Control-Allow-Credentials:true\nDate:Sun, 25 May 2025 06:54:37 GMT\nConnection:keep-alive\nAccess-Control-Allow-Origin:*\n"}
{"level":"info","time":"2025-05-25T08:54:37+02:00","message":" - Headers :\r\nConnection:keep-alive\nAccess-Control-Allow-Origin:*\nAccess-Control-Allow-Credentials:true\nDate:Sun, 25 May 2025 06:54:37 GMT\n"}
{"level":"info","time":"2025-05-25T08:54:40+02:00","message":" - DoPost Result :: Status code: 200"}
{"level":"info","time":"2025-05-25T08:54:40+02:00","message":" - Headers :\r\nAccess-Control-Allow-Credentials:true\nDate:Sun, 25 May 2025 06:54:40 GMT\nConnection:keep-alive\nAccess-Control-Allow-Origin:*\n"}
{"level":"info","time":"2025-05-25T08:54:40+02:00","message":" - [2] - GET Result :: Status code: 200"}
{"level":"info","time":"2025-05-25T08:54:40+02:00","message":" - Headers :\r\nDate:Sun, 25 May 2025 06:54:40 GMT\nConnection:keep-alive\nAccess-Control-Allow-Origin:*\nAccess-Control-Allow-Credentials:true\n"}
{"level":"info","time":"2025-05-25T08:54:43+02:00","message":" - [3] - GET Result :: Status code: 200"}
{"level":"info","time":"2025-05-25T08:54:43+02:00","message":" - Headers :\r\nDate:Sun, 25 May 2025 06:54:43 GMT\nConnection:keep-alive\nAccess-Control-Allow-Origin:*\nAccess-Control-Allow-Credentials:true\n"}
{"level":"info","time":"2025-05-25T08:54:43+02:00","message":" - DoPost Result :: Status code: 200"}
{"level":"info","time":"2025-05-25T08:54:43+02:00","message":" - Headers :\r\nDate:Sun, 25 May 2025 06:54:43 GMT\nConnection:keep-alive\nAccess-Control-Allow-Origin:*\nAccess-Control-Allow-Credentials:true\n"}
{"level":"info","time":"2025-05-25T08:54:46+02:00","message":" - [4] - GET Result :: Status code: 200"}
{"level":"info","time":"2025-05-25T08:54:46+02:00","message":" - Headers :\r\nConnection:keep-alive\nAccess-Control-Allow-Origin:*\nAccess-Control-Allow-Credentials:true\nDate:Sun, 25 May 2025 06:54:46 GMT\n"}
{"level":"info","time":"2025-05-25T08:54:46+02:00","message":" - DoPost Result :: Status code: 200"}
{"level":"info","time":"2025-05-25T08:54:46+02:00","message":" - Headers :\r\nDate:Sun, 25 May 2025 06:54:46 GMT\nConnection:keep-alive\nAccess-Control-Allow-Origin:*\nAccess-Control-Allow-Credentials:true\n"}
{"level":"info","time":"2025-05-25T08:54:49+02:00","message":" - [5] - GET Result :: Status code: 200"}
{"level":"info","time":"2025-05-25T08:54:49+02:00","message":" - DoPost Result :: Status code: 200"}
{"level":"info","time":"2025-05-25T08:54:49+02:00","message":" - Headers :\r\nConnection:keep-alive\nAccess-Control-Allow-Origin:*\nAccess-Control-Allow-Credentials:true\nDate:Sun, 25 May 2025 06:54:49 GMT\n"}
{"level":"info","time":"2025-05-25T08:54:49+02:00","message":" - Headers :\r\nDate:Sun, 25 May 2025 06:54:49 GMT\nConnection:keep-alive\nAccess-Control-Allow-Origin:*\nAccess-Control-Allow-Credentials:true\n"}
{"level":"info","time":"2025-05-25T08:54:52+02:00","message":" - DoPost Result :: Status code: 200"}
{"level":"info","time":"2025-05-25T08:54:52+02:00","message":" - [6] - GET Result :: Status code: 200"}
{"level":"info","time":"2025-05-25T08:54:52+02:00","message":" - Headers :\r\nDate:Sun, 25 May 2025 06:54:52 GMT\nConnection:keep-alive\nAccess-Control-Allow-Origin:*\nAccess-Control-Allow-Credentials:true\n"}
{"level":"info","time":"2025-05-25T08:54:52+02:00","message":" - Headers :\r\nConnection:keep-alive\nAccess-Control-Allow-Origin:*\nAccess-Control-Allow-Credentials:true\nDate:Sun, 25 May 2025 06:54:52 GMT\n"}
{"level":"info","time":"2025-05-25T08:54:55+02:00","message":" - DoPost Result :: Status code: 200"}
{"level":"info","time":"2025-05-25T08:54:55+02:00","message":" - Headers :\r\nDate:Sun, 25 May 2025 06:54:55 GMT\nConnection:keep-alive\nAccess-Control-Allow-Origin:*\nAccess-Control-Allow-Credentials:true\n"}
{"level":"info","time":"2025-05-25T08:54:55+02:00","message":" - [7] - GET Result :: Status code: 200"}
{"level":"info","time":"2025-05-25T08:54:55+02:00","message":" - Headers :\r\nDate:Sun, 25 May 2025 06:54:55 GMT\nConnection:keep-alive\nAccess-Control-Allow-Origin:*\nAccess-Control-Allow-Credentials:true\n"}
{"level":"info","time":"2025-05-25T08:54:58+02:00","message":" - [8] - GET Result :: Status code: 200"}
{"level":"info","time":"2025-05-25T08:54:58+02:00","message":" - Headers :\r\nAccess-Control-Allow-Credentials:true\nDate:Sun, 25 May 2025 06:54:58 GMT\nConnection:keep-alive\nAccess-Control-Allow-Origin:*\n"}
{"level":"info","time":"2025-05-25T08:54:58+02:00","message":" - DoPost Result :: Status code: 200"}
{"level":"info","time":"2025-05-25T08:54:58+02:00","message":" - Headers :\r\nDate:Sun, 25 May 2025 06:54:58 GMT\nConnection:keep-alive\nAccess-Control-Allow-Origin:*\nAccess-Control-Allow-Credentials:true\n"}
{"level":"info","time":"2025-05-25T08:54:59+02:00","message":"Application Framework stopped called......"}
{"level":"info","time":"2025-05-25T08:54:59+02:00","message":"Found AppUnits 1 in pool"}
{"level":"info","time":"2025-05-25T08:54:59+02:00","message":"AppUnit - [0] Stop called"}
{"level":"info","time":"2025-05-25T08:54:59+02:00","message":" - Stopping HTTP demo......"}
{"level":"info","time":"2025-05-25T08:54:59+02:00","message":" - Stopping HTTP demo........... DONE"}
{"level":"info","time":"2025-05-25T08:54:59+02:00","message":" - demo http stopped"}
{"level":"info","time":"2025-05-25T08:54:59+02:00","message":" - demo http stopped. stopper channel closed "}
{"level":"info","time":"2025-05-25T08:55:00+02:00","message":"Stopping SSE monitoring ........"}
{"level":"info","time":"2025-05-25T08:55:00+02:00","message":"Stopping SSE monitoring ....... DONE"}
{"level":"info","time":"2025-05-25T08:55:00+02:00","message":"Stopping HTTP monitoring server........"}
{"level":"info","time":"2025-05-25T08:55:04+02:00","message":"stopping the status broadcasting SSE"}
{"level":"info","time":"2025-05-25T08:55:04+02:00","message":"broadcasting status via SSE stopped"}
{"level":"info","time":"2025-05-25T08:55:15+02:00","message":"Logger Initialized & Started"}
{"level":"info","time":"2025-05-25T08:55:15+02:00","message":"Found 1 pool setting for appunit Http_demo"}
{"level":"info","time":"2025-05-25T08:55:15+02:00","message":"Loading the 0 appunit of pool [1] of Http_demo"}
{"level":"info","time":"2025-05-25T08:55:15+02:00","message":"Starting (0) of [1] - Http_demo.............\nAppunit info -> "}
{"level":"info","time":"2025-05-25T08:55:15+02:00","message":" - Starting ....."}
{"level":"info","time":"2025-05-25T08:55:15+02:00","message":" - Starting the ........... DONE"}
{"level":"info","time":"2025-05-25T08:55:15+02:00","message":"Started ------ (0) of [1] - Http_demo successfully"}
{"level":"info","time":"2025-05-25T08:55:15+02:00","message":"Started\t1 out of 1 pool of appunit Http_demo\n"}
{"level":"info","time":"2025-05-25T08:55:15+02:00","message":"Loaded & started 1 pool of appunits"}
{"level":"info","time":"2025-05-25T08:55:15+02:00","message":"starting the DoGet routine"}
{"level":"info","time":"2025-05-25T08:55:16+02:00","message":"starting HTTP monitoring ......"}
{"level":"info","time":"2025-05-25T08:55:16+02:00","message":"HTTP monitoring started on 127.0.0.1:8080"}
{"level":"info","time":"2025-05-25T08:55:18+02:00","message":"broadcasting log messages via SSE started"}
{"level":"info","time":"2025-05-25T08:55:18+02:00","message":"broadcasting event messages via SSE started"}
{"level":"info","time":"2025-05-25T08:55:18+02:00","message":"broadcasting status via SSE started"}
{"level":"info","time":"2025-05-25T08:55:19+02:00","message":" - [0] - GET Result :: Status code: 200"}
{"level":"info","time":"2025-05-25T08:55:19+02:00","message":" - DoPost Result :: Status code: 200"}
{"level":"info","time":"2025-05-25T08:55:19+02:00","message":" - Headers :\r\nDate:Sun, 25 May 2025 06:55:19 GMT\nConnection:keep-alive\nAccess-Control-Allow-Origin:*\nAccess-Control-Allow-Credentials:true\n"}
{"level":"info","time":"2025-05-25T08:55:19+02:00","message":" - Headers :\r\nDate:Sun, 25 May 2025 06:55:19 GMT\nConnection:keep-alive\nAccess-Control-Allow-Origin:*\nAccess-Control-Allow-Credentials:true\n"}
{"level":"info","time":"2025-05-25T08:55:22+02:00","message":" - [1] - GET Result :: Status code: 200"}
{"level":"info","time":"2025-05-25T08:55:22+02:00","message":" - DoPost Result :: Status code: 200"}
{"level":"info","time":"2025-05-25T08:55:22+02:00","message":" - Headers :\r\nDate:Sun, 25 May 2025 06:55:21 GMT\nConnection:keep-alive\nAccess-Control-Allow-Origin:*\nAccess-Control-Allow-Credentials:true\n"}
{"level":"info","time":"2025-05-25T08:55:22+02:00","message":" - Headers :\r\nConnection:keep-alive\nAccess-Control-Allow-Origin:*\nAccess-Control-Allow-Credentials:true\nDate:Sun, 25 May 2025 06:55:21 GMT\n"}
{"level":"info","time":"2025-05-25T08:55:25+02:00","message":" - [2] - GET Result :: Status code: 200"}
{"level":"info","time":"2025-05-25T08:55:25+02:00","message":" - Headers :\r\nDate:Sun, 25 May 2025 06:55:24 GMT\nConnection:keep-alive\nAccess-Control-Allow-Origin:*\nAccess-Control-Allow-Credentials:true\n"}
{"level":"info","time":"2025-05-25T08:55:26+02:00","message":" - DoPost Result :: Status code: 200"}
{"level":"info","time":"2025-05-25T08:55:26+02:00","message":" - Headers :\r\nDate:Sun, 25 May 2025 06:55:26 GMT\nConnection:keep-alive\nAccess-Control-Allow-Origin:*\nAccess-Control-Allow-Credentials:true\n"}
{"level":"info","time":"2025-05-25T08:55:28+02:00","message":" - DoPost Result :: Status code: 200"}
{"level":"info","time":"2025-05-25T08:55:28+02:00","message":" - [3] - GET Result :: Status code: 200"}
{"level":"info","time":"2025-05-25T08:55:28+02:00","message":" - Headers :\r\nConnection:keep-alive\nAccess-Control-Allow-Origin:*\nAccess-Control-Allow-Credentials:true\nDate:Sun, 25 May 2025 06:55:27 GMT\n"}
{"level":"info","time":"2025-05-25T08:55:28+02:00","message":" - Headers :\r\nAccess-Control-Allow-Credentials:true\nDate:Sun, 25 May 2025 06:55:27 GMT\nConnection:keep-alive\nAccess-Control-Allow-Origin:*\n"}
{"level":"info","time":"2025-05-25T08:55:31+02:00","message":" - DoPost Result :: Status code: 200"}
{"level":"info","time":"2025-05-25T08:55:31+02:00","message":" - Headers :\r\nDate:Sun, 25 May 2025 06:55:30 GMT\nConnection:keep-alive\nAccess-Control-Allow-Origin:*\nAccess-Control-Allow-Credentials:true\n"}
{"level":"info","time":"2025-05-25T08:55:31+02:00","message":" - [4] - GET Result :: Status code: 200"}
{"level":"info","time":"2025-05-25T08:55:31+02:00","message":" - Headers :\r\nDate:Sun, 25 May 2025 06:55:30 GMT\nConnection:keep-alive\nAccess-Control-Allow-Origin:*\nAccess-Control-Allow-Credentials:true\n"}
{"level":"info","time":"2025-05-25T08:55:34+02:00","message":" - DoPost Result :: Status code: 200"}
{"level":"info","time":"2025-05-25T08:55:34+02:00","message":" - Headers :\r\nConnection:keep-alive\nAccess-Control-Allow-Origin:*\nAccess-Control-Allow-Credentials:true\nDate:Sun, 25 May 2025 06:55:33 GMT\n"}
{"level":"info","time":"2025-05-25T08:55:34+02:00","message":" - [5] - GET Result :: Status code: 200"}
{"level":"info","time":"2025-05-25T08:55:34+02:00","message":" - Headers :\r\nAccess-Control-Allow-Credentials:true\nDate:Sun, 25 May 2025 06:55:34 GMT\nConnection:keep-alive\nAccess-Control-Allow-Origin:*\n"}
{"level":"info","time":"2025-05-25T08:55:37+02:00","message":" - [6] - GET Result :: Status code: 200"}
{"level":"info","time":"2025-05-25T08:55:37+02:00","message":" - Headers :\r\nConnection:keep-alive\nAccess-Control-Allow-Origin:*\nAccess-Control-Allow-Credentials:true\nDate:Sun, 25 May 2025 06:55:36 GMT\n"}
{"level":"info","time":"2025-05-25T08:55:37+02:00","message":" - DoPost Result :: Status code: 200"}
{"level":"info","time":"2025-05-25T08:55:37+02:00","message":" - Headers :\r\nAccess-Control-Allow-Origin:*\nAccess-Control-Allow-Credentials:true\nDate:Sun, 25 May 2025 06:55:37 GMT\nConnection:keep-alive\n"}
{"level":"info","time":"2025-05-25T08:55:40+02:00","message":" - [7] - GET Result :: Status code: 200"}
{"level":"info","time":"2025-05-25T08:55:40+02:00","message":" - Headers :\r\nConnection:keep-alive\nAccess-Control-Allow-Origin:*\nAccess-Control-Allow-Credentials:true\nDate:Sun, 25 May 2025 06:55:39 GMT\n"}
{"level":"info","time":"2025-05-25T08:55:40+02:00","message":" - DoPost Result :: Status code: 200"}
{"level":"info","time":"2025-05-25T08:55:40+02:00","message":" - Headers :\r\nDate:Sun, 25 May 2025 06:55:40 GMT\nConnection:keep-alive\nAccess-Control-Allow-Origin:*\nAccess-Control-Allow-Credentials:true\n"}
{"level":"info","time":"2025-05-25T08:55:43+02:00","message":" - DoPost Result :: Status code: 200"}
{"level":"info","time":"2025-05-25T08:55:43+02:00","message":" - Headers :\r\nDate:Sun, 25 May 2025 06:55:42 GMT\nConnection:keep-alive\nAccess-Control-Allow-Origin:*\nAccess-Control-Allow-Credentials:true\n"}
{"level":"info","time":"2025-05-25T08:55:43+02:00","message":" - [8] - GET Result :: Status code: 200"}
{"level":"info","time":"2025-05-25T08:55:43+02:00","message":" - Headers :\r\nConnection:keep-alive\nAccess-Control-Allow-Origin:*\nAccess-Control-Allow-Credentials:true\nDate:Sun, 25 May 2025 06:55:42 GMT\n"}
{"level":"info","time":"2025-05-25T08:55:46+02:00","message":" - DoPost Result :: Status code: 200"}
{"level":"info","time":"2025-05-25T08:55:46+02:00","message":" - Headers :\r\nDate:Sun, 25 May 2025 06:55:45 GMT\nConnection:keep-alive\nAccess-Control-Allow-Origin:*\nAccess-Control-Allow-Credentials:true\n"}
{"level":"info","time":"2025-05-25T08:55:46+02:00","message":" - [9] - GET Result :: Status code: 200"}
{"level":"info","time":"2025-05-25T08:55:46+02:00","message":" - Headers :\r\nAccess-Control-Allow-Credentials:true\nDate:Sun, 25 May 2025 06:55:45 GMT\nConnection:keep-alive\nAccess-Control-Allow-Origin:*\n"}
{"level":"info","time":"2025-05-25T08:55:49+02:00","message":" - DoPost Result :: Status code: 200"}
{"level":"info","time":"2025-05-25T08:55:49+02:00","message":" - [10] - GET Result :: Status code: 200"}
{"level":"info","time":"2025-05-25T08:55:49+02:00","message":" - Headers :\r\nDate:Sun, 25 May 2025 06:55:48 GMT\nConnection:keep-alive\nAccess-Control-Allow-Origin:*\nAccess-Control-Allow-Credentials:true\n"}
{"level":"info","time":"2025-05-25T08:55:49+02:00","message":" - Headers :\r\nDate:Sun, 25 May 2025 06:55:48 GMT\nConnection:keep-alive\nAccess-Control-Allow-Origin:*\nAccess-Control-Allow-Credentials:true\n"}
{"level":"info","time":"2025-05-25T08:55:52+02:00","message":" - [11] - GET Result :: Status code: 200"}
{"level":"info","time":"2025-05-25T08:55:52+02:00","message":" - Headers :\r\nDate:Sun, 25 May 2025 06:55:51 GMT\nConnection:keep-alive\nAccess-Control-Allow-Origin:*\nAccess-Control-Allow-Credentials:true\n"}
{"level":"info","time":"2025-05-25T08:55:52+02:00","message":" - DoPost Result :: Status code: 200"}
{"level":"info","time":"2025-05-25T08:55:52+02:00","message":" - Headers :\r\nDate:Sun, 25 May 2025 06:55:51 GMT\nConnection:keep-alive\nAccess-Control-Allow-Origin:*\nAccess-Control-Allow-Credentials:true\n"}
{"level":"info","time":"2025-05-25T08:55:55+02:00","message":" - [12] - GET Result :: Status code: 200"}
{"level":"info","time":"2025-05-25T08:55:55+02:00","message":" - Headers :\r\nDate:Sun, 25 May 2025 06:55:54 GMT\nConnection:keep-alive\nAccess-Control-Allow-Origin:*\nAccess-Control-Allow-Credentials:true\n"}
{"level":"info","time":"2025-05-25T08:55:55+02:00","message":" - DoPost Result :: Status code: 200"}
{"level":"info","time":"2025-05-25T08:55:55+02:00","message":" - Headers :\r\nAccess-Control-Allow-Credentials:true\nDate:Sun, 25 May 2025 06:55:54 GMT\nConnection:keep-alive\nAccess-Control-Allow-Origin:*\n"}
{"level":"info","time":"2025-05-25T08:55:58+02:00","message":" - [13] - GET Result :: Status code: 200"}
{"level":"info","time":"2025-05-25T08:55:58+02:00","message":" - DoPost Result :: Status code: 200"}
{"level":"info","time":"2025-05-25T08:55:58+02:00","message":" - Headers :\r\nDate:Sun, 25 May 2025 06:55:57 GMT\nConnection:keep-alive\nAccess-Control-Allow-Origin:*\nAccess-Control-Allow-Credentials:true\n"}
{"level":"info","time":"2025-05-25T08:55:58+02:00","message":" - Headers :\r\nConnection:keep-alive\nAccess-Control-Allow-Origin:*\nAccess-Control-Allow-Credentials:true\nDate:Sun, 25 May 2025 06:55:57 GMT\n"}
{"level":"info","time":"2025-05-25T08:56:01+02:00","message":" - DoPost Result :: Status code: 200"}
{"level":"info","time":"2025-05-25T08:56:01+02:00","message":" - [14] - GET Result :: Status code: 200"}
{"level":"info","time":"2025-05-25T08:56:01+02:00","message":" - Headers :\r\nDate:Sun, 25 May 2025 06:56:00 GMT\nConnection:keep-alive\nAccess-Control-Allow-Origin:*\nAccess-Control-Allow-Credentials:true\n"}
{"level":"info","time":"2025-05-25T08:56:01+02:00","message":" - Headers :\r\nConnection:keep-alive\nAccess-Control-Allow-Origin:*\nAccess-Control-Allow-Credentials:true\nDate:Sun, 25 May 2025 06:56:00 GMT\n"}
{"level":"info","time":"2025-05-25T08:56:04+02:00","message":" - [15] - GET Result :: Status code: 200"}
{"level":"info","time":"2025-05-25T08:56:04+02:00","message":" - DoPost Result :: Status code: 200"}
{"level":"info","time":"2025-05-25T08:56:04+02:00","message":" - Headers :\r\nDate:Sun, 25 May 2025 06:56:03 GMT\nConnection:keep-alive\nAccess-Control-Allow-Origin:*\nAccess-Control-Allow-Credentials:true\n"}
{"level":"info","time":"2025-05-25T08:56:04+02:00","message":" - Headers :\r\nAccess-Control-Allow-Origin:*\nAccess-Control-Allow-Credentials:true\nDate:Sun, 25 May 2025 06:56:03 GMT\nConnection:keep-alive\n"}
{"level":"info","time":"2025-05-25T08:56:07+02:00","message":" - DoPost Result :: Status code: 200"}
{"level":"info","time":"2025-05-25T08:56:07+02:00","message":" - [16] - GET Result :: Status code: 200"}
{"level":"info","time":"2025-05-25T08:56:07+02:00","message":" - Headers :\r\nDate:Sun, 25 May 2025 06:56:06 GMT\nConnection:keep-alive\nAccess-Control-Allow-Origin:*\nAccess-Control-Allow-Credentials:true\n"}
{"level":"info","time":"2025-05-25T08:56:07+02:00","message":" - Headers :\r\nAccess-Control-Allow-Origin:*\nAccess-Control-Allow-Credentials:true\nDate:Sun, 25 May 2025 06:56:06 GMT\nConnection:keep-alive\n"}
{"level":"info","time":"2025-05-25T08:56:10+02:00","message":" - DoPost Result :: Status code: 200"}
{"level":"info","time":"2025-05-25T08:56:10+02:00","message":" - Headers :\r\nDate:Sun, 25 May 2025 06:56:09 GMT\nConnection:keep-alive\nAccess-Control-Allow-Origin:*\nAccess-Control-Allow-Credentials:true\n"}
{"level":"info","time":"2025-05-25T08:56:10+02:00","message":" - [17] - GET Result :: Status code: 200"}
{"level":"info","time":"2025-05-25T08:56:10+02:00","message":" - Headers :\r\nAccess-Control-Allow-Credentials:true\nDate:Sun, 25 May 2025 06:56:09 GMT\nConnection:keep-alive\nAccess-Control-Allow-Origin:*\n"}
{"level":"info","time":"2025-05-25T08:56:13+02:00","message":" - [18] - GET Result :: Status code: 200"}
{"level":"info","time":"2025-05-25T08:56:13+02:00","message":" - Headers :\r\nDate:Sun, 25 May 2025 06:56:12 GMT\nConnection:keep-alive\nAccess-Control-Allow-Origin:*\nAccess-Control-Allow-Credentials:true\n"}
{"level":"info","time":"2025-05-25T08:56:13+02:00","message":" - DoPost Result :: Status code: 200"}
{"level":"info","time":"2025-05-25T08:56:13+02:00","message":" - Headers :\r\nAccess-Control-Allow-Origin:*\nAccess-Control-Allow-Credentials:true\nDate:Sun, 25 May 2025 06:56:13 GMT\nConnection:keep-alive\n"}
{"level":"info","time":"2025-05-25T08:56:15+02:00","message":" - DoPost Result :: Status code: 200"}
{"level":"info","time":"2025-05-25T08:56:15+02:00","message":" - Headers :\r\nConnection:keep-alive\nAccess-Control-Allow-Origin:*\nAccess-Control-Allow-Credentials:true\nDate:Sun, 25 May 2025 06:56:15 GMT\n"}
{"level":"info","time":"2025-05-25T08:56:16+02:00","message":" - [19] - GET Result :: Status code: 200"}
{"level":"info","time":"2025-05-25T08:56:16+02:00","message":" - Headers :\r\nAccess-Control-Allow-Credentials:true\nDate:Sun, 25 May 2025 06:56:16 GMT\nConnection:keep-alive\nAccess-Control-Allow-Origin:*\n"}
{"level":"info","time":"2025-05-25T08:56:19+02:00","message":" - [20] - GET Result :: Status code: 200"}
{"level":"info","time":"2025-05-25T08:56:19+02:00","message":" - DoPost Result :: Status code: 200"}
{"level":"info","time":"2025-05-25T08:56:19+02:00","message":" - Headers :\r\nConnection:keep-alive\nAccess-Control-Allow-Origin:*\nAccess-Control-Allow-Credentials:true\nDate:Sun, 25 May 2025 06:56:18 GMT\n"}
{"level":"info","time":"2025-05-25T08:56:19+02:00","message":" - Headers :\r\nDate:Sun, 25 May 2025 06:56:18 GMT\nConnection:keep-alive\nAccess-Control-Allow-Origin:*\nAccess-Control-Allow-Credentials:true\n"}
{"level":"info","time":"2025-05-25T08:56:22+02:00","message":" - [21] - GET Result :: Status code: 200"}
{"level":"info","time":"2025-05-25T08:56:22+02:00","message":" - Headers :\r\nAccess-Control-Allow-Origin:*\nAccess-Control-Allow-Credentials:true\nDate:Sun, 25 May 2025 06:56:21 GMT\nConnection:keep-alive\n"}
{"level":"info","time":"2025-05-25T08:56:22+02:00","message":" - DoPost Result :: Status code: 200"}
{"level":"info","time":"2025-05-25T08:56:22+02:00","message":" - Headers :\r\nDate:Sun, 25 May 2025 06:56:21 GMT\nConnection:keep-alive\nAccess-Control-Allow-Origin:*\nAccess-Control-Allow-Credentials:true\n"}
{"level":"info","time":"2025-05-25T08:56:25+02:00","message":" - [22] - GET Result :: Status code: 200"}
{"level":"info","time":"2025-05-25T08:56:25+02:00","message":" - Headers :\r\nDate:Sun, 25 May 2025 06:56:25 GMT\nConnection:keep-alive\nAccess-Control-Allow-Origin:*\nAccess-Control-Allow-Credentials:true\n"}
{"level":"info","time":"2025-05-25T08:56:25+02:00","message":" - DoPost Result :: Status code: 200"}
{"level":"info","time":"2025-05-25T08:56:25+02:00","message":" - Headers :\r\nDate:Sun, 25 May 2025 06:56:25 GMT\nConnection:keep-alive\nAccess-Control-Allow-Origin:*\nAccess-Control-Allow-Credentials:true\n"}
{"level":"info","time":"2025-05-25T08:56:28+02:00","message":" - DoPost Result :: Status code: 200"}
{"level":"info","time":"2025-05-25T08:56:28+02:00","message":" - Headers :\r\nDate:Sun, 25 May 2025 06:56:27 GMT\nConnection:keep-alive\nAccess-Control-Allow-Origin:*\nAccess-Control-Allow-Credentials:true\n"}
{"level":"info","time":"2025-05-25T08:56:28+02:00","message":" - [23] - GET Result :: Status code: 200"}
{"level":"info","time":"2025-05-25T08:56:28+02:00","message":" - Headers :\r\nDate:Sun, 25 May 2025 06:56:28 GMT\nConnection:keep-alive\nAccess-Control-Allow-Origin:*\nAccess-Control-Allow-Credentials:true\n"}
{"level":"info","time":"2025-05-25T08:56:31+02:00","message":" - DoPost Result :: Status code: 200"}
{"level":"info","time":"2025-05-25T08:56:31+02:00","message":" - Headers :\r\nAccess-Control-Allow-Credentials:true\nDate:Sun, 25 May 2025 06:56:30 GMT\nConnection:keep-alive\nAccess-Control-Allow-Origin:*\n"}
{"level":"info","time":"2025-05-25T08:56:31+02:00","message":" - [24] - GET Result :: Status code: 200"}
{"level":"info","time":"2025-05-25T08:56:31+02:00","message":" - Headers :\r\nDate:Sun, 25 May 2025 06:56:30 GMT\nConnection:keep-alive\nAccess-Control-Allow-Origin:*\nAccess-Control-Allow-Credentials:true\n"}
{"level":"info","time":"2025-05-25T08:56:34+02:00","message":" - [25] - GET Result :: Status code: 200"}
{"level":"info","time":"2025-05-25T08:56:34+02:00","message":" - Headers :\r\nConnection:keep-alive\nAccess-Control-Allow-Origin:*\nAccess-Control-Allow-Credentials:true\nDate:Sun, 25 May 2025 06:56:33 GMT\n"}
{"level":"info","time":"2025-05-25T08:56:34+02:00","message":" - DoPost Result :: Status code: 200"}
{"level":"info","time":"2025-05-25T08:56:34+02:00","message":" - Headers :\r\nDate:Sun, 25 May 2025 06:56:33 GMT\nConnection:keep-alive\nAccess-Control-Allow-Origin:*\nAccess-Control-Allow-Credentials:true\n"}
{"level":"info","time":"2025-05-25T08:56:37+02:00","message":" - [26] - GET Result :: Status code: 200"}
{"level":"info","time":"2025-05-25T08:56:37+02:00","message":" - Headers :\r\nAccess-Control-Allow-Origin:*\nAccess-Control-Allow-Credentials:true\nDate:Sun, 25 May 2025 06:56:36 GMT\nConnection:keep-alive\n"}
{"level":"info","time":"2025-05-25T08:56:37+02:00","message":" - DoPost Result :: Status code: 200"}
{"level":"info","time":"2025-05-25T08:56:37+02:00","message":" - Headers :\r\nAccess-Control-Allow-Credentials:true\nDate:Sun, 25 May 2025 06:56:36 GMT\nConnection:keep-alive\nAccess-Control-Allow-Origin:*\n"}
{"level":"info","time":"2025-05-25T08:56:40+02:00","message":" - [27] - GET Result :: Status code: 200"}
{"level":"info","time":"2025-05-25T08:56:40+02:00","message":" - Headers :\r\nAccess-Control-Allow-Credentials:true\nDate:Sun, 25 May 2025 06:56:39 GMT\nConnection:keep-alive\nAccess-Control-Allow-Origin:*\n"}
{"level":"info","time":"2025-05-25T08:56:40+02:00","message":" - DoPost Result :: Status code: 200"}
{"level":"info","time":"2025-05-25T08:56:40+02:00","message":" - Headers :\r\nConnection:keep-alive\nAccess-Control-Allow-Origin:*\nAccess-Control-Allow-Credentials:true\nDate:Sun, 25 May 2025 06:56:40 GMT\n"}
{"level":"info","time":"2025-05-25T08:56:42+02:00","message":" - [28] - GET Result :: Status code: 200"}
{"level":"info","time":"2025-05-25T08:56:42+02:00","message":" - Headers :\r\nAccess-Control-Allow-Origin:*\nAccess-Control-Allow-Credentials:true\nDate:Sun, 25 May 2025 06:56:42 GMT\nConnection:keep-alive\n"}
{"level":"info","time":"2025-05-25T08:56:43+02:00","message":" - DoPost Result :: Status code: 200"}
{"level":"info","time":"2025-05-25T08:56:43+02:00","message":" - Headers :\r\nAccess-Control-Allow-Credentials:true\nDate:Sun, 25 May 2025 06:56:42 GMT\nConnection:keep-alive\nAccess-Control-Allow-Origin:*\n"}
{"level":"info","time":"2025-05-25T08:56:46+02:00","message":" - DoPost Result :: Status code: 200"}
{"level":"info","time":"2025-05-25T08:56:46+02:00","message":" - Headers :\r\nDate:Sun, 25 May 2025 06:56:45 GMT\nConnection:keep-alive\nAccess-Control-Allow-Origin:*\nAccess-Control-Allow-Credentials:true\n"}
{"level":"info","time":"2025-05-25T08:56:46+02:00","message":" - [29] - GET Result :: Status code: 200"}
{"level":"info","time":"2025-05-25T08:56:46+02:00","message":" - Headers :\r\nAccess-Control-Allow-Origin:*\nAccess-Control-Allow-Credentials:true\nDate:Sun, 25 May 2025 06:56:46 GMT\nConnection:keep-alive\n"}
{"level":"info","time":"2025-05-25T08:56:49+02:00","message":" - [30] - GET Result :: Status code: 200"}
{"level":"info","time":"2025-05-25T08:56:49+02:00","message":" - Headers :\r\nDate:Sun, 25 May 2025 06:56:48 GMT\nConnection:keep-alive\nAccess-Control-Allow-Origin:*\nAccess-Control-Allow-Credentials:true\n"}
{"level":"info","time":"2025-05-25T08:56:49+02:00","message":" - DoPost Result :: Status code: 200"}
{"level":"info","time":"2025-05-25T08:56:49+02:00","message":" - Headers :\r\nAccess-Control-Allow-Credentials:true\nDate:Sun, 25 May 2025 06:56:49 GMT\nConnection:keep-alive\nAccess-Control-Allow-Origin:*\n"}
{"level":"info","time":"2025-05-25T08:56:52+02:00","message":" - [31] - GET Result :: Status code: 200"}
{"level":"info","time":"2025-05-25T08:56:52+02:00","message":" - Headers :\r\nDate:Sun, 25 May 2025 06:56:51 GMT\nConnection:keep-alive\nAccess-Control-Allow-Origin:*\nAccess-Control-Allow-Credentials:true\n"}
{"level":"info","time":"2025-05-25T08:56:52+02:00","message":" - DoPost Result :: Status code: 200"}
{"level":"info","time":"2025-05-25T08:56:52+02:00","message":" - Headers :\r\nDate:Sun, 25 May 2025 06:56:51 GMT\nConnection:keep-alive\nAccess-Control-Allow-Origin:*\nAccess-Control-Allow-Credentials:true\n"}
{"level":"info","time":"2025-05-25T08:56:55+02:00","message":" - DoPost Result :: Status code: 200"}
{"level":"info","time":"2025-05-25T08:56:55+02:00","message":" - Headers :\r\nDate:Sun, 25 May 2025 06:56:55 GMT\nConnection:keep-alive\nAccess-Control-Allow-Origin:*\nAccess-Control-Allow-Credentials:true\n"}
{"level":"info","time":"2025-05-25T08:56:55+02:00","message":" - [32] - GET Result :: Status code: 200"}
{"level":"info","time":"2025-05-25T08:56:55+02:00","message":" - Headers :\r\nDate:Sun, 25 May 2025 06:56:54 GMT\nConnection:keep-alive\nAccess-Control-Allow-Origin:*\nAccess-Control-Allow-Credentials:true\n"}
{"level":"info","time":"2025-05-25T08:56:55+02:00","message":"Application Framework stopped called......"}
{"level":"info","time":"2025-05-25T08:56:55+02:00","message":"Found AppUnits 1 in pool"}
{"level":"info","time":"2025-05-25T08:56:55+02:00","message":"AppUnit - [0] Stop called"}
{"level":"info","time":"2025-05-25T08:56:55+02:00","message":" - Stopping HTTP demo......"}
{"level":"info","time":"2025-05-25T08:56:55+02:00","message":" - Stopping HTTP demo........... DONE"}
{"level":"info","time":"2025-05-25T08:56:55+02:00","message":" - demo http stopped. stopper channel closed "}
{"level":"info","time":"2025-05-25T08:56:55+02:00","message":" - demo http stopped"}
{"level":"info","time":"2025-05-25T08:56:56+02:00","message":"Stopping SSE monitoring ........"}
{"level":"info","time":"2025-05-25T08:56:56+02:00","message":"Stopping SSE monitoring ....... DONE"}
{"level":"info","time":"2025-05-25T08:56:56+02:00","message":"Stopping HTTP monitoring server........"}
{"level":"info","time":"2025-05-25T08:56:58+02:00","message":"stopping the status broadcasting SSE"}
{"level":"info","time":"2025-05-25T08:56:58+02:00","message":"broadcasting status via SSE stopped"}
{"level":"info","time":"2025-05-25T09:02:06+02:00","message":"Logger Initialized & Started"}
{"level":"info","time":"2025-05-25T09:02:06+02:00","message":"Found 1 pool setting for appunit Http_demo"}
{"level":"info","time":"2025-05-25T09:02:06+02:00","message":"Loading the 0 appunit of pool [1] of Http_demo"}
{"level":"info","time":"2025-05-25T09:02:06+02:00","message":"Starting (0) of [1] - Http_demo.............\nAppunit info -> "}
{"level":"info","time":"2025-05-25T09:02:06+02:00","message":" - Starting ....."}
{"level":"info","time":"2025-05-25T09:02:06+02:00","message":" - Starting the ........... DONE"}
{"level":"info","time":"2025-05-25T09:02:06+02:00","message":"Started ------ (0) of [1] - Http_demo successfully"}
{"level":"info","time":"2025-05-25T09:02:06+02:00","message":"Started\t1 out of 1 pool of appunit Http_demo\n"}
{"level":"info","time":"2025-05-25T09:02:06+02:00","message":"Loaded & started 1 pool of appunits"}
{"level":"info","time":"2025-05-25T09:02:06+02:00","message":"starting the DoGet routine"}
{"level":"info","time":"2025-05-25T09:02:07+02:00","message":"starting HTTP monitoring ......"}
{"level":"info","time":"2025-05-25T09:02:07+02:00","message":"HTTP monitoring started on 127.0.0.1:8080"}
{"level":"info","time":"2025-05-25T09:02:09+02:00","message":"broadcasting event messages via SSE started"}
{"level":"info","time":"2025-05-25T09:02:09+02:00","message":"broadcasting status via SSE started"}
{"level":"info","time":"2025-05-25T09:02:09+02:00","message":"broadcasting log messages via SSE started"}
{"level":"info","time":"2025-05-25T09:02:10+02:00","message":" - [0] - GET Result :: Status code: 200"}
{"level":"info","time":"2025-05-25T09:02:10+02:00","message":" - Headers :\r\nDate:Sun, 25 May 2025 07:02:10 GMT\nConnection:keep-alive\nAccess-Control-Allow-Origin:*\nAccess-Control-Allow-Credentials:true\n"}
{"level":"info","time":"2025-05-25T09:02:10+02:00","message":" - DoPost Result :: Status code: 200"}
{"level":"info","time":"2025-05-25T09:02:10+02:00","message":" - Headers :\r\nDate:Sun, 25 May 2025 07:02:10 GMT\nConnection:keep-alive\nAccess-Control-Allow-Origin:*\nAccess-Control-Allow-Credentials:true\n"}
{"level":"info","time":"2025-05-25T09:02:13+02:00","message":" - [1] - GET Result :: Status code: 200"}
{"level":"info","time":"2025-05-25T09:02:13+02:00","message":" - Headers :\r\nDate:Sun, 25 May 2025 07:02:13 GMT\nConnection:keep-alive\nAccess-Control-Allow-Origin:*\nAccess-Control-Allow-Credentials:true\n"}
{"level":"info","time":"2025-05-25T09:02:13+02:00","message":" - DoPost Result :: Status code: 200"}
{"level":"info","time":"2025-05-25T09:02:13+02:00","message":" - Headers :\r\nAccess-Control-Allow-Origin:*\nAccess-Control-Allow-Credentials:true\nDate:Sun, 25 May 2025 07:02:13 GMT\nConnection:keep-alive\n"}
{"level":"info","time":"2025-05-25T09:02:16+02:00","message":" - [2] - GET Result :: Status code: 200"}
{"level":"info","time":"2025-05-25T09:02:16+02:00","message":" - Headers :\r\nDate:Sun, 25 May 2025 07:02:15 GMT\nConnection:keep-alive\nAccess-Control-Allow-Origin:*\nAccess-Control-Allow-Credentials:true\n"}
{"level":"info","time":"2025-05-25T09:02:16+02:00","message":" - DoPost Result :: Status code: 200"}
{"level":"info","time":"2025-05-25T09:02:16+02:00","message":" - Headers :\r\nAccess-Control-Allow-Origin:*\nAccess-Control-Allow-Credentials:true\nDate:Sun, 25 May 2025 07:02:15 GMT\nConnection:keep-alive\n"}
{"level":"info","time":"2025-05-25T09:02:18+02:00","message":" - [3] - GET Result :: Status code: 200"}
{"level":"info","time":"2025-05-25T09:02:18+02:00","message":" - Headers :\r\nDate:Sun, 25 May 2025 07:02:18 GMT\nConnection:keep-alive\nAccess-Control-Allow-Origin:*\nAccess-Control-Allow-Credentials:true\n"}
{"level":"info","time":"2025-05-25T09:02:18+02:00","message":" - DoPost Result :: Status code: 200"}
{"level":"info","time":"2025-05-25T09:02:18+02:00","message":" - Headers :\r\nDate:Sun, 25 May 2025 07:02:18 GMT\nConnection:keep-alive\nAccess-Control-Allow-Origin:*\nAccess-Control-Allow-Credentials:true\n"}
{"level":"info","time":"2025-05-25T09:02:22+02:00","message":" - [4] - GET Result :: Status code: 200"}
{"level":"info","time":"2025-05-25T09:02:22+02:00","message":" - Headers :\r\nAccess-Control-Allow-Origin:*\nAccess-Control-Allow-Credentials:true\nDate:Sun, 25 May 2025 07:02:21 GMT\nConnection:keep-alive\n"}
{"level":"info","time":"2025-05-25T09:02:22+02:00","message":" - DoPost Result :: Status code: 200"}
{"level":"info","time":"2025-05-25T09:02:22+02:00","message":" - Headers :\r\nDate:Sun, 25 May 2025 07:02:22 GMT\nConnection:keep-alive\nAccess-Control-Allow-Origin:*\nAccess-Control-Allow-Credentials:true\n"}
{"level":"info","time":"2025-05-25T09:02:25+02:00","message":" - [5] - GET Result :: Status code: 200"}
{"level":"info","time":"2025-05-25T09:02:25+02:00","message":" - Headers :\r\nConnection:keep-alive\nAccess-Control-Allow-Origin:*\nAccess-Control-Allow-Credentials:true\nDate:Sun, 25 May 2025 07:02:24 GMT\n"}
{"level":"info","time":"2025-05-25T09:02:25+02:00","message":" - DoPost Result :: Status code: 200"}
{"level":"info","time":"2025-05-25T09:02:25+02:00","message":" - Headers :\r\nDate:Sun, 25 May 2025 07:02:25 GMT\nConnection:keep-alive\nAccess-Control-Allow-Origin:*\nAccess-Control-Allow-Credentials:true\n"}
{"level":"info","time":"2025-05-25T09:02:27+02:00","message":" - DoPost Result :: Status code: 200"}
{"level":"info","time":"2025-05-25T09:02:27+02:00","message":" - [6] - GET Result :: Status code: 200"}
{"level":"info","time":"2025-05-25T09:02:27+02:00","message":" - Headers :\r\nDate:Sun, 25 May 2025 07:02:27 GMT\nConnection:keep-alive\nAccess-Control-Allow-Origin:*\nAccess-Control-Allow-Credentials:true\n"}
{"level":"info","time":"2025-05-25T09:02:27+02:00","message":" - Headers :\r\nDate:Sun, 25 May 2025 07:02:27 GMT\nConnection:keep-alive\nAccess-Control-Allow-Origin:*\nAccess-Control-Allow-Credentials:true\n"}
{"level":"info","time":"2025-05-25T09:02:30+02:00","message":" - DoPost Result :: Status code: 200"}
{"level":"info","time":"2025-05-25T09:02:30+02:00","message":" - Headers :\r\nAccess-Control-Allow-Credentials:true\nDate:Sun, 25 May 2025 07:02:30 GMT\nConnection:keep-alive\nAccess-Control-Allow-Origin:*\n"}
{"level":"info","time":"2025-05-25T09:02:31+02:00","message":" - [7] - GET Result :: Status code: 200"}
{"level":"info","time":"2025-05-25T09:02:31+02:00","message":" - Headers :\r\nDate:Sun, 25 May 2025 07:02:30 GMT\nConnection:keep-alive\nAccess-Control-Allow-Origin:*\nAccess-Control-Allow-Credentials:true\n"}
{"level":"info","time":"2025-05-25T09:02:33+02:00","message":" - [8] - GET Result :: Status code: 200"}
{"level":"info","time":"2025-05-25T09:02:33+02:00","message":" - DoPost Result :: Status code: 200"}
{"level":"info","time":"2025-05-25T09:02:33+02:00","message":" - Headers :\r\nDate:Sun, 25 May 2025 07:02:33 GMT\nConnection:keep-alive\nAccess-Control-Allow-Origin:*\nAccess-Control-Allow-Credentials:true\n"}
{"level":"info","time":"2025-05-25T09:02:33+02:00","message":" - Headers :\r\nDate:Sun, 25 May 2025 07:02:33 GMT\nConnection:keep-alive\nAccess-Control-Allow-Origin:*\nAccess-Control-Allow-Credentials:true\n"}
{"level":"info","time":"2025-05-25T09:02:37+02:00","message":" - DoPost Result :: Status code: 200"}
{"level":"info","time":"2025-05-25T09:02:37+02:00","message":" - Headers :\r\nDate:Sun, 25 May 2025 07:02:37 GMT\nConnection:keep-alive\nAccess-Control-Allow-Origin:*\nAccess-Control-Allow-Credentials:true\n"}
{"level":"info","time":"2025-05-25T09:02:38+02:00","message":" - [9] - GET Result :: Status code: 200"}
{"level":"info","time":"2025-05-25T09:02:38+02:00","message":" - Headers :\r\nDate:Sun, 25 May 2025 07:02:38 GMT\nConnection:keep-alive\nAccess-Control-Allow-Origin:*\nAccess-Control-Allow-Credentials:true\n"}
{"level":"info","time":"2025-05-25T09:02:39+02:00","message":" - [10] - GET Result :: Status code: 200"}
{"level":"info","time":"2025-05-25T09:02:39+02:00","message":" - Headers :\r\nDate:Sun, 25 May 2025 07:02:39 GMT\nConnection:keep-alive\nAccess-Control-Allow-Origin:*\nAccess-Control-Allow-Credentials:true\n"}
{"level":"info","time":"2025-05-25T09:02:40+02:00","message":" - DoPost Result :: Status code: 200"}
{"level":"info","time":"2025-05-25T09:02:40+02:00","message":" - Headers :\r\nDate:Sun, 25 May 2025 07:02:40 GMT\nConnection:keep-alive\nAccess-Control-Allow-Origin:*\nAccess-Control-Allow-Credentials:true\n"}
{"level":"info","time":"2025-05-25T09:02:42+02:00","message":" - [11] - GET Result :: Status code: 200"}
{"level":"info","time":"2025-05-25T09:02:42+02:00","message":" - Headers :\r\nConnection:keep-alive\nAccess-Control-Allow-Origin:*\nAccess-Control-Allow-Credentials:true\nDate:Sun, 25 May 2025 07:02:42 GMT\n"}
{"level":"info","time":"2025-05-25T09:02:42+02:00","message":" - DoPost Result :: Status code: 200"}
{"level":"info","time":"2025-05-25T09:02:42+02:00","message":" - Headers :\r\nDate:Sun, 25 May 2025 07:02:42 GMT\nConnection:keep-alive\nAccess-Control-Allow-Origin:*\nAccess-Control-Allow-Credentials:true\n"}
{"level":"info","time":"2025-05-25T09:02:46+02:00","message":" - DoPost Result :: Status code: 200"}
{"level":"info","time":"2025-05-25T09:02:46+02:00","message":" - Headers :\r\nAccess-Control-Allow-Origin:*\nAccess-Control-Allow-Credentials:true\nDate:Sun, 25 May 2025 07:02:45 GMT\nConnection:keep-alive\n"}
{"level":"info","time":"2025-05-25T09:02:46+02:00","message":" - [12] - GET Result :: Status code: 200"}
{"level":"info","time":"2025-05-25T09:02:46+02:00","message":" - Headers :\r\nDate:Sun, 25 May 2025 07:02:46 GMT\nConnection:keep-alive\nAccess-Control-Allow-Origin:*\nAccess-Control-Allow-Credentials:true\n"}
{"level":"info","time":"2025-05-25T09:02:48+02:00","message":" - [13] - GET Result :: Status code: 200"}
{"level":"info","time":"2025-05-25T09:02:48+02:00","message":" - Headers :\r\nAccess-Control-Allow-Credentials:true\nDate:Sun, 25 May 2025 07:02:48 GMT\nConnection:keep-alive\nAccess-Control-Allow-Origin:*\n"}
{"level":"info","time":"2025-05-25T09:02:48+02:00","message":" - DoPost Result :: Status code: 200"}
{"level":"info","time":"2025-05-25T09:02:48+02:00","message":" - Headers :\r\nAccess-Control-Allow-Credentials:true\nDate:Sun, 25 May 2025 07:02:48 GMT\nConnection:keep-alive\nAccess-Control-Allow-Origin:*\n"}
{"level":"info","time":"2025-05-25T09:02:52+02:00","message":" - [14] - GET Result :: Status code: 200"}
{"level":"info","time":"2025-05-25T09:02:52+02:00","message":" - Headers :\r\nDate:Sun, 25 May 2025 07:02:51 GMT\nConnection:keep-alive\nAccess-Control-Allow-Origin:*\nAccess-Control-Allow-Credentials:true\n"}
{"level":"info","time":"2025-05-25T09:02:52+02:00","message":" - DoPost Result :: Status code: 200"}
{"level":"info","time":"2025-05-25T09:02:52+02:00","message":" - Headers :\r\nDate:Sun, 25 May 2025 07:02:52 GMT\nConnection:keep-alive\nAccess-Control-Allow-Origin:*\nAccess-Control-Allow-Credentials:true\n"}
{"level":"info","time":"2025-05-25T09:02:55+02:00","message":" - DoPost Result :: Status code: 200"}
{"level":"info","time":"2025-05-25T09:02:55+02:00","message":" - Headers :\r\nDate:Sun, 25 May 2025 07:02:54 GMT\nConnection:keep-alive\nAccess-Control-Allow-Origin:*\nAccess-Control-Allow-Credentials:true\n"}
{"level":"info","time":"2025-05-25T09:02:55+02:00","message":" - [15] - GET Result :: Status code: 200"}
{"level":"info","time":"2025-05-25T09:02:55+02:00","message":" - Headers :\r\nDate:Sun, 25 May 2025 07:02:55 GMT\nConnection:keep-alive\nAccess-Control-Allow-Origin:*\nAccess-Control-Allow-Credentials:true\n"}
{"level":"info","time":"2025-05-25T09:02:57+02:00","message":" - [16] - GET Result :: Status code: 200"}
{"level":"info","time":"2025-05-25T09:02:57+02:00","message":" - Headers :\r\nDate:Sun, 25 May 2025 07:02:57 GMT\nConnection:keep-alive\nAccess-Control-Allow-Origin:*\nAccess-Control-Allow-Credentials:true\n"}
{"level":"info","time":"2025-05-25T09:02:58+02:00","message":" - DoPost Result :: Status code: 200"}
{"level":"info","time":"2025-05-25T09:02:58+02:00","message":" - Headers :\r\nDate:Sun, 25 May 2025 07:02:58 GMT\nConnection:keep-alive\nAccess-Control-Allow-Origin:*\nAccess-Control-Allow-Credentials:true\n"}
{"level":"info","time":"2025-05-25T09:03:01+02:00","message":" - DoPost Result :: Status code: 200"}
{"level":"info","time":"2025-05-25T09:03:01+02:00","message":" - Headers :\r\nAccess-Control-Allow-Credentials:true\nDate:Sun, 25 May 2025 07:03:00 GMT\nConnection:keep-alive\nAccess-Control-Allow-Origin:*\n"}
{"level":"info","time":"2025-05-25T09:03:01+02:00","message":" - [17] - GET Result :: Status code: 200"}
{"level":"info","time":"2025-05-25T09:03:01+02:00","message":" - Headers :\r\nDate:Sun, 25 May 2025 07:03:01 GMT\nConnection:keep-alive\nAccess-Control-Allow-Origin:*\nAccess-Control-Allow-Credentials:true\n"}
{"level":"info","time":"2025-05-25T09:03:04+02:00","message":" - [18] - GET Result :: Status code: 200"}
{"level":"info","time":"2025-05-25T09:03:04+02:00","message":" - DoPost Result :: Status code: 200"}
{"level":"info","time":"2025-05-25T09:03:04+02:00","message":" - Headers :\r\nConnection:keep-alive\nAccess-Control-Allow-Origin:*\nAccess-Control-Allow-Credentials:true\nDate:Sun, 25 May 2025 07:03:03 GMT\n"}
{"level":"info","time":"2025-05-25T09:03:04+02:00","message":" - Headers :\r\nDate:Sun, 25 May 2025 07:03:03 GMT\nConnection:keep-alive\nAccess-Control-Allow-Origin:*\nAccess-Control-Allow-Credentials:true\n"}
{"level":"info","time":"2025-05-25T09:03:07+02:00","message":" - DoPost Result :: Status code: 200"}
{"level":"info","time":"2025-05-25T09:03:07+02:00","message":" - Headers :\r\nDate:Sun, 25 May 2025 07:03:06 GMT\nConnection:keep-alive\nAccess-Control-Allow-Origin:*\nAccess-Control-Allow-Credentials:true\n"}
{"level":"info","time":"2025-05-25T09:03:07+02:00","message":" - [19] - GET Result :: Status code: 200"}
{"level":"info","time":"2025-05-25T09:03:07+02:00","message":" - Headers :\r\nAccess-Control-Allow-Origin:*\nAccess-Control-Allow-Credentials:true\nDate:Sun, 25 May 2025 07:03:06 GMT\nConnection:keep-alive\n"}
{"level":"info","time":"2025-05-25T09:03:10+02:00","message":" - [20] - GET Result :: Status code: 200"}
{"level":"info","time":"2025-05-25T09:03:10+02:00","message":" - DoPost Result :: Status code: 200"}
{"level":"info","time":"2025-05-25T09:03:10+02:00","message":" - Headers :\r\nAccess-Control-Allow-Origin:*\nAccess-Control-Allow-Credentials:true\nDate:Sun, 25 May 2025 07:03:09 GMT\nConnection:keep-alive\n"}
{"level":"info","time":"2025-05-25T09:03:10+02:00","message":" - Headers :\r\nConnection:keep-alive\nAccess-Control-Allow-Origin:*\nAccess-Control-Allow-Credentials:true\nDate:Sun, 25 May 2025 07:03:09 GMT\n"}
{"level":"info","time":"2025-05-25T09:03:10+02:00","message":"Application Framework stopped called......"}
{"level":"info","time":"2025-05-25T09:03:10+02:00","message":"Found AppUnits 1 in pool"}
{"level":"info","time":"2025-05-25T09:03:10+02:00","message":"AppUnit - [0] Stop called"}
{"level":"info","time":"2025-05-25T09:03:10+02:00","message":" - Stopping HTTP demo......"}
{"level":"info","time":"2025-05-25T09:03:10+02:00","message":" - Stopping HTTP demo........... DONE"}
{"level":"info","time":"2025-05-25T09:03:10+02:00","message":" - demo http stopped. stopper channel closed "}
{"level":"info","time":"2025-05-25T09:03:10+02:00","message":" - demo http stopped"}
{"level":"info","time":"2025-05-25T09:03:10+02:00","message":"Stopping SSE monitoring ........"}
{"level":"info","time":"2025-05-25T09:03:10+02:00","message":"Stopping SSE monitoring ....... DONE"}
{"level":"info","time":"2025-05-25T09:03:10+02:00","message":"Stopping HTTP monitoring server........"}
{"level":"info","time":"2025-05-25T09:03:14+02:00","message":"stopping the status broadcasting SSE"}
{"level":"info","time":"2025-05-25T09:03:14+02:00","message":"broadcasting status via SSE stopped"}
{"level":"info","time":"2025-05-25T09:09:40+02:00","message":"Logger Initialized & Started"}
{"level":"info","time":"2025-05-25T09:09:40+02:00","message":"Found 1 pool setting for appunit Http_demo"}
{"level":"info","time":"2025-05-25T09:09:40+02:00","message":"Loading the 0 appunit of pool [1] of Http_demo"}
{"level":"info","time":"2025-05-25T09:09:40+02:00","message":"Starting (0) of [1] - Http_demo.............\nAppunit info -> "}
{"level":"info","time":"2025-05-25T09:09:40+02:00","message":" - Starting ....."}
{"level":"info","time":"2025-05-25T09:09:40+02:00","message":" - Starting the ........... DONE"}
{"level":"info","time":"2025-05-25T09:09:40+02:00","message":"Started ------ (0) of [1] - Http_demo successfully"}
{"level":"info","time":"2025-05-25T09:09:40+02:00","message":"Started\t1 out of 1 pool of appunit Http_demo\n"}
{"level":"info","time":"2025-05-25T09:09:40+02:00","message":"Loaded & started 1 pool of appunits"}
{"level":"info","time":"2025-05-25T09:09:40+02:00","message":"starting the DoGet routine"}
{"level":"info","time":"2025-05-25T09:09:41+02:00","message":"starting HTTP monitoring ......"}
{"level":"info","time":"2025-05-25T09:09:41+02:00","message":"HTTP monitoring started on 127.0.0.1:8080"}
{"level":"info","time":"2025-05-25T09:09:43+02:00","message":"broadcasting status via SSE started"}
{"level":"info","time":"2025-05-25T09:09:43+02:00","message":"broadcasting event messages via SSE started"}
{"level":"info","time":"2025-05-25T09:09:43+02:00","message":"broadcasting log messages via SSE started"}
{"level":"info","time":"2025-05-25T09:09:43+02:00","message":" - DoPost Result :: Status code: 200"}
{"level":"info","time":"2025-05-25T09:09:43+02:00","message":" - Headers :\r\nAccess-Control-Allow-Credentials:true\nDate:Sun, 25 May 2025 07:09:43 GMT\nConnection:keep-alive\nAccess-Control-Allow-Origin:*\n"}
{"level":"info","time":"2025-05-25T09:09:43+02:00","message":" - [0] - GET Result :: Status code: 200"}
{"level":"info","time":"2025-05-25T09:09:43+02:00","message":" - Headers :\r\nAccess-Control-Allow-Credentials:true\nDate:Sun, 25 May 2025 07:09:43 GMT\nConnection:keep-alive\nAccess-Control-Allow-Origin:*\n"}
{"level":"info","time":"2025-05-25T09:09:46+02:00","message":" - DoPost Result :: Status code: 200"}
{"level":"info","time":"2025-05-25T09:09:46+02:00","message":" - [1] - GET Result :: Status code: 200"}
{"level":"info","time":"2025-05-25T09:09:46+02:00","message":" - Headers :\r\nConnection:keep-alive\nAccess-Control-Allow-Origin:*\nAccess-Control-Allow-Credentials:true\nDate:Sun, 25 May 2025 07:09:46 GMT\n"}
{"level":"info","time":"2025-05-25T09:09:46+02:00","message":" - Headers :\r\nAccess-Control-Allow-Credentials:true\nDate:Sun, 25 May 2025 07:09:46 GMT\nConnection:keep-alive\nAccess-Control-Allow-Origin:*\n"}
{"level":"info","time":"2025-05-25T09:09:49+02:00","message":" - DoPost Result :: Status code: 200"}
{"level":"info","time":"2025-05-25T09:09:49+02:00","message":" - Headers :\r\nDate:Sun, 25 May 2025 07:09:49 GMT\nConnection:keep-alive\nAccess-Control-Allow-Origin:*\nAccess-Control-Allow-Credentials:true\n"}
{"level":"info","time":"2025-05-25T09:09:49+02:00","message":" - [2] - GET Result :: Status code: 200"}
{"level":"info","time":"2025-05-25T09:09:49+02:00","message":" - Headers :\r\nDate:Sun, 25 May 2025 07:09:49 GMT\nConnection:keep-alive\nAccess-Control-Allow-Origin:*\nAccess-Control-Allow-Credentials:true\n"}
{"level":"info","time":"2025-05-25T09:09:53+02:00","message":" - [3] - GET Result :: Status code: 200"}
{"level":"info","time":"2025-05-25T09:09:53+02:00","message":" - Headers :\r\nDate:Sun, 25 May 2025 07:09:53 GMT\nConnection:keep-alive\nAccess-Control-Allow-Origin:*\nAccess-Control-Allow-Credentials:true\n"}
{"level":"info","time":"2025-05-25T09:09:53+02:00","message":" - DoPost Result :: Status code: 200"}
{"level":"info","time":"2025-05-25T09:09:53+02:00","message":" - Headers :\r\nDate:Sun, 25 May 2025 07:09:53 GMT\nConnection:keep-alive\nAccess-Control-Allow-Origin:*\nAccess-Control-Allow-Credentials:true\n"}
{"level":"info","time":"2025-05-25T09:09:55+02:00","message":" - DoPost Result :: Status code: 200"}
{"level":"info","time":"2025-05-25T09:09:55+02:00","message":" - Headers :\r\nAccess-Control-Allow-Credentials:true\nDate:Sun, 25 May 2025 07:09:55 GMT\nConnection:keep-alive\nAccess-Control-Allow-Origin:*\n"}
{"level":"info","time":"2025-05-25T09:09:56+02:00","message":" - [4] - GET Result :: Status code: 200"}
{"level":"info","time":"2025-05-25T09:09:56+02:00","message":" - Headers :\r\nDate:Sun, 25 May 2025 07:09:56 GMT\nConnection:keep-alive\nAccess-Control-Allow-Origin:*\nAccess-Control-Allow-Credentials:true\n"}
{"level":"info","time":"2025-05-25T09:09:58+02:00","message":" - [5] - GET Result :: Status code: 200"}
{"level":"info","time":"2025-05-25T09:09:58+02:00","message":" - Headers :\r\nDate:Sun, 25 May 2025 07:09:58 GMT\nConnection:keep-alive\nAccess-Control-Allow-Origin:*\nAccess-Control-Allow-Credentials:true\n"}
{"level":"info","time":"2025-05-25T09:09:58+02:00","message":" - DoPost Result :: Status code: 200"}
{"level":"info","time":"2025-05-25T09:09:58+02:00","message":" - Headers :\r\nAccess-Control-Allow-Origin:*\nAccess-Control-Allow-Credentials:true\nDate:Sun, 25 May 2025 07:09:58 GMT\nConnection:keep-alive\n"}
{"level":"info","time":"2025-05-25T09:10:01+02:00","message":" - DoPost Result :: Status code: 200"}
{"level":"info","time":"2025-05-25T09:10:01+02:00","message":" - [6] - GET Result :: Status code: 200"}
{"level":"info","time":"2025-05-25T09:10:01+02:00","message":" - Headers :\r\nAccess-Control-Allow-Credentials:true\nDate:Sun, 25 May 2025 07:10:01 GMT\nConnection:keep-alive\nAccess-Control-Allow-Origin:*\n"}
{"level":"info","time":"2025-05-25T09:10:01+02:00","message":" - Headers :\r\nDate:Sun, 25 May 2025 07:10:01 GMT\nConnection:keep-alive\nAccess-Control-Allow-Origin:*\nAccess-Control-Allow-Credentials:true\n"}
{"level":"info","time":"2025-05-25T09:10:04+02:00","message":" - DoPost Result :: Status code: 200"}
{"level":"info","time":"2025-05-25T09:10:04+02:00","message":" - [7] - GET Result :: Status code: 200"}
{"level":"info","time":"2025-05-25T09:10:04+02:00","message":" - Headers :\r\nAccess-Control-Allow-Credentials:true\nDate:Sun, 25 May 2025 07:10:04 GMT\nConnection:keep-alive\nAccess-Control-Allow-Origin:*\n"}
{"level":"info","time":"2025-05-25T09:10:04+02:00","message":" - Headers :\r\nDate:Sun, 25 May 2025 07:10:04 GMT\nConnection:keep-alive\nAccess-Control-Allow-Origin:*\nAccess-Control-Allow-Credentials:true\n"}
{"level":"info","time":"2025-05-25T09:10:07+02:00","message":" - [8] - GET Result :: Status code: 200"}
{"level":"info","time":"2025-05-25T09:10:07+02:00","message":" - Headers :\r\nDate:Sun, 25 May 2025 07:10:07 GMT\nConnection:keep-alive\nAccess-Control-Allow-Origin:*\nAccess-Control-Allow-Credentials:true\n"}
{"level":"info","time":"2025-05-25T09:10:07+02:00","message":" - DoPost Result :: Status code: 200"}
{"level":"info","time":"2025-05-25T09:10:07+02:00","message":" - Headers :\r\nConnection:keep-alive\nAccess-Control-Allow-Origin:*\nAccess-Control-Allow-Credentials:true\nDate:Sun, 25 May 2025 07:10:07 GMT\n"}
{"level":"info","time":"2025-05-25T09:10:10+02:00","message":" - DoPost Result :: Status code: 200"}
{"level":"info","time":"2025-05-25T09:10:10+02:00","message":" - Headers :\r\nDate:Sun, 25 May 2025 07:10:10 GMT\nConnection:keep-alive\nAccess-Control-Allow-Origin:*\nAccess-Control-Allow-Credentials:true\n"}
{"level":"info","time":"2025-05-25T09:10:10+02:00","message":" - [9] - GET Result :: Status code: 200"}
{"level":"info","time":"2025-05-25T09:10:10+02:00","message":" - Headers :\r\nDate:Sun, 25 May 2025 07:10:10 GMT\nConnection:keep-alive\nAccess-Control-Allow-Origin:*\nAccess-Control-Allow-Credentials:true\n"}
{"level":"info","time":"2025-05-25T09:10:13+02:00","message":" - [10] - GET Result :: Status code: 200"}
{"level":"info","time":"2025-05-25T09:10:13+02:00","message":" - DoPost Result :: Status code: 200"}
{"level":"info","time":"2025-05-25T09:10:13+02:00","message":" - Headers :\r\nDate:Sun, 25 May 2025 07:10:13 GMT\nConnection:keep-alive\nAccess-Control-Allow-Origin:*\nAccess-Control-Allow-Credentials:true\n"}
{"level":"info","time":"2025-05-25T09:10:13+02:00","message":" - Headers :\r\nDate:Sun, 25 May 2025 07:10:13 GMT\nConnection:keep-alive\nAccess-Control-Allow-Origin:*\nAccess-Control-Allow-Credentials:true\n"}
{"level":"info","time":"2025-05-25T09:10:16+02:00","message":" - [11] - GET Result :: Status code: 200"}
{"level":"info","time":"2025-05-25T09:10:16+02:00","message":" - Headers :\r\nDate:Sun, 25 May 2025 07:10:16 GMT\nConnection:keep-alive\nAccess-Control-Allow-Origin:*\nAccess-Control-Allow-Credentials:true\n"}
{"level":"info","time":"2025-05-25T09:10:16+02:00","message":" - DoPost Result :: Status code: 200"}
{"level":"info","time":"2025-05-25T09:10:16+02:00","message":" - Headers :\r\nDate:Sun, 25 May 2025 07:10:16 GMT\nConnection:keep-alive\nAccess-Control-Allow-Origin:*\nAccess-Control-Allow-Credentials:true\n"}
{"level":"info","time":"2025-05-25T09:10:19+02:00","message":" - DoPost Result :: Status code: 200"}
{"level":"info","time":"2025-05-25T09:10:19+02:00","message":" - Headers :\r\nDate:Sun, 25 May 2025 07:10:19 GMT\nConnection:keep-alive\nAccess-Control-Allow-Origin:*\nAccess-Control-Allow-Credentials:true\n"}
{"level":"info","time":"2025-05-25T09:10:19+02:00","message":" - [12] - GET Result :: Status code: 200"}
{"level":"info","time":"2025-05-25T09:10:19+02:00","message":" - Headers :\r\nDate:Sun, 25 May 2025 07:10:19 GMT\nConnection:keep-alive\nAccess-Control-Allow-Origin:*\nAccess-Control-Allow-Credentials:true\n"}
{"level":"info","time":"2025-05-25T09:10:22+02:00","message":" - [13] - GET Result :: Status code: 200"}
{"level":"info","time":"2025-05-25T09:10:22+02:00","message":" - DoPost Result :: Status code: 200"}
{"level":"info","time":"2025-05-25T09:10:22+02:00","message":" - Headers :\r\nDate:Sun, 25 May 2025 07:10:22 GMT\nConnection:keep-alive\nAccess-Control-Allow-Origin:*\nAccess-Control-Allow-Credentials:true\n"}
{"level":"info","time":"2025-05-25T09:10:22+02:00","message":" - Headers :\r\nDate:Sun, 25 May 2025 07:10:22 GMT\nConnection:keep-alive\nAccess-Control-Allow-Origin:*\nAccess-Control-Allow-Credentials:true\n"}
{"level":"info","time":"2025-05-25T09:10:25+02:00","message":" - DoPost Result :: Status code: 200"}
{"level":"info","time":"2025-05-25T09:10:25+02:00","message":" - Headers :\r\nDate:Sun, 25 May 2025 07:10:25 GMT\nConnection:keep-alive\nAccess-Control-Allow-Origin:*\nAccess-Control-Allow-Credentials:true\n"}
{"level":"info","time":"2025-05-25T09:10:26+02:00","message":" - [14] - GET Result :: Status code: 200"}
{"level":"info","time":"2025-05-25T09:10:26+02:00","message":" - Headers :\r\nDate:Sun, 25 May 2025 07:10:25 GMT\nConnection:keep-alive\nAccess-Control-Allow-Origin:*\nAccess-Control-Allow-Credentials:true\n"}
{"level":"info","time":"2025-05-25T09:10:28+02:00","message":" - [15] - GET Result :: Status code: 200"}
{"level":"info","time":"2025-05-25T09:10:28+02:00","message":" - Headers :\r\nDate:Sun, 25 May 2025 07:10:28 GMT\nConnection:keep-alive\nAccess-Control-Allow-Origin:*\nAccess-Control-Allow-Credentials:true\n"}
{"level":"info","time":"2025-05-25T09:10:28+02:00","message":" - DoPost Result :: Status code: 200"}
{"level":"info","time":"2025-05-25T09:10:28+02:00","message":" - Headers :\r\nDate:Sun, 25 May 2025 07:10:28 GMT\nConnection:keep-alive\nAccess-Control-Allow-Origin:*\nAccess-Control-Allow-Credentials:true\n"}
{"level":"info","time":"2025-05-25T09:10:31+02:00","message":" - DoPost Result :: Status code: 200"}
{"level":"info","time":"2025-05-25T09:10:31+02:00","message":" - Headers :\r\nDate:Sun, 25 May 2025 07:10:31 GMT\nConnection:keep-alive\nAccess-Control-Allow-Origin:*\nAccess-Control-Allow-Credentials:true\n"}
{"level":"info","time":"2025-05-25T09:10:31+02:00","message":" - [16] - GET Result :: Status code: 200"}
{"level":"info","time":"2025-05-25T09:10:31+02:00","message":" - Headers :\r\nDate:Sun, 25 May 2025 07:10:31 GMT\nConnection:keep-alive\nAccess-Control-Allow-Origin:*\nAccess-Control-Allow-Credentials:true\n"}
{"level":"info","time":"2025-05-25T09:10:34+02:00","message":" - DoPost Result :: Status code: 200"}
{"level":"info","time":"2025-05-25T09:10:34+02:00","message":" - Headers :\r\nConnection:keep-alive\nAccess-Control-Allow-Origin:*\nAccess-Control-Allow-Credentials:true\nDate:Sun, 25 May 2025 07:10:34 GMT\n"}
{"level":"info","time":"2025-05-25T09:10:34+02:00","message":" - [17] - GET Result :: Status code: 200"}
{"level":"info","time":"2025-05-25T09:10:34+02:00","message":" - Headers :\r\nDate:Sun, 25 May 2025 07:10:34 GMT\nConnection:keep-alive\nAccess-Control-Allow-Origin:*\nAccess-Control-Allow-Credentials:true\n"}
{"level":"info","time":"2025-05-25T09:10:37+02:00","message":" - [18] - GET Result :: Status code: 200"}
{"level":"info","time":"2025-05-25T09:10:37+02:00","message":" - Headers :\r\nConnection:keep-alive\nAccess-Control-Allow-Origin:*\nAccess-Control-Allow-Credentials:true\nDate:Sun, 25 May 2025 07:10:37 GMT\n"}
{"level":"info","time":"2025-05-25T09:10:37+02:00","message":" - DoPost Result :: Status code: 200"}
{"level":"info","time":"2025-05-25T09:10:37+02:00","message":" - Headers :\r\nConnection:keep-alive\nAccess-Control-Allow-Origin:*\nAccess-Control-Allow-Credentials:true\nDate:Sun, 25 May 2025 07:10:37 GMT\n"}
{"level":"info","time":"2025-05-25T09:10:37+02:00","message":"Application Framework stopped called......"}
{"level":"info","time":"2025-05-25T09:10:37+02:00","message":"Found AppUnits 1 in pool"}
{"level":"info","time":"2025-05-25T09:10:37+02:00","message":"AppUnit - [0] Stop called"}
{"level":"info","time":"2025-05-25T09:10:37+02:00","message":" - Stopping HTTP demo......"}
{"level":"info","time":"2025-05-25T09:10:37+02:00","message":" - Stopping HTTP demo........... DONE"}
{"level":"info","time":"2025-05-25T09:10:37+02:00","message":" - demo http stopped"}
{"level":"info","time":"2025-05-25T09:10:37+02:00","message":" - demo http stopped. stopper channel closed "}
{"level":"info","time":"2025-05-25T09:10:37+02:00","message":"Stopping SSE monitoring ........"}
{"level":"info","time":"2025-05-25T09:10:37+02:00","message":"Stopping SSE monitoring ....... DONE"}
{"level":"info","time":"2025-05-25T09:10:37+02:00","message":"Stopping HTTP monitoring server........"}
{"level":"info","time":"2025-05-25T09:10:38+02:00","message":"stopping the status broadcasting SSE"}
{"level":"info","time":"2025-05-25T09:10:38+02:00","message":"broadcasting status via SSE stopped"}
{"level":"info","time":"2025-05-25T09:10:59+02:00","message":"Logger Initialized & Started"}
{"level":"info","time":"2025-05-25T09:10:59+02:00","message":"Found 1 pool setting for appunit Http_demo"}
{"level":"info","time":"2025-05-25T09:10:59+02:00","message":"Loading the 0 appunit of pool [1] of Http_demo"}
{"level":"info","time":"2025-05-25T09:10:59+02:00","message":"Starting (0) of [1] - Http_demo.............\nAppunit info -> "}
{"level":"info","time":"2025-05-25T09:10:59+02:00","message":" - Starting ....."}
{"level":"info","time":"2025-05-25T09:10:59+02:00","message":" - Starting the ........... DONE"}
{"level":"info","time":"2025-05-25T09:10:59+02:00","message":"Started ------ (0) of [1] - Http_demo successfully"}
{"level":"info","time":"2025-05-25T09:10:59+02:00","message":"Started\t1 out of 1 pool of appunit Http_demo\n"}
{"level":"info","time":"2025-05-25T09:10:59+02:00","message":"Loaded & started 1 pool of appunits"}
{"level":"info","time":"2025-05-25T09:10:59+02:00","message":"starting the DoGet routine"}
{"level":"info","time":"2025-05-25T09:11:00+02:00","message":"starting HTTP monitoring ......"}
{"level":"info","time":"2025-05-25T09:11:00+02:00","message":"HTTP monitoring started on 127.0.0.1:8080"}
{"level":"info","time":"2025-05-25T09:11:02+02:00","message":"broadcasting log messages via SSE started"}
{"level":"info","time":"2025-05-25T09:11:02+02:00","message":"broadcasting event messages via SSE started"}
{"level":"info","time":"2025-05-25T09:11:02+02:00","message":"broadcasting status via SSE started"}
{"level":"info","time":"2025-05-25T09:11:02+02:00","message":" - [0] - GET Result :: Status code: 200"}
{"level":"info","time":"2025-05-25T09:11:02+02:00","message":" - Headers :\r\nAccess-Control-Allow-Origin:*\nAccess-Control-Allow-Credentials:true\nDate:Sun, 25 May 2025 07:11:02 GMT\nConnection:keep-alive\n"}
{"level":"info","time":"2025-05-25T09:11:02+02:00","message":" - DoPost Result :: Status code: 200"}
{"level":"info","time":"2025-05-25T09:11:02+02:00","message":" - Headers :\r\nDate:Sun, 25 May 2025 07:11:02 GMT\nConnection:keep-alive\nAccess-Control-Allow-Origin:*\nAccess-Control-Allow-Credentials:true\n"}
{"level":"info","time":"2025-05-25T09:11:05+02:00","message":" - [1] - GET Result :: Status code: 200"}
{"level":"info","time":"2025-05-25T09:11:05+02:00","message":" - Headers :\r\nConnection:keep-alive\nAccess-Control-Allow-Origin:*\nAccess-Control-Allow-Credentials:true\nDate:Sun, 25 May 2025 07:11:05 GMT\n"}
{"level":"info","time":"2025-05-25T09:11:05+02:00","message":" - DoPost Result :: Status code: 200"}
{"level":"info","time":"2025-05-25T09:11:05+02:00","message":" - Headers :\r\nConnection:keep-alive\nAccess-Control-Allow-Origin:*\nAccess-Control-Allow-Credentials:true\nDate:Sun, 25 May 2025 07:11:05 GMT\n"}
{"level":"info","time":"2025-05-25T09:11:08+02:00","message":" - DoPost Result :: Status code: 200"}
{"level":"info","time":"2025-05-25T09:11:08+02:00","message":" - Headers :\r\nDate:Sun, 25 May 2025 07:11:08 GMT\nConnection:keep-alive\nAccess-Control-Allow-Origin:*\nAccess-Control-Allow-Credentials:true\n"}
{"level":"info","time":"2025-05-25T09:11:08+02:00","message":" - [2] - GET Result :: Status code: 200"}
{"level":"info","time":"2025-05-25T09:11:08+02:00","message":" - Headers :\r\nAccess-Control-Allow-Origin:*\nAccess-Control-Allow-Credentials:true\nDate:Sun, 25 May 2025 07:11:08 GMT\nConnection:keep-alive\n"}
{"level":"info","time":"2025-05-25T09:11:11+02:00","message":" - [3] - GET Result :: Status code: 200"}
{"level":"info","time":"2025-05-25T09:11:11+02:00","message":" - Headers :\r\nDate:Sun, 25 May 2025 07:11:11 GMT\nConnection:keep-alive\nAccess-Control-Allow-Origin:*\nAccess-Control-Allow-Credentials:true\n"}
{"level":"info","time":"2025-05-25T09:11:11+02:00","message":" - DoPost Result :: Status code: 200"}
{"level":"info","time":"2025-05-25T09:11:11+02:00","message":" - Headers :\r\nAccess-Control-Allow-Credentials:true\nDate:Sun, 25 May 2025 07:11:11 GMT\nConnection:keep-alive\nAccess-Control-Allow-Origin:*\n"}
{"level":"info","time":"2025-05-25T09:11:14+02:00","message":" - [4] - GET Result :: Status code: 200"}
{"level":"info","time":"2025-05-25T09:11:14+02:00","message":" - Headers :\r\nAccess-Control-Allow-Origin:*\nAccess-Control-Allow-Credentials:true\nDate:Sun, 25 May 2025 07:11:14 GMT\nConnection:keep-alive\n"}
{"level":"info","time":"2025-05-25T09:11:14+02:00","message":" - DoPost Result :: Status code: 200"}
{"level":"info","time":"2025-05-25T09:11:14+02:00","message":" - Headers :\r\nDate:Sun, 25 May 2025 07:11:14 GMT\nConnection:keep-alive\nAccess-Control-Allow-Origin:*\nAccess-Control-Allow-Credentials:true\n"}
{"level":"info","time":"2025-05-25T09:11:17+02:00","message":" - DoPost Result :: Status code: 200"}
{"level":"info","time":"2025-05-25T09:11:17+02:00","message":" - Headers :\r\nConnection:keep-alive\nAccess-Control-Allow-Origin:*\nAccess-Control-Allow-Credentials:true\nDate:Sun, 25 May 2025 07:11:17 GMT\n"}
{"level":"info","time":"2025-05-25T09:11:17+02:00","message":" - [5] - GET Result :: Status code: 200"}
{"level":"info","time":"2025-05-25T09:11:17+02:00","message":" - Headers :\r\nDate:Sun, 25 May 2025 07:11:17 GMT\nConnection:keep-alive\nAccess-Control-Allow-Origin:*\nAccess-Control-Allow-Credentials:true\n"}
{"level":"info","time":"2025-05-25T09:11:20+02:00","message":" - DoPost Result :: Status code: 200"}
{"level":"info","time":"2025-05-25T09:11:20+02:00","message":" - Headers :\r\nConnection:keep-alive\nAccess-Control-Allow-Origin:*\nAccess-Control-Allow-Credentials:true\nDate:Sun, 25 May 2025 07:11:20 GMT\n"}
{"level":"info","time":"2025-05-25T09:11:20+02:00","message":" - [6] - GET Result :: Status code: 200"}
{"level":"info","time":"2025-05-25T09:11:20+02:00","message":" - Headers :\r\nConnection:keep-alive\nAccess-Control-Allow-Origin:*\nAccess-Control-Allow-Credentials:true\nDate:Sun, 25 May 2025 07:11:20 GMT\n"}
{"level":"info","time":"2025-05-25T09:11:23+02:00","message":" - [7] - GET Result :: Status code: 200"}
{"level":"info","time":"2025-05-25T09:11:23+02:00","message":" - Headers :\r\nConnection:keep-alive\nAccess-Control-Allow-Origin:*\nAccess-Control-Allow-Credentials:true\nDate:Sun, 25 May 2025 07:11:23 GMT\n"}
{"level":"info","time":"2025-05-25T09:11:23+02:00","message":" - DoPost Result :: Status code: 200"}
{"level":"info","time":"2025-05-25T09:11:23+02:00","message":" - Headers :\r\nDate:Sun, 25 May 2025 07:11:23 GMT\nConnection:keep-alive\nAccess-Control-Allow-Origin:*\nAccess-Control-Allow-Credentials:true\n"}
{"level":"info","time":"2025-05-25T09:11:26+02:00","message":" - [8] - GET Result :: Status code: 200"}
{"level":"info","time":"2025-05-25T09:11:26+02:00","message":" - Headers :\r\nDate:Sun, 25 May 2025 07:11:26 GMT\nConnection:keep-alive\nAccess-Control-Allow-Origin:*\nAccess-Control-Allow-Credentials:true\n"}
{"level":"info","time":"2025-05-25T09:11:26+02:00","message":" - DoPost Result :: Status code: 200"}
{"level":"info","time":"2025-05-25T09:11:26+02:00","message":" - Headers :\r\nAccess-Control-Allow-Credentials:true\nDate:Sun, 25 May 2025 07:11:26 GMT\nConnection:keep-alive\nAccess-Control-Allow-Origin:*\n"}
{"level":"info","time":"2025-05-25T09:11:29+02:00","message":" - DoPost Result :: Status code: 200"}
{"level":"info","time":"2025-05-25T09:11:29+02:00","message":" - Headers :\r\nAccess-Control-Allow-Credentials:true\nDate:Sun, 25 May 2025 07:11:29 GMT\nConnection:keep-alive\nAccess-Control-Allow-Origin:*\n"}
{"level":"info","time":"2025-05-25T09:11:29+02:00","message":" - [9] - GET Result :: Status code: 200"}
{"level":"info","time":"2025-05-25T09:11:29+02:00","message":" - Headers :\r\nDate:Sun, 25 May 2025 07:11:29 GMT\nConnection:keep-alive\nAccess-Control-Allow-Origin:*\nAccess-Control-Allow-Credentials:true\n"}
{"level":"info","time":"2025-05-25T09:11:32+02:00","message":" - DoPost Result :: Status code: 200"}
{"level":"info","time":"2025-05-25T09:11:32+02:00","message":" - Headers :\r\nDate:Sun, 25 May 2025 07:11:32 GMT\nConnection:keep-alive\nAccess-Control-Allow-Origin:*\nAccess-Control-Allow-Credentials:true\n"}
{"level":"info","time":"2025-05-25T09:11:32+02:00","message":" - [10] - GET Result :: Status code: 200"}
{"level":"info","time":"2025-05-25T09:11:32+02:00","message":" - Headers :\r\nDate:Sun, 25 May 2025 07:11:32 GMT\nConnection:keep-alive\nAccess-Control-Allow-Origin:*\nAccess-Control-Allow-Credentials:true\n"}
{"level":"info","time":"2025-05-25T09:11:35+02:00","message":" - [11] - GET Result :: Status code: 200"}
{"level":"info","time":"2025-05-25T09:11:35+02:00","message":" - Headers :\r\nAccess-Control-Allow-Origin:*\nAccess-Control-Allow-Credentials:true\nDate:Sun, 25 May 2025 07:11:35 GMT\nConnection:keep-alive\n"}
{"level":"info","time":"2025-05-25T09:11:35+02:00","message":" - DoPost Result :: Status code: 200"}
{"level":"info","time":"2025-05-25T09:11:35+02:00","message":" - Headers :\r\nDate:Sun, 25 May 2025 07:11:35 GMT\nConnection:keep-alive\nAccess-Control-Allow-Origin:*\nAccess-Control-Allow-Credentials:true\n"}
{"level":"info","time":"2025-05-25T09:11:38+02:00","message":" - [12] - GET Result :: Status code: 200"}
{"level":"info","time":"2025-05-25T09:11:38+02:00","message":" - Headers :\r\nConnection:keep-alive\nAccess-Control-Allow-Origin:*\nAccess-Control-Allow-Credentials:true\nDate:Sun, 25 May 2025 07:11:38 GMT\n"}
{"level":"info","time":"2025-05-25T09:11:38+02:00","message":" - DoPost Result :: Status code: 200"}
{"level":"info","time":"2025-05-25T09:11:38+02:00","message":" - Headers :\r\nDate:Sun, 25 May 2025 07:11:38 GMT\nConnection:keep-alive\nAccess-Control-Allow-Origin:*\nAccess-Control-Allow-Credentials:true\n"}
{"level":"info","time":"2025-05-25T09:11:41+02:00","message":" - [13] - GET Result :: Status code: 200"}
{"level":"info","time":"2025-05-25T09:11:41+02:00","message":" - Headers :\r\nDate:Sun, 25 May 2025 07:11:41 GMT\nConnection:keep-alive\nAccess-Control-Allow-Origin:*\nAccess-Control-Allow-Credentials:true\n"}
{"level":"info","time":"2025-05-25T09:11:41+02:00","message":" - DoPost Result :: Status code: 200"}
{"level":"info","time":"2025-05-25T09:11:41+02:00","message":" - Headers :\r\nDate:Sun, 25 May 2025 07:11:41 GMT\nConnection:keep-alive\nAccess-Control-Allow-Origin:*\nAccess-Control-Allow-Credentials:true\n"}
{"level":"info","time":"2025-05-25T09:11:44+02:00","message":" - DoPost Result :: Status code: 200"}
{"level":"info","time":"2025-05-25T09:11:44+02:00","message":" - Headers :\r\nDate:Sun, 25 May 2025 07:11:44 GMT\nConnection:keep-alive\nAccess-Control-Allow-Origin:*\nAccess-Control-Allow-Credentials:true\n"}
{"level":"info","time":"2025-05-25T09:11:44+02:00","message":" - [14] - GET Result :: Status code: 200"}
{"level":"info","time":"2025-05-25T09:11:44+02:00","message":" - Headers :\r\nConnection:keep-alive\nAccess-Control-Allow-Origin:*\nAccess-Control-Allow-Credentials:true\nDate:Sun, 25 May 2025 07:11:44 GMT\n"}
{"level":"info","time":"2025-05-25T09:11:47+02:00","message":" - DoPost Result :: Status code: 200"}
{"level":"info","time":"2025-05-25T09:11:47+02:00","message":" - [15] - GET Result :: Status code: 200"}
{"level":"info","time":"2025-05-25T09:11:47+02:00","message":" - Headers :\r\nDate:Sun, 25 May 2025 07:11:47 GMT\nConnection:keep-alive\nAccess-Control-Allow-Origin:*\nAccess-Control-Allow-Credentials:true\n"}
{"level":"info","time":"2025-05-25T09:11:47+02:00","message":" - Headers :\r\nConnection:keep-alive\nAccess-Control-Allow-Origin:*\nAccess-Control-Allow-Credentials:true\nDate:Sun, 25 May 2025 07:11:47 GMT\n"}
{"level":"info","time":"2025-05-25T09:11:50+02:00","message":" - [16] - GET Result :: Status code: 200"}
{"level":"info","time":"2025-05-25T09:11:50+02:00","message":" - Headers :\r\nAccess-Control-Allow-Origin:*\nAccess-Control-Allow-Credentials:true\nDate:Sun, 25 May 2025 07:11:50 GMT\nConnection:keep-alive\n"}
{"level":"info","time":"2025-05-25T09:11:50+02:00","message":" - DoPost Result :: Status code: 200"}
{"level":"info","time":"2025-05-25T09:11:50+02:00","message":" - Headers :\r\nDate:Sun, 25 May 2025 07:11:50 GMT\nConnection:keep-alive\nAccess-Control-Allow-Origin:*\nAccess-Control-Allow-Credentials:true\n"}
{"level":"info","time":"2025-05-25T09:11:53+02:00","message":" - [17] - GET Result :: Status code: 200"}
{"level":"info","time":"2025-05-25T09:11:53+02:00","message":" - Headers :\r\nConnection:keep-alive\nAccess-Control-Allow-Origin:*\nAccess-Control-Allow-Credentials:true\nDate:Sun, 25 May 2025 07:11:53 GMT\n"}
{"level":"info","time":"2025-05-25T09:11:53+02:00","message":" - DoPost Result :: Status code: 200"}
{"level":"info","time":"2025-05-25T09:11:53+02:00","message":" - Headers :\r\nDate:Sun, 25 May 2025 07:11:53 GMT\nConnection:keep-alive\nAccess-Control-Allow-Origin:*\nAccess-Control-Allow-Credentials:true\n"}
{"level":"info","time":"2025-05-25T09:11:56+02:00","message":" - [18] - GET Result :: Status code: 200"}
{"level":"info","time":"2025-05-25T09:11:56+02:00","message":" - Headers :\r\nAccess-Control-Allow-Credentials:true\nDate:Sun, 25 May 2025 07:11:56 GMT\nConnection:keep-alive\nAccess-Control-Allow-Origin:*\n"}
{"level":"info","time":"2025-05-25T09:11:56+02:00","message":" - DoPost Result :: Status code: 200"}
{"level":"info","time":"2025-05-25T09:11:56+02:00","message":" - Headers :\r\nConnection:keep-alive\nAccess-Control-Allow-Origin:*\nAccess-Control-Allow-Credentials:true\nDate:Sun, 25 May 2025 07:11:56 GMT\n"}
{"level":"info","time":"2025-05-25T09:11:59+02:00","message":" - DoPost Result :: Status code: 200"}
{"level":"info","time":"2025-05-25T09:11:59+02:00","message":" - Headers :\r\nDate:Sun, 25 May 2025 07:11:59 GMT\nConnection:keep-alive\nAccess-Control-Allow-Origin:*\nAccess-Control-Allow-Credentials:true\n"}
{"level":"info","time":"2025-05-25T09:11:59+02:00","message":" - [19] - GET Result :: Status code: 200"}
{"level":"info","time":"2025-05-25T09:11:59+02:00","message":" - Headers :\r\nDate:Sun, 25 May 2025 07:11:59 GMT\nConnection:keep-alive\nAccess-Control-Allow-Origin:*\nAccess-Control-Allow-Credentials:true\n"}
{"level":"info","time":"2025-05-25T09:12:01+02:00","message":"Application Framework stopped called......"}
{"level":"info","time":"2025-05-25T09:12:01+02:00","message":"Found AppUnits 1 in pool"}
{"level":"info","time":"2025-05-25T09:12:01+02:00","message":"AppUnit - [0] Stop called"}
{"level":"info","time":"2025-05-25T09:12:01+02:00","message":" - Stopping HTTP demo......"}
{"level":"info","time":"2025-05-25T09:12:01+02:00","message":" - Stopping HTTP demo........... DONE"}
{"level":"info","time":"2025-05-25T09:12:01+02:00","message":" - demo http stopped. stopper channel closed "}
{"level":"info","time":"2025-05-25T09:12:01+02:00","message":" - demo http stopped"}
{"level":"info","time":"2025-05-25T09:12:01+02:00","message":"Stopping SSE monitoring ........"}
{"level":"info","time":"2025-05-25T09:12:01+02:00","message":"Stopping SSE monitoring ....... DONE"}
{"level":"info","time":"2025-05-25T09:12:01+02:00","message":"Stopping HTTP monitoring server........"}
{"level":"info","time":"2025-05-25T09:12:02+02:00","message":"stopping the status broadcasting SSE"}
{"level":"info","time":"2025-05-25T09:12:02+02:00","message":"broadcasting status via SSE stopped"}
{"level":"info","time":"2025-05-25T09:19:52+02:00","message":"Logger Initialized & Started"}
{"level":"info","time":"2025-05-25T09:19:52+02:00","message":"Found 1 pool setting for appunit Http_demo"}
{"level":"info","time":"2025-05-25T09:19:52+02:00","message":"Loading the 0 appunit of pool [1] of Http_demo"}
{"level":"info","time":"2025-05-25T09:19:52+02:00","message":"Starting (0) of [1] - Http_demo.............\nAppunit info -> "}
{"level":"info","time":"2025-05-25T09:19:52+02:00","message":" - Starting ....."}
{"level":"info","time":"2025-05-25T09:19:52+02:00","message":" - Starting the ........... DONE"}
{"level":"info","time":"2025-05-25T09:19:52+02:00","message":"Started ------ (0) of [1] - Http_demo successfully"}
{"level":"info","time":"2025-05-25T09:19:52+02:00","message":"Started\t1 out of 1 pool of appunit Http_demo\n"}
{"level":"info","time":"2025-05-25T09:19:52+02:00","message":"Loaded & started 1 pool of appunits"}
{"level":"info","time":"2025-05-25T09:19:52+02:00","message":"starting the DoGet routine"}
{"level":"info","time":"2025-05-25T09:19:53+02:00","message":"starting HTTP monitoring ......"}
{"level":"info","time":"2025-05-25T09:19:53+02:00","message":"HTTP monitoring started on 127.0.0.1:8080"}
{"level":"info","time":"2025-05-25T09:19:55+02:00","message":"broadcasting status via SSE started"}
{"level":"info","time":"2025-05-25T09:19:55+02:00","message":"broadcasting log messages via SSE started"}
{"level":"info","time":"2025-05-25T09:19:55+02:00","message":"broadcasting event messages via SSE started"}
{"level":"info","time":"2025-05-25T09:19:55+02:00","message":" - [0] - GET Result :: Status code: 200"}
{"level":"info","time":"2025-05-25T09:19:55+02:00","message":" - Headers :\r\nDate:Sun, 25 May 2025 07:19:55 GMT\nConnection:keep-alive\nAccess-Control-Allow-Origin:*\nAccess-Control-Allow-Credentials:true\n"}
{"level":"info","time":"2025-05-25T09:19:55+02:00","message":" - DoPost Result :: Status code: 200"}
{"level":"info","time":"2025-05-25T09:19:55+02:00","message":" - Headers :\r\nDate:Sun, 25 May 2025 07:19:55 GMT\nConnection:keep-alive\nAccess-Control-Allow-Origin:*\nAccess-Control-Allow-Credentials:true\n"}
{"level":"info","time":"2025-05-25T09:19:58+02:00","message":" - [1] - GET Result :: Status code: 200"}
{"level":"info","time":"2025-05-25T09:19:58+02:00","message":" - Headers :\r\nDate:Sun, 25 May 2025 07:19:58 GMT\nConnection:keep-alive\nAccess-Control-Allow-Origin:*\nAccess-Control-Allow-Credentials:true\n"}
{"level":"info","time":"2025-05-25T09:19:59+02:00","message":" - DoPost Result :: Status code: 200"}
{"level":"info","time":"2025-05-25T09:19:59+02:00","message":" - Headers :\r\nAccess-Control-Allow-Credentials:true\nDate:Sun, 25 May 2025 07:19:58 GMT\nConnection:keep-alive\nAccess-Control-Allow-Origin:*\n"}
{"level":"info","time":"2025-05-25T09:20:01+02:00","message":" - [2] - GET Result :: Status code: 200"}
{"level":"info","time":"2025-05-25T09:20:01+02:00","message":" - Headers :\r\nDate:Sun, 25 May 2025 07:20:01 GMT\nConnection:keep-alive\nAccess-Control-Allow-Origin:*\nAccess-Control-Allow-Credentials:true\n"}
{"level":"info","time":"2025-05-25T09:20:01+02:00","message":" - DoPost Result :: Status code: 200"}
{"level":"info","time":"2025-05-25T09:20:01+02:00","message":" - Headers :\r\nConnection:keep-alive\nAccess-Control-Allow-Origin:*\nAccess-Control-Allow-Credentials:true\nDate:Sun, 25 May 2025 07:20:01 GMT\n"}
{"level":"info","time":"2025-05-25T09:20:04+02:00","message":" - [3] - GET Result :: Status code: 200"}
{"level":"info","time":"2025-05-25T09:20:04+02:00","message":" - Headers :\r\nConnection:keep-alive\nAccess-Control-Allow-Origin:*\nAccess-Control-Allow-Credentials:true\nDate:Sun, 25 May 2025 07:20:04 GMT\n"}
{"level":"info","time":"2025-05-25T09:20:04+02:00","message":" - DoPost Result :: Status code: 200"}
{"level":"info","time":"2025-05-25T09:20:04+02:00","message":" - Headers :\r\nDate:Sun, 25 May 2025 07:20:04 GMT\nConnection:keep-alive\nAccess-Control-Allow-Origin:*\nAccess-Control-Allow-Credentials:true\n"}
{"level":"info","time":"2025-05-25T09:20:07+02:00","message":" - [4] - GET Result :: Status code: 200"}
{"level":"info","time":"2025-05-25T09:20:07+02:00","message":" - Headers :\r\nDate:Sun, 25 May 2025 07:20:07 GMT\nConnection:keep-alive\nAccess-Control-Allow-Origin:*\nAccess-Control-Allow-Credentials:true\n"}
{"level":"info","time":"2025-05-25T09:20:07+02:00","message":" - DoPost Result :: Status code: 200"}
{"level":"info","time":"2025-05-25T09:20:07+02:00","message":" - Headers :\r\nDate:Sun, 25 May 2025 07:20:07 GMT\nConnection:keep-alive\nAccess-Control-Allow-Origin:*\nAccess-Control-Allow-Credentials:true\n"}
{"level":"info","time":"2025-05-25T09:20:10+02:00","message":" - [5] - GET Result :: Status code: 200"}
{"level":"info","time":"2025-05-25T09:20:10+02:00","message":" - Headers :\r\nAccess-Control-Allow-Origin:*\nAccess-Control-Allow-Credentials:true\nDate:Sun, 25 May 2025 07:20:10 GMT\nConnection:keep-alive\n"}
{"level":"info","time":"2025-05-25T09:20:10+02:00","message":" - DoPost Result :: Status code: 200"}
{"level":"info","time":"2025-05-25T09:20:10+02:00","message":" - Headers :\r\nConnection:keep-alive\nAccess-Control-Allow-Origin:*\nAccess-Control-Allow-Credentials:true\nDate:Sun, 25 May 2025 07:20:10 GMT\n"}
{"level":"info","time":"2025-05-25T09:20:12+02:00","message":"Application Framework stopped called......"}
{"level":"info","time":"2025-05-25T09:20:12+02:00","message":"Found AppUnits 1 in pool"}
{"level":"info","time":"2025-05-25T09:20:12+02:00","message":"AppUnit - [0] Stop called"}
{"level":"info","time":"2025-05-25T09:20:12+02:00","message":" - Stopping HTTP demo......"}
{"level":"info","time":"2025-05-25T09:20:12+02:00","message":" - Stopping HTTP demo........... DONE"}
{"level":"info","time":"2025-05-25T09:20:12+02:00","message":" - demo http stopped"}
{"level":"info","time":"2025-05-25T09:20:12+02:00","message":" - demo http stopped. stopper channel closed "}
{"level":"info","time":"2025-05-25T09:20:12+02:00","message":"Stopping SSE monitoring ........"}
{"level":"info","time":"2025-05-25T09:20:12+02:00","message":"Stopping SSE monitoring ....... DONE"}
{"level":"info","time":"2025-05-25T09:20:12+02:00","message":"Stopping HTTP monitoring server........"}
{"level":"info","time":"2025-05-25T09:20:15+02:00","message":"stopping the status broadcasting SSE"}
{"level":"info","time":"2025-05-25T09:20:15+02:00","message":"broadcasting status via SSE stopped"}
{"level":"info","time":"2025-05-25T09:27:52+02:00","message":"Logger Initialized & Started"}
{"level":"info","time":"2025-05-25T09:27:52+02:00","message":"Found 1 pool setting for appunit Http_demo"}
{"level":"info","time":"2025-05-25T09:27:52+02:00","message":"Loading the 0 appunit of pool [1] of Http_demo"}
{"level":"info","time":"2025-05-25T09:27:52+02:00","message":"Starting (0) of [1] - Http_demo.............\nAppunit info -> "}
{"level":"info","time":"2025-05-25T09:27:52+02:00","message":" - Starting ....."}
{"level":"info","time":"2025-05-25T09:27:52+02:00","message":" - Starting the ........... DONE"}
{"level":"info","time":"2025-05-25T09:27:52+02:00","message":"Started ------ (0) of [1] - Http_demo successfully"}
{"level":"info","time":"2025-05-25T09:27:52+02:00","message":"Started\t1 out of 1 pool of appunit Http_demo\n"}
{"level":"info","time":"2025-05-25T09:27:52+02:00","message":"Loaded & started 1 pool of appunits"}
{"level":"info","time":"2025-05-25T09:27:52+02:00","message":"starting the DoGet routine"}
{"level":"info","time":"2025-05-25T09:27:53+02:00","message":"starting HTTP monitoring ......"}
{"level":"info","time":"2025-05-25T09:27:53+02:00","message":"HTTP monitoring started on 127.0.0.1:8080"}
{"level":"info","time":"2025-05-25T09:27:55+02:00","message":"broadcasting status via SSE started"}
{"level":"info","time":"2025-05-25T09:27:55+02:00","message":"broadcasting log messages via SSE started"}
{"level":"info","time":"2025-05-25T09:27:55+02:00","message":"broadcasting event messages via SSE started"}
{"level":"info","time":"2025-05-25T09:27:55+02:00","message":" - DoPost Result :: Status code: 200"}
{"level":"info","time":"2025-05-25T09:27:55+02:00","message":" - Headers :\r\nDate:Sun, 25 May 2025 07:27:55 GMT\nConnection:keep-alive\nAccess-Control-Allow-Origin:*\nAccess-Control-Allow-Credentials:true\n"}
{"level":"info","time":"2025-05-25T09:27:55+02:00","message":" - [0] - GET Result :: Status code: 200"}
{"level":"info","time":"2025-05-25T09:27:55+02:00","message":" - Headers :\r\nAccess-Control-Allow-Credentials:true\nDate:Sun, 25 May 2025 07:27:55 GMT\nConnection:keep-alive\nAccess-Control-Allow-Origin:*\n"}
{"level":"info","time":"2025-05-25T09:27:58+02:00","message":" - [1] - GET Result :: Status code: 200"}
{"level":"info","time":"2025-05-25T09:27:58+02:00","message":" - DoPost Result :: Status code: 200"}
{"level":"info","time":"2025-05-25T09:27:58+02:00","message":" - Headers :\r\nDate:Sun, 25 May 2025 07:27:58 GMT\nConnection:keep-alive\nAccess-Control-Allow-Origin:*\nAccess-Control-Allow-Credentials:true\n"}
{"level":"info","time":"2025-05-25T09:27:58+02:00","message":" - Headers :\r\nDate:Sun, 25 May 2025 07:27:58 GMT\nConnection:keep-alive\nAccess-Control-Allow-Origin:*\nAccess-Control-Allow-Credentials:true\n"}
{"level":"info","time":"2025-05-25T09:28:01+02:00","message":" - [2] - GET Result :: Status code: 200"}
{"level":"info","time":"2025-05-25T09:28:01+02:00","message":" - Headers :\r\nConnection:keep-alive\nAccess-Control-Allow-Origin:*\nAccess-Control-Allow-Credentials:true\nDate:Sun, 25 May 2025 07:28:01 GMT\n"}
{"level":"info","time":"2025-05-25T09:28:01+02:00","message":" - DoPost Result :: Status code: 200"}
{"level":"info","time":"2025-05-25T09:28:01+02:00","message":" - Headers :\r\nDate:Sun, 25 May 2025 07:28:01 GMT\nConnection:keep-alive\nAccess-Control-Allow-Origin:*\nAccess-Control-Allow-Credentials:true\n"}
{"level":"info","time":"2025-05-25T09:28:04+02:00","message":" - DoPost Result :: Status code: 200"}
{"level":"info","time":"2025-05-25T09:28:04+02:00","message":" - Headers :\r\nDate:Sun, 25 May 2025 07:28:04 GMT\nConnection:keep-alive\nAccess-Control-Allow-Origin:*\nAccess-Control-Allow-Credentials:true\n"}
{"level":"info","time":"2025-05-25T09:28:04+02:00","message":" - [3] - GET Result :: Status code: 200"}
{"level":"info","time":"2025-05-25T09:28:04+02:00","message":" - Headers :\r\nDate:Sun, 25 May 2025 07:28:04 GMT\nConnection:keep-alive\nAccess-Control-Allow-Origin:*\nAccess-Control-Allow-Credentials:true\n"}
{"level":"info","time":"2025-05-25T09:28:07+02:00","message":" - [4] - GET Result :: Status code: 200"}
{"level":"info","time":"2025-05-25T09:28:07+02:00","message":" - Headers :\r\nConnection:keep-alive\nAccess-Control-Allow-Origin:*\nAccess-Control-Allow-Credentials:true\nDate:Sun, 25 May 2025 07:28:07 GMT\n"}
{"level":"info","time":"2025-05-25T09:28:07+02:00","message":" - DoPost Result :: Status code: 200"}
{"level":"info","time":"2025-05-25T09:28:07+02:00","message":" - Headers :\r\nDate:Sun, 25 May 2025 07:28:07 GMT\nConnection:keep-alive\nAccess-Control-Allow-Origin:*\nAccess-Control-Allow-Credentials:true\n"}
{"level":"info","time":"2025-05-25T09:28:10+02:00","message":" - [5] - GET Result :: Status code: 200"}
{"level":"info","time":"2025-05-25T09:28:10+02:00","message":" - Headers :\r\nDate:Sun, 25 May 2025 07:28:10 GMT\nConnection:keep-alive\nAccess-Control-Allow-Origin:*\nAccess-Control-Allow-Credentials:true\n"}
{"level":"info","time":"2025-05-25T09:28:10+02:00","message":" - DoPost Result :: Status code: 200"}
{"level":"info","time":"2025-05-25T09:28:10+02:00","message":" - Headers :\r\nDate:Sun, 25 May 2025 07:28:10 GMT\nConnection:keep-alive\nAccess-Control-Allow-Origin:*\nAccess-Control-Allow-Credentials:true\n"}
{"level":"info","time":"2025-05-25T09:28:13+02:00","message":" - DoPost Result :: Status code: 200"}
{"level":"info","time":"2025-05-25T09:28:13+02:00","message":" - Headers :\r\nDate:Sun, 25 May 2025 07:28:13 GMT\nConnection:keep-alive\nAccess-Control-Allow-Origin:*\nAccess-Control-Allow-Credentials:true\n"}
{"level":"info","time":"2025-05-25T09:28:13+02:00","message":" - [6] - GET Result :: Status code: 200"}
{"level":"info","time":"2025-05-25T09:28:13+02:00","message":" - Headers :\r\nAccess-Control-Allow-Origin:*\nAccess-Control-Allow-Credentials:true\nDate:Sun, 25 May 2025 07:28:13 GMT\nConnection:keep-alive\n"}
{"level":"info","time":"2025-05-25T09:28:16+02:00","message":" - [7] - GET Result :: Status code: 200"}
{"level":"info","time":"2025-05-25T09:28:16+02:00","message":" - Headers :\r\nDate:Sun, 25 May 2025 07:28:16 GMT\nConnection:keep-alive\nAccess-Control-Allow-Origin:*\nAccess-Control-Allow-Credentials:true\n"}
{"level":"info","time":"2025-05-25T09:28:16+02:00","message":" - DoPost Result :: Status code: 200"}
{"level":"info","time":"2025-05-25T09:28:16+02:00","message":" - Headers :\r\nDate:Sun, 25 May 2025 07:28:16 GMT\nConnection:keep-alive\nAccess-Control-Allow-Origin:*\nAccess-Control-Allow-Credentials:true\n"}
{"level":"info","time":"2025-05-25T09:28:19+02:00","message":" - [8] - GET Result :: Status code: 200"}
{"level":"info","time":"2025-05-25T09:28:19+02:00","message":" - Headers :\r\nAccess-Control-Allow-Origin:*\nAccess-Control-Allow-Credentials:true\nDate:Sun, 25 May 2025 07:28:19 GMT\nConnection:keep-alive\n"}
{"level":"info","time":"2025-05-25T09:28:19+02:00","message":" - DoPost Result :: Status code: 200"}
{"level":"info","time":"2025-05-25T09:28:19+02:00","message":" - Headers :\r\nDate:Sun, 25 May 2025 07:28:19 GMT\nConnection:keep-alive\nAccess-Control-Allow-Origin:*\nAccess-Control-Allow-Credentials:true\n"}
{"level":"info","time":"2025-05-25T09:28:22+02:00","message":" - DoPost Result :: Status code: 200"}
{"level":"info","time":"2025-05-25T09:28:22+02:00","message":" - Headers :\r\nAccess-Control-Allow-Origin:*\nAccess-Control-Allow-Credentials:true\nDate:Sun, 25 May 2025 07:28:22 GMT\nConnection:keep-alive\n"}
{"level":"info","time":"2025-05-25T09:28:22+02:00","message":" - [9] - GET Result :: Status code: 200"}
{"level":"info","time":"2025-05-25T09:28:22+02:00","message":" - Headers :\r\nConnection:keep-alive\nAccess-Control-Allow-Origin:*\nAccess-Control-Allow-Credentials:true\nDate:Sun, 25 May 2025 07:28:22 GMT\n"}
{"level":"info","time":"2025-05-25T09:28:25+02:00","message":" - [10] - GET Result :: Status code: 200"}
{"level":"info","time":"2025-05-25T09:28:25+02:00","message":" - Headers :\r\nConnection:keep-alive\nAccess-Control-Allow-Origin:*\nAccess-Control-Allow-Credentials:true\nDate:Sun, 25 May 2025 07:28:25 GMT\n"}
{"level":"info","time":"2025-05-25T09:28:25+02:00","message":" - DoPost Result :: Status code: 200"}
{"level":"info","time":"2025-05-25T09:28:25+02:00","message":" - Headers :\r\nDate:Sun, 25 May 2025 07:28:25 GMT\nConnection:keep-alive\nAccess-Control-Allow-Origin:*\nAccess-Control-Allow-Credentials:true\n"}
{"level":"info","time":"2025-05-25T09:28:28+02:00","message":" - DoPost Result :: Status code: 200"}
{"level":"info","time":"2025-05-25T09:28:28+02:00","message":" - Headers :\r\nDate:Sun, 25 May 2025 07:28:28 GMT\nConnection:keep-alive\nAccess-Control-Allow-Origin:*\nAccess-Control-Allow-Credentials:true\n"}
{"level":"info","time":"2025-05-25T09:28:28+02:00","message":" - [11] - GET Result :: Status code: 200"}
{"level":"info","time":"2025-05-25T09:28:28+02:00","message":" - Headers :\r\nDate:Sun, 25 May 2025 07:28:28 GMT\nConnection:keep-alive\nAccess-Control-Allow-Origin:*\nAccess-Control-Allow-Credentials:true\n"}
{"level":"info","time":"2025-05-25T09:28:31+02:00","message":" - DoPost Result :: Status code: 200"}
{"level":"info","time":"2025-05-25T09:28:31+02:00","message":" - Headers :\r\nDate:Sun, 25 May 2025 07:28:31 GMT\nConnection:keep-alive\nAccess-Control-Allow-Origin:*\nAccess-Control-Allow-Credentials:true\n"}
{"level":"info","time":"2025-05-25T09:28:31+02:00","message":" - [12] - GET Result :: Status code: 200"}
{"level":"info","time":"2025-05-25T09:28:31+02:00","message":" - Headers :\r\nDate:Sun, 25 May 2025 07:28:31 GMT\nConnection:keep-alive\nAccess-Control-Allow-Origin:*\nAccess-Control-Allow-Credentials:true\n"}
{"level":"info","time":"2025-05-25T09:28:34+02:00","message":" - [13] - GET Result :: Status code: 200"}
{"level":"info","time":"2025-05-25T09:28:34+02:00","message":" - Headers :\r\nDate:Sun, 25 May 2025 07:28:34 GMT\nConnection:keep-alive\nAccess-Control-Allow-Origin:*\nAccess-Control-Allow-Credentials:true\n"}
{"level":"info","time":"2025-05-25T09:28:34+02:00","message":" - DoPost Result :: Status code: 200"}
{"level":"info","time":"2025-05-25T09:28:34+02:00","message":" - Headers :\r\nDate:Sun, 25 May 2025 07:28:34 GMT\nConnection:keep-alive\nAccess-Control-Allow-Origin:*\nAccess-Control-Allow-Credentials:true\n"}
{"level":"info","time":"2025-05-25T09:28:35+02:00","message":"Application Framework stopped called......"}
{"level":"info","time":"2025-05-25T09:28:35+02:00","message":"Found AppUnits 1 in pool"}
{"level":"info","time":"2025-05-25T09:28:35+02:00","message":"AppUnit - [0] Stop called"}
{"level":"info","time":"2025-05-25T09:28:35+02:00","message":" - Stopping HTTP demo......"}
{"level":"info","time":"2025-05-25T09:28:35+02:00","message":" - demo http stopped"}
{"level":"info","time":"2025-05-25T09:28:35+02:00","message":" - Stopping HTTP demo........... DONE"}
{"level":"info","time":"2025-05-25T09:28:35+02:00","message":" - demo http stopped. stopper channel closed "}
{"level":"info","time":"2025-05-25T09:28:35+02:00","message":"Stopping SSE monitoring ........"}
{"level":"info","time":"2025-05-25T09:28:35+02:00","message":"Stopping SSE monitoring ....... DONE"}
{"level":"info","time":"2025-05-25T09:28:35+02:00","message":"Stopping HTTP monitoring server........"}
{"level":"info","time":"2025-05-25T09:28:40+02:00","message":"stopping the status broadcasting SSE"}
{"level":"info","time":"2025-05-25T09:28:40+02:00","message":"broadcasting status via SSE stopped"}
{"level":"info","time":"2025-05-25T09:31:14+02:00","message":"Logger Initialized & Started"}
{"level":"info","time":"2025-05-25T09:31:14+02:00","message":"Found 1 pool setting for appunit Http_demo"}
{"level":"info","time":"2025-05-25T09:31:14+02:00","message":"Loading the 0 appunit of pool [1] of Http_demo"}
{"level":"info","time":"2025-05-25T09:31:14+02:00","message":"Starting (0) of [1] - Http_demo.............\nAppunit info -> "}
{"level":"info","time":"2025-05-25T09:31:14+02:00","message":" - Starting ....."}
{"level":"info","time":"2025-05-25T09:31:14+02:00","message":" - Starting the ........... DONE"}
{"level":"info","time":"2025-05-25T09:31:14+02:00","message":"Started ------ (0) of [1] - Http_demo successfully"}
{"level":"info","time":"2025-05-25T09:31:14+02:00","message":"Started\t1 out of 1 pool of appunit Http_demo\n"}
{"level":"info","time":"2025-05-25T09:31:14+02:00","message":"Loaded & started 1 pool of appunits"}
{"level":"info","time":"2025-05-25T09:31:14+02:00","message":"starting the DoGet routine"}
{"level":"info","time":"2025-05-25T09:31:15+02:00","message":"starting HTTP monitoring ......"}
{"level":"info","time":"2025-05-25T09:31:15+02:00","message":"HTTP monitoring started on 127.0.0.1:8080"}
{"level":"info","time":"2025-05-25T09:31:17+02:00","message":"broadcasting log messages via SSE started"}
{"level":"info","time":"2025-05-25T09:31:17+02:00","message":"broadcasting event messages via SSE started"}
{"level":"info","time":"2025-05-25T09:31:17+02:00","message":"broadcasting status via SSE started"}
{"level":"info","time":"2025-05-25T09:31:18+02:00","message":" - [0] - GET Result :: Status code: 200"}
{"level":"info","time":"2025-05-25T09:31:18+02:00","message":" - Headers :\r\nConnection:keep-alive\nAccess-Control-Allow-Origin:*\nAccess-Control-Allow-Credentials:true\nDate:Sun, 25 May 2025 07:31:17 GMT\n"}
{"level":"info","time":"2025-05-25T09:31:18+02:00","message":" - DoPost Result :: Status code: 200"}
{"level":"info","time":"2025-05-25T09:31:18+02:00","message":" - Headers :\r\nAccess-Control-Allow-Origin:*\nAccess-Control-Allow-Credentials:true\nDate:Sun, 25 May 2025 07:31:17 GMT\nConnection:keep-alive\n"}
{"level":"info","time":"2025-05-25T09:31:20+02:00","message":" - DoPost Result :: Status code: 200"}
{"level":"info","time":"2025-05-25T09:31:20+02:00","message":" - Headers :\r\nConnection:keep-alive\nAccess-Control-Allow-Origin:*\nAccess-Control-Allow-Credentials:true\nDate:Sun, 25 May 2025 07:31:20 GMT\n"}
{"level":"info","time":"2025-05-25T09:31:20+02:00","message":" - [1] - GET Result :: Status code: 200"}
{"level":"info","time":"2025-05-25T09:31:20+02:00","message":" - Headers :\r\nDate:Sun, 25 May 2025 07:31:20 GMT\nConnection:keep-alive\nAccess-Control-Allow-Origin:*\nAccess-Control-Allow-Credentials:true\n"}
{"level":"info","time":"2025-05-25T09:31:23+02:00","message":" - [2] - GET Result :: Status code: 200"}
{"level":"info","time":"2025-05-25T09:31:23+02:00","message":" - Headers :\r\nAccess-Control-Allow-Origin:*\nAccess-Control-Allow-Credentials:true\nDate:Sun, 25 May 2025 07:31:23 GMT\nConnection:keep-alive\n"}
{"level":"info","time":"2025-05-25T09:31:24+02:00","message":" - DoPost Result :: Status code: 200"}
{"level":"info","time":"2025-05-25T09:31:24+02:00","message":" - Headers :\r\nDate:Sun, 25 May 2025 07:31:24 GMT\nConnection:keep-alive\nAccess-Control-Allow-Origin:*\nAccess-Control-Allow-Credentials:true\n"}
{"level":"info","time":"2025-05-25T09:31:26+02:00","message":" - [3] - GET Result :: Status code: 200"}
{"level":"info","time":"2025-05-25T09:31:26+02:00","message":" - Headers :\r\nConnection:keep-alive\nAccess-Control-Allow-Origin:*\nAccess-Control-Allow-Credentials:true\nDate:Sun, 25 May 2025 07:31:26 GMT\n"}
{"level":"info","time":"2025-05-25T09:31:26+02:00","message":" - DoPost Result :: Status code: 200"}
{"level":"info","time":"2025-05-25T09:31:26+02:00","message":" - Headers :\r\nDate:Sun, 25 May 2025 07:31:26 GMT\nConnection:keep-alive\nAccess-Control-Allow-Origin:*\nAccess-Control-Allow-Credentials:true\n"}
{"level":"info","time":"2025-05-25T09:31:29+02:00","message":" - DoPost Result :: Status code: 200"}
{"level":"info","time":"2025-05-25T09:31:29+02:00","message":" - Headers :\r\nDate:Sun, 25 May 2025 07:31:29 GMT\nConnection:keep-alive\nAccess-Control-Allow-Origin:*\nAccess-Control-Allow-Credentials:true\n"}
{"level":"info","time":"2025-05-25T09:31:29+02:00","message":" - [4] - GET Result :: Status code: 200"}
{"level":"info","time":"2025-05-25T09:31:29+02:00","message":" - Headers :\r\nDate:Sun, 25 May 2025 07:31:29 GMT\nConnection:keep-alive\nAccess-Control-Allow-Origin:*\nAccess-Control-Allow-Credentials:true\n"}
{"level":"info","time":"2025-05-25T09:31:29+02:00","message":"Application Framework stopped called......"}
{"level":"info","time":"2025-05-25T09:31:29+02:00","message":"Found AppUnits 1 in pool"}
{"level":"info","time":"2025-05-25T09:31:29+02:00","message":"AppUnit - [0] Stop called"}
{"level":"info","time":"2025-05-25T09:31:29+02:00","message":" - Stopping HTTP demo......"}
{"level":"info","time":"2025-05-25T09:31:29+02:00","message":" - Stopping HTTP demo........... DONE"}
{"level":"info","time":"2025-05-25T09:31:29+02:00","message":" - demo http stopped. stopper channel closed "}
{"level":"info","time":"2025-05-25T09:31:29+02:00","message":" - demo http stopped"}
{"level":"info","time":"2025-05-25T09:31:30+02:00","message":"Stopping SSE monitoring ........"}
{"level":"info","time":"2025-05-25T09:31:30+02:00","message":"Stopping SSE monitoring ....... DONE"}
{"level":"info","time":"2025-05-25T09:31:30+02:00","message":"Stopping HTTP monitoring server........"}
{"level":"info","time":"2025-05-25T09:31:32+02:00","message":"stopping the status broadcasting SSE"}
{"level":"info","time":"2025-05-25T09:31:32+02:00","message":"broadcasting status via SSE stopped"}
{"level":"info","time":"2025-05-25T09:32:49+02:00","message":"Logger Initialized & Started"}
{"level":"info","time":"2025-05-25T09:32:49+02:00","message":"Found 1 pool setting for appunit Http_demo"}
{"level":"info","time":"2025-05-25T09:32:49+02:00","message":"Loading the 0 appunit of pool [1] of Http_demo"}
{"level":"info","time":"2025-05-25T09:32:49+02:00","message":"Starting (0) of [1] - Http_demo.............\nAppunit info -> "}
{"level":"info","time":"2025-05-25T09:32:49+02:00","message":" - Starting ....."}
{"level":"info","time":"2025-05-25T09:32:49+02:00","message":" - Starting the ........... DONE"}
{"level":"info","time":"2025-05-25T09:32:49+02:00","message":"Started ------ (0) of [1] - Http_demo successfully"}
{"level":"info","time":"2025-05-25T09:32:49+02:00","message":"Started\t1 out of 1 pool of appunit Http_demo\n"}
{"level":"info","time":"2025-05-25T09:32:49+02:00","message":"Loaded & started 1 pool of appunits"}
{"level":"info","time":"2025-05-25T09:32:49+02:00","message":"starting the DoGet routine"}
{"level":"info","time":"2025-05-25T09:32:50+02:00","message":"starting HTTP monitoring ......"}
{"level":"info","time":"2025-05-25T09:32:50+02:00","message":"HTTP monitoring started on 127.0.0.1:8080"}
{"level":"info","time":"2025-05-25T09:32:52+02:00","message":"broadcasting log messages via SSE started"}
{"level":"info","time":"2025-05-25T09:32:52+02:00","message":"broadcasting event messages via SSE started"}
{"level":"info","time":"2025-05-25T09:32:52+02:00","message":"broadcasting status via SSE started"}
{"level":"info","time":"2025-05-25T09:32:53+02:00","message":" - DoPost Result :: Status code: 200"}
{"level":"info","time":"2025-05-25T09:32:53+02:00","message":" - Headers :\r\nConnection:keep-alive\nAccess-Control-Allow-Origin:*\nAccess-Control-Allow-Credentials:true\nDate:Sun, 25 May 2025 07:32:52 GMT\n"}
{"level":"info","time":"2025-05-25T09:32:53+02:00","message":" - [0] - GET Result :: Status code: 200"}
{"level":"info","time":"2025-05-25T09:32:53+02:00","message":" - Headers :\r\nDate:Sun, 25 May 2025 07:32:52 GMT\nConnection:keep-alive\nAccess-Control-Allow-Origin:*\nAccess-Control-Allow-Credentials:true\n"}
{"level":"info","time":"2025-05-25T09:32:55+02:00","message":" - DoPost Result :: Status code: 200"}
{"level":"info","time":"2025-05-25T09:32:55+02:00","message":" - Headers :\r\nConnection:keep-alive\nAccess-Control-Allow-Origin:*\nAccess-Control-Allow-Credentials:true\nDate:Sun, 25 May 2025 07:32:55 GMT\n"}
{"level":"info","time":"2025-05-25T09:32:55+02:00","message":" - [1] - GET Result :: Status code: 200"}
{"level":"info","time":"2025-05-25T09:32:55+02:00","message":" - Headers :\r\nAccess-Control-Allow-Origin:*\nAccess-Control-Allow-Credentials:true\nDate:Sun, 25 May 2025 07:32:55 GMT\nConnection:keep-alive\n"}
{"level":"info","time":"2025-05-25T09:32:58+02:00","message":" - DoPost Result :: Status code: 200"}
{"level":"info","time":"2025-05-25T09:32:58+02:00","message":" - Headers :\r\nDate:Sun, 25 May 2025 07:32:58 GMT\nConnection:keep-alive\nAccess-Control-Allow-Origin:*\nAccess-Control-Allow-Credentials:true\n"}
{"level":"info","time":"2025-05-25T09:32:58+02:00","message":" - [2] - GET Result :: Status code: 200"}
{"level":"info","time":"2025-05-25T09:32:58+02:00","message":" - Headers :\r\nConnection:keep-alive\nAccess-Control-Allow-Origin:*\nAccess-Control-Allow-Credentials:true\nDate:Sun, 25 May 2025 07:32:58 GMT\n"}
{"level":"info","time":"2025-05-25T09:33:01+02:00","message":" - DoPost Result :: Status code: 200"}
{"level":"info","time":"2025-05-25T09:33:01+02:00","message":" - Headers :\r\nDate:Sun, 25 May 2025 07:33:01 GMT\nConnection:keep-alive\nAccess-Control-Allow-Origin:*\nAccess-Control-Allow-Credentials:true\n"}
{"level":"info","time":"2025-05-25T09:33:01+02:00","message":" - [3] - GET Result :: Status code: 200"}
{"level":"info","time":"2025-05-25T09:33:01+02:00","message":" - Headers :\r\nDate:Sun, 25 May 2025 07:33:01 GMT\nConnection:keep-alive\nAccess-Control-Allow-Origin:*\nAccess-Control-Allow-Credentials:true\n"}
{"level":"info","time":"2025-05-25T09:33:04+02:00","message":" - [4] - GET Result :: Status code: 200"}
{"level":"info","time":"2025-05-25T09:33:04+02:00","message":" - Headers :\r\nConnection:keep-alive\nAccess-Control-Allow-Origin:*\nAccess-Control-Allow-Credentials:true\nDate:Sun, 25 May 2025 07:33:04 GMT\n"}
{"level":"info","time":"2025-05-25T09:33:05+02:00","message":" - DoPost Result :: Status code: 200"}
{"level":"info","time":"2025-05-25T09:33:05+02:00","message":" - Headers :\r\nDate:Sun, 25 May 2025 07:33:04 GMT\nConnection:keep-alive\nAccess-Control-Allow-Origin:*\nAccess-Control-Allow-Credentials:true\n"}
{"level":"info","time":"2025-05-25T09:33:07+02:00","message":" - DoPost Result :: Status code: 200"}
{"level":"info","time":"2025-05-25T09:33:07+02:00","message":" - Headers :\r\nConnection:keep-alive\nAccess-Control-Allow-Origin:*\nAccess-Control-Allow-Credentials:true\nDate:Sun, 25 May 2025 07:33:07 GMT\n"}
{"level":"info","time":"2025-05-25T09:33:08+02:00","message":" - [5] - GET Result :: Status code: 200"}
{"level":"info","time":"2025-05-25T09:33:08+02:00","message":" - Headers :\r\nAccess-Control-Allow-Origin:*\nAccess-Control-Allow-Credentials:true\nDate:Sun, 25 May 2025 07:33:08 GMT\nConnection:keep-alive\n"}
{"level":"info","time":"2025-05-25T09:33:10+02:00","message":" - [6] - GET Result :: Status code: 200"}
{"level":"info","time":"2025-05-25T09:33:10+02:00","message":" - Headers :\r\nDate:Sun, 25 May 2025 07:33:10 GMT\nConnection:keep-alive\nAccess-Control-Allow-Origin:*\nAccess-Control-Allow-Credentials:true\n"}
{"level":"info","time":"2025-05-25T09:33:10+02:00","message":" - DoPost Result :: Status code: 200"}
{"level":"info","time":"2025-05-25T09:33:10+02:00","message":" - Headers :\r\nDate:Sun, 25 May 2025 07:33:10 GMT\nConnection:keep-alive\nAccess-Control-Allow-Origin:*\nAccess-Control-Allow-Credentials:true\n"}
{"level":"info","time":"2025-05-25T09:33:13+02:00","message":" - DoPost Result :: Status code: 200"}
{"level":"info","time":"2025-05-25T09:33:13+02:00","message":" - Headers :\r\nDate:Sun, 25 May 2025 07:33:13 GMT\nConnection:keep-alive\nAccess-Control-Allow-Origin:*\nAccess-Control-Allow-Credentials:true\n"}
{"level":"info","time":"2025-05-25T09:33:13+02:00","message":" - [7] - GET Result :: Status code: 200"}
{"level":"info","time":"2025-05-25T09:33:13+02:00","message":" - Headers :\r\nAccess-Control-Allow-Credentials:true\nDate:Sun, 25 May 2025 07:33:13 GMT\nConnection:keep-alive\nAccess-Control-Allow-Origin:*\n"}
{"level":"info","time":"2025-05-25T09:33:16+02:00","message":" - [8] - GET Result :: Status code: 200"}
{"level":"info","time":"2025-05-25T09:33:16+02:00","message":" - Headers :\r\nDate:Sun, 25 May 2025 07:33:16 GMT\nConnection:keep-alive\nAccess-Control-Allow-Origin:*\nAccess-Control-Allow-Credentials:true\n"}
{"level":"info","time":"2025-05-25T09:33:16+02:00","message":" - DoPost Result :: Status code: 200"}
{"level":"info","time":"2025-05-25T09:33:16+02:00","message":" - Headers :\r\nDate:Sun, 25 May 2025 07:33:16 GMT\nConnection:keep-alive\nAccess-Control-Allow-Origin:*\nAccess-Control-Allow-Credentials:true\n"}
{"level":"info","time":"2025-05-25T09:33:19+02:00","message":" - DoPost Result :: Status code: 200"}
{"level":"info","time":"2025-05-25T09:33:19+02:00","message":" - Headers :\r\nDate:Sun, 25 May 2025 07:33:19 GMT\nConnection:keep-alive\nAccess-Control-Allow-Origin:*\nAccess-Control-Allow-Credentials:true\n"}
{"level":"info","time":"2025-05-25T09:33:21+02:00","message":" - [9] - GET Result :: Status code: 200"}
{"level":"info","time":"2025-05-25T09:33:21+02:00","message":" - Headers :\r\nDate:Sun, 25 May 2025 07:33:20 GMT\nConnection:keep-alive\nAccess-Control-Allow-Origin:*\nAccess-Control-Allow-Credentials:true\n"}
{"level":"info","time":"2025-05-25T09:33:22+02:00","message":" - DoPost Result :: Status code: 200"}
{"level":"info","time":"2025-05-25T09:33:22+02:00","message":" - Headers :\r\nAccess-Control-Allow-Credentials:true\nDate:Sun, 25 May 2025 07:33:22 GMT\nConnection:keep-alive\nAccess-Control-Allow-Origin:*\n"}
{"level":"info","time":"2025-05-25T09:33:23+02:00","message":" - [10] - GET Result :: Status code: 200"}
{"level":"info","time":"2025-05-25T09:33:23+02:00","message":" - Headers :\r\nAccess-Control-Allow-Credentials:true\nDate:Sun, 25 May 2025 07:33:23 GMT\nConnection:keep-alive\nAccess-Control-Allow-Origin:*\n"}
{"level":"info","time":"2025-05-25T09:33:25+02:00","message":" - DoPost Result :: Status code: 200"}
{"level":"info","time":"2025-05-25T09:33:25+02:00","message":" - [11] - GET Result :: Status code: 200"}
{"level":"info","time":"2025-05-25T09:33:25+02:00","message":" - Headers :\r\nAccess-Control-Allow-Credentials:true\nDate:Sun, 25 May 2025 07:33:25 GMT\nConnection:keep-alive\nAccess-Control-Allow-Origin:*\n"}
{"level":"info","time":"2025-05-25T09:33:25+02:00","message":" - Headers :\r\nDate:Sun, 25 May 2025 07:33:25 GMT\nConnection:keep-alive\nAccess-Control-Allow-Origin:*\nAccess-Control-Allow-Credentials:true\n"}
{"level":"info","time":"2025-05-25T09:33:28+02:00","message":" - DoPost Result :: Status code: 200"}
{"level":"info","time":"2025-05-25T09:33:28+02:00","message":" - Headers :\r\nAccess-Control-Allow-Credentials:true\nDate:Sun, 25 May 2025 07:33:28 GMT\nConnection:keep-alive\nAccess-Control-Allow-Origin:*\n"}
{"level":"info","time":"2025-05-25T09:33:28+02:00","message":" - [12] - GET Result :: Status code: 200"}
{"level":"info","time":"2025-05-25T09:33:28+02:00","message":" - Headers :\r\nAccess-Control-Allow-Credentials:true\nDate:Sun, 25 May 2025 07:33:28 GMT\nConnection:keep-alive\nAccess-Control-Allow-Origin:*\n"}
{"level":"info","time":"2025-05-25T09:33:31+02:00","message":" - [13] - GET Result :: Status code: 200"}
{"level":"info","time":"2025-05-25T09:33:31+02:00","message":" - Headers :\r\nDate:Sun, 25 May 2025 07:33:31 GMT\nConnection:keep-alive\nAccess-Control-Allow-Origin:*\nAccess-Control-Allow-Credentials:true\n"}
{"level":"info","time":"2025-05-25T09:33:31+02:00","message":" - DoPost Result :: Status code: 200"}
{"level":"info","time":"2025-05-25T09:33:31+02:00","message":" - Headers :\r\nAccess-Control-Allow-Credentials:true\nDate:Sun, 25 May 2025 07:33:31 GMT\nConnection:keep-alive\nAccess-Control-Allow-Origin:*\n"}
{"level":"info","time":"2025-05-25T09:33:34+02:00","message":" - [14] - GET Result :: Status code: 200"}
{"level":"info","time":"2025-05-25T09:33:34+02:00","message":" - Headers :\r\nDate:Sun, 25 May 2025 07:33:34 GMT\nConnection:keep-alive\nAccess-Control-Allow-Origin:*\nAccess-Control-Allow-Credentials:true\n"}
{"level":"info","time":"2025-05-25T09:33:35+02:00","message":" - DoPost Result :: Status code: 200"}
{"level":"info","time":"2025-05-25T09:33:35+02:00","message":" - Headers :\r\nConnection:keep-alive\nAccess-Control-Allow-Origin:*\nAccess-Control-Allow-Credentials:true\nDate:Sun, 25 May 2025 07:33:35 GMT\n"}
{"level":"info","time":"2025-05-25T09:33:37+02:00","message":" - [15] - GET Result :: Status code: 200"}
{"level":"info","time":"2025-05-25T09:33:37+02:00","message":" - Headers :\r\nAccess-Control-Allow-Credentials:true\nDate:Sun, 25 May 2025 07:33:37 GMT\nConnection:keep-alive\nAccess-Control-Allow-Origin:*\n"}
{"level":"info","time":"2025-05-25T09:33:37+02:00","message":" - DoPost Result :: Status code: 200"}
{"level":"info","time":"2025-05-25T09:33:37+02:00","message":" - Headers :\r\nConnection:keep-alive\nAccess-Control-Allow-Origin:*\nAccess-Control-Allow-Credentials:true\nDate:Sun, 25 May 2025 07:33:37 GMT\n"}
{"level":"info","time":"2025-05-25T09:33:40+02:00","message":" - [16] - GET Result :: Status code: 200"}
{"level":"info","time":"2025-05-25T09:33:40+02:00","message":" - Headers :\r\nDate:Sun, 25 May 2025 07:33:40 GMT\nConnection:keep-alive\nAccess-Control-Allow-Origin:*\nAccess-Control-Allow-Credentials:true\n"}
{"level":"info","time":"2025-05-25T09:33:41+02:00","message":" - DoPost Result :: Status code: 200"}
{"level":"info","time":"2025-05-25T09:33:41+02:00","message":" - Headers :\r\nAccess-Control-Allow-Credentials:true\nDate:Sun, 25 May 2025 07:33:40 GMT\nConnection:keep-alive\nAccess-Control-Allow-Origin:*\n"}
{"level":"info","time":"2025-05-25T09:33:43+02:00","message":" - DoPost Result :: Status code: 200"}
{"level":"info","time":"2025-05-25T09:33:43+02:00","message":" - Headers :\r\nDate:Sun, 25 May 2025 07:33:43 GMT\nConnection:keep-alive\nAccess-Control-Allow-Origin:*\nAccess-Control-Allow-Credentials:true\n"}
{"level":"info","time":"2025-05-25T09:33:43+02:00","message":" - [17] - GET Result :: Status code: 200"}
{"level":"info","time":"2025-05-25T09:33:43+02:00","message":" - Headers :\r\nAccess-Control-Allow-Credentials:true\nDate:Sun, 25 May 2025 07:33:43 GMT\nConnection:keep-alive\nAccess-Control-Allow-Origin:*\n"}
{"level":"info","time":"2025-05-25T09:33:46+02:00","message":" - DoPost Result :: Status code: 200"}
{"level":"info","time":"2025-05-25T09:33:46+02:00","message":" - Headers :\r\nAccess-Control-Allow-Credentials:true\nDate:Sun, 25 May 2025 07:33:46 GMT\nConnection:keep-alive\nAccess-Control-Allow-Origin:*\n"}
{"level":"info","time":"2025-05-25T09:33:46+02:00","message":" - [18] - GET Result :: Status code: 200"}
{"level":"info","time":"2025-05-25T09:33:46+02:00","message":" - Headers :\r\nDate:Sun, 25 May 2025 07:33:46 GMT\nConnection:keep-alive\nAccess-Control-Allow-Origin:*\nAccess-Control-Allow-Credentials:true\n"}
{"level":"info","time":"2025-05-25T09:33:49+02:00","message":" - DoPost Result :: Status code: 200"}
{"level":"info","time":"2025-05-25T09:33:49+02:00","message":" - Headers :\r\nDate:Sun, 25 May 2025 07:33:49 GMT\nConnection:keep-alive\nAccess-Control-Allow-Origin:*\nAccess-Control-Allow-Credentials:true\n"}
{"level":"info","time":"2025-05-25T09:33:50+02:00","message":" - [19] - GET Result :: Status code: 200"}
{"level":"info","time":"2025-05-25T09:33:50+02:00","message":" - Headers :\r\nDate:Sun, 25 May 2025 07:33:50 GMT\nConnection:keep-alive\nAccess-Control-Allow-Origin:*\nAccess-Control-Allow-Credentials:true\n"}
{"level":"info","time":"2025-05-25T09:33:52+02:00","message":" - DoPost Result :: Status code: 200"}
{"level":"info","time":"2025-05-25T09:33:52+02:00","message":" - Headers :\r\nConnection:keep-alive\nAccess-Control-Allow-Origin:*\nAccess-Control-Allow-Credentials:true\nDate:Sun, 25 May 2025 07:33:52 GMT\n"}
{"level":"info","time":"2025-05-25T09:33:53+02:00","message":" - [20] - GET Result :: Status code: 200"}
{"level":"info","time":"2025-05-25T09:33:53+02:00","message":" - Headers :\r\nDate:Sun, 25 May 2025 07:33:53 GMT\nConnection:keep-alive\nAccess-Control-Allow-Origin:*\nAccess-Control-Allow-Credentials:true\n"}
{"level":"info","time":"2025-05-25T09:33:56+02:00","message":" - [21] - GET Result :: Status code: 200"}
{"level":"info","time":"2025-05-25T09:33:56+02:00","message":" - Headers :\r\nDate:Sun, 25 May 2025 07:33:56 GMT\nConnection:keep-alive\nAccess-Control-Allow-Origin:*\nAccess-Control-Allow-Credentials:true\n"}
{"level":"info","time":"2025-05-25T09:33:56+02:00","message":" - DoPost Result :: Status code: 200"}
{"level":"info","time":"2025-05-25T09:33:56+02:00","message":" - Headers :\r\nConnection:keep-alive\nAccess-Control-Allow-Origin:*\nAccess-Control-Allow-Credentials:true\nDate:Sun, 25 May 2025 07:33:56 GMT\n"}
{"level":"info","time":"2025-05-25T09:33:58+02:00","message":" - [22] - GET Result :: Status code: 200"}
{"level":"info","time":"2025-05-25T09:33:58+02:00","message":" - Headers :\r\nDate:Sun, 25 May 2025 07:33:58 GMT\nConnection:keep-alive\nAccess-Control-Allow-Origin:*\nAccess-Control-Allow-Credentials:true\n"}
{"level":"info","time":"2025-05-25T09:33:59+02:00","message":" - DoPost Result :: Status code: 200"}
{"level":"info","time":"2025-05-25T09:33:59+02:00","message":" - Headers :\r\nDate:Sun, 25 May 2025 07:33:58 GMT\nConnection:keep-alive\nAccess-Control-Allow-Origin:*\nAccess-Control-Allow-Credentials:true\n"}
{"level":"info","time":"2025-05-25T09:34:01+02:00","message":"Application Framework stopped called......"}
{"level":"info","time":"2025-05-25T09:34:01+02:00","message":"Found AppUnits 1 in pool"}
{"level":"info","time":"2025-05-25T09:34:01+02:00","message":"AppUnit - [0] Stop called"}
{"level":"info","time":"2025-05-25T09:34:01+02:00","message":" - Stopping HTTP demo......"}
{"level":"info","time":"2025-05-25T09:34:01+02:00","message":" - Stopping HTTP demo........... DONE"}
{"level":"info","time":"2025-05-25T09:34:01+02:00","message":" - demo http stopped"}
{"level":"info","time":"2025-05-25T09:34:01+02:00","message":" - demo http stopped. stopper channel closed "}
{"level":"info","time":"2025-05-25T09:34:01+02:00","message":"Stopping SSE monitoring ........"}
{"level":"info","time":"2025-05-25T09:34:01+02:00","message":"Stopping SSE monitoring ....... DONE"}
{"level":"info","time":"2025-05-25T09:34:01+02:00","message":"Stopping HTTP monitoring server........"}
{"level":"info","time":"2025-05-25T09:34:02+02:00","message":"stopping the status broadcasting SSE"}
{"level":"info","time":"2025-05-25T09:34:02+02:00","message":"broadcasting status via SSE stopped"}
{"level":"info","time":"2025-05-25T09:34:32+02:00","message":"Logger Initialized & Started"}
{"level":"info","time":"2025-05-25T09:34:32+02:00","message":"Found 1 pool setting for appunit Http_demo"}
{"level":"info","time":"2025-05-25T09:34:32+02:00","message":"Loading the 0 appunit of pool [1] of Http_demo"}
{"level":"info","time":"2025-05-25T09:34:32+02:00","message":"Starting (0) of [1] - Http_demo.............\nAppunit info -> "}
{"level":"info","time":"2025-05-25T09:34:32+02:00","message":" - Starting ....."}
{"level":"info","time":"2025-05-25T09:34:32+02:00","message":" - Starting the ........... DONE"}
{"level":"info","time":"2025-05-25T09:34:32+02:00","message":"Started ------ (0) of [1] - Http_demo successfully"}
{"level":"info","time":"2025-05-25T09:34:32+02:00","message":"Started\t1 out of 1 pool of appunit Http_demo\n"}
{"level":"info","time":"2025-05-25T09:34:32+02:00","message":"Loaded & started 1 pool of appunits"}
{"level":"info","time":"2025-05-25T09:34:32+02:00","message":"starting the DoGet routine"}
{"level":"info","time":"2025-05-25T09:34:33+02:00","message":"starting HTTP monitoring ......"}
{"level":"info","time":"2025-05-25T09:34:33+02:00","message":"HTTP monitoring started on 127.0.0.1:8080"}
{"level":"info","time":"2025-05-25T09:34:35+02:00","message":"broadcasting event messages via SSE started"}
{"level":"info","time":"2025-05-25T09:34:35+02:00","message":"broadcasting status via SSE started"}
{"level":"info","time":"2025-05-25T09:34:35+02:00","message":"broadcasting log messages via SSE started"}
{"level":"info","time":"2025-05-25T09:34:35+02:00","message":" - DoPost Result :: Status code: 200"}
{"level":"info","time":"2025-05-25T09:34:35+02:00","message":" - Headers :\r\nDate:Sun, 25 May 2025 07:34:35 GMT\nConnection:keep-alive\nAccess-Control-Allow-Origin:*\nAccess-Control-Allow-Credentials:true\n"}
{"level":"info","time":"2025-05-25T09:34:35+02:00","message":" - [0] - GET Result :: Status code: 200"}
{"level":"info","time":"2025-05-25T09:34:35+02:00","message":" - Headers :\r\nDate:Sun, 25 May 2025 07:34:35 GMT\nConnection:keep-alive\nAccess-Control-Allow-Origin:*\nAccess-Control-Allow-Credentials:true\n"}
{"level":"info","time":"2025-05-25T09:34:38+02:00","message":" - DoPost Result :: Status code: 200"}
{"level":"info","time":"2025-05-25T09:34:38+02:00","message":" - Headers :\r\nAccess-Control-Allow-Credentials:true\nDate:Sun, 25 May 2025 07:34:38 GMT\nConnection:keep-alive\nAccess-Control-Allow-Origin:*\n"}
{"level":"info","time":"2025-05-25T09:34:39+02:00","message":" - [1] - GET Result :: Status code: 200"}
{"level":"info","time":"2025-05-25T09:34:39+02:00","message":" - Headers :\r\nConnection:keep-alive\nAccess-Control-Allow-Origin:*\nAccess-Control-Allow-Credentials:true\nDate:Sun, 25 May 2025 07:34:39 GMT\n"}
{"level":"info","time":"2025-05-25T09:34:41+02:00","message":" - DoPost Result :: Status code: 200"}
{"level":"info","time":"2025-05-25T09:34:41+02:00","message":" - Headers :\r\nConnection:keep-alive\nAccess-Control-Allow-Origin:*\nAccess-Control-Allow-Credentials:true\nDate:Sun, 25 May 2025 07:34:41 GMT\n"}
{"level":"info","time":"2025-05-25T09:34:41+02:00","message":" - [2] - GET Result :: Status code: 200"}
{"level":"info","time":"2025-05-25T09:34:41+02:00","message":" - Headers :\r\nDate:Sun, 25 May 2025 07:34:41 GMT\nConnection:keep-alive\nAccess-Control-Allow-Origin:*\nAccess-Control-Allow-Credentials:true\n"}
{"level":"info","time":"2025-05-25T09:34:44+02:00","message":" - DoPost Result :: Status code: 200"}
{"level":"info","time":"2025-05-25T09:34:44+02:00","message":" - [3] - GET Result :: Status code: 200"}
{"level":"info","time":"2025-05-25T09:34:44+02:00","message":" - Headers :\r\nDate:Sun, 25 May 2025 07:34:44 GMT\nConnection:keep-alive\nAccess-Control-Allow-Origin:*\nAccess-Control-Allow-Credentials:true\n"}
{"level":"info","time":"2025-05-25T09:34:44+02:00","message":" - Headers :\r\nDate:Sun, 25 May 2025 07:34:44 GMT\nConnection:keep-alive\nAccess-Control-Allow-Origin:*\nAccess-Control-Allow-Credentials:true\n"}
{"level":"info","time":"2025-05-25T09:34:47+02:00","message":" - [4] - GET Result :: Status code: 200"}
{"level":"info","time":"2025-05-25T09:34:47+02:00","message":" - Headers :\r\nDate:Sun, 25 May 2025 07:34:47 GMT\nConnection:keep-alive\nAccess-Control-Allow-Origin:*\nAccess-Control-Allow-Credentials:true\n"}
{"level":"info","time":"2025-05-25T09:34:47+02:00","message":" - DoPost Result :: Status code: 200"}
{"level":"info","time":"2025-05-25T09:34:47+02:00","message":" - Headers :\r\nDate:Sun, 25 May 2025 07:34:47 GMT\nConnection:keep-alive\nAccess-Control-Allow-Origin:*\nAccess-Control-Allow-Credentials:true\n"}
{"level":"info","time":"2025-05-25T09:34:50+02:00","message":" - DoPost Result :: Status code: 200"}
{"level":"info","time":"2025-05-25T09:34:50+02:00","message":" - Headers :\r\nDate:Sun, 25 May 2025 07:34:50 GMT\nConnection:keep-alive\nAccess-Control-Allow-Origin:*\nAccess-Control-Allow-Credentials:true\n"}
{"level":"info","time":"2025-05-25T09:34:51+02:00","message":" - [5] - GET Result :: Status code: 200"}
{"level":"info","time":"2025-05-25T09:34:51+02:00","message":" - Headers :\r\nAccess-Control-Allow-Origin:*\nAccess-Control-Allow-Credentials:true\nDate:Sun, 25 May 2025 07:34:51 GMT\nConnection:keep-alive\n"}
{"level":"info","time":"2025-05-25T09:34:53+02:00","message":" - [6] - GET Result :: Status code: 200"}
{"level":"info","time":"2025-05-25T09:34:53+02:00","message":" - Headers :\r\nDate:Sun, 25 May 2025 07:34:53 GMT\nConnection:keep-alive\nAccess-Control-Allow-Origin:*\nAccess-Control-Allow-Credentials:true\n"}
{"level":"info","time":"2025-05-25T09:34:54+02:00","message":" - DoPost Result :: Status code: 200"}
{"level":"info","time":"2025-05-25T09:34:54+02:00","message":" - Headers :\r\nDate:Sun, 25 May 2025 07:34:53 GMT\nConnection:keep-alive\nAccess-Control-Allow-Origin:*\nAccess-Control-Allow-Credentials:true\n"}
{"level":"info","time":"2025-05-25T09:34:56+02:00","message":" - [7] - GET Result :: Status code: 200"}
{"level":"info","time":"2025-05-25T09:34:56+02:00","message":" - Headers :\r\nDate:Sun, 25 May 2025 07:34:56 GMT\nConnection:keep-alive\nAccess-Control-Allow-Origin:*\nAccess-Control-Allow-Credentials:true\n"}
{"level":"info","time":"2025-05-25T09:34:56+02:00","message":" - DoPost Result :: Status code: 200"}
{"level":"info","time":"2025-05-25T09:34:56+02:00","message":" - Headers :\r\nDate:Sun, 25 May 2025 07:34:56 GMT\nConnection:keep-alive\nAccess-Control-Allow-Origin:*\nAccess-Control-Allow-Credentials:true\n"}
{"level":"info","time":"2025-05-25T09:34:59+02:00","message":" - [8] - GET Result :: Status code: 200"}
{"level":"info","time":"2025-05-25T09:34:59+02:00","message":" - Headers :\r\nAccess-Control-Allow-Origin:*\nAccess-Control-Allow-Credentials:true\nDate:Sun, 25 May 2025 07:34:59 GMT\nConnection:keep-alive\n"}
{"level":"info","time":"2025-05-25T09:34:59+02:00","message":" - DoPost Result :: Status code: 200"}
{"level":"info","time":"2025-05-25T09:34:59+02:00","message":" - Headers :\r\nConnection:keep-alive\nAccess-Control-Allow-Origin:*\nAccess-Control-Allow-Credentials:true\nDate:Sun, 25 May 2025 07:34:59 GMT\n"}
{"level":"info","time":"2025-05-25T09:35:02+02:00","message":" - DoPost Result :: Status code: 200"}
{"level":"info","time":"2025-05-25T09:35:02+02:00","message":" - Headers :\r\nDate:Sun, 25 May 2025 07:35:02 GMT\nConnection:keep-alive\nAccess-Control-Allow-Origin:*\nAccess-Control-Allow-Credentials:true\n"}
{"level":"info","time":"2025-05-25T09:35:04+02:00","message":" - [9] - GET Result :: Status code: 200"}
{"level":"info","time":"2025-05-25T09:35:04+02:00","message":" - Headers :\r\nDate:Sun, 25 May 2025 07:35:04 GMT\nConnection:keep-alive\nAccess-Control-Allow-Origin:*\nAccess-Control-Allow-Credentials:true\n"}
{"level":"info","time":"2025-05-25T09:35:05+02:00","message":" - [10] - GET Result :: Status code: 200"}
{"level":"info","time":"2025-05-25T09:35:05+02:00","message":" - Headers :\r\nAccess-Control-Allow-Origin:*\nAccess-Control-Allow-Credentials:true\nDate:Sun, 25 May 2025 07:35:05 GMT\nConnection:keep-alive\n"}
{"level":"info","time":"2025-05-25T09:35:06+02:00","message":" - DoPost Result :: Status code: 200"}
{"level":"info","time":"2025-05-25T09:35:06+02:00","message":" - Headers :\r\nAccess-Control-Allow-Credentials:true\nDate:Sun, 25 May 2025 07:35:06 GMT\nConnection:keep-alive\nAccess-Control-Allow-Origin:*\n"}
{"level":"info","time":"2025-05-25T09:35:08+02:00","message":" - DoPost Result :: Status code: 200"}
{"level":"info","time":"2025-05-25T09:35:08+02:00","message":" - Headers :\r\nAccess-Control-Allow-Origin:*\nAccess-Control-Allow-Credentials:true\nDate:Sun, 25 May 2025 07:35:08 GMT\nConnection:keep-alive\n"}
{"level":"info","time":"2025-05-25T09:35:09+02:00","message":" - [11] - GET Result :: Status code: 200"}
{"level":"info","time":"2025-05-25T09:35:09+02:00","message":" - Headers :\r\nConnection:keep-alive\nAccess-Control-Allow-Origin:*\nAccess-Control-Allow-Credentials:true\nDate:Sun, 25 May 2025 07:35:09 GMT\n"}
{"level":"info","time":"2025-05-25T09:35:11+02:00","message":" - [12] - GET Result :: Status code: 200"}
{"level":"info","time":"2025-05-25T09:35:11+02:00","message":" - Headers :\r\nDate:Sun, 25 May 2025 07:35:11 GMT\nConnection:keep-alive\nAccess-Control-Allow-Origin:*\nAccess-Control-Allow-Credentials:true\n"}
{"level":"info","time":"2025-05-25T09:35:11+02:00","message":" - DoPost Result :: Status code: 200"}
{"level":"info","time":"2025-05-25T09:35:11+02:00","message":" - Headers :\r\nDate:Sun, 25 May 2025 07:35:11 GMT\nConnection:keep-alive\nAccess-Control-Allow-Origin:*\nAccess-Control-Allow-Credentials:true\n"}
{"level":"info","time":"2025-05-25T09:35:14+02:00","message":" - [13] - GET Result :: Status code: 200"}
{"level":"info","time":"2025-05-25T09:35:14+02:00","message":" - Headers :\r\nAccess-Control-Allow-Credentials:true\nDate:Sun, 25 May 2025 07:35:14 GMT\nConnection:keep-alive\nAccess-Control-Allow-Origin:*\n"}
{"level":"info","time":"2025-05-25T09:35:15+02:00","message":" - DoPost Result :: Status code: 200"}
{"level":"info","time":"2025-05-25T09:35:15+02:00","message":" - Headers :\r\nAccess-Control-Allow-Origin:*\nAccess-Control-Allow-Credentials:true\nDate:Sun, 25 May 2025 07:35:14 GMT\nConnection:keep-alive\n"}
{"level":"info","time":"2025-05-25T09:35:17+02:00","message":" - DoPost Result :: Status code: 200"}
{"level":"info","time":"2025-05-25T09:35:17+02:00","message":" - Headers :\r\nConnection:keep-alive\nAccess-Control-Allow-Origin:*\nAccess-Control-Allow-Credentials:true\nDate:Sun, 25 May 2025 07:35:17 GMT\n"}
{"level":"info","time":"2025-05-25T09:35:17+02:00","message":" - [14] - GET Result :: Status code: 200"}
{"level":"info","time":"2025-05-25T09:35:17+02:00","message":" - Headers :\r\nAccess-Control-Allow-Origin:*\nAccess-Control-Allow-Credentials:true\nDate:Sun, 25 May 2025 07:35:17 GMT\nConnection:keep-alive\n"}
{"level":"info","time":"2025-05-25T09:35:20+02:00","message":" - [15] - GET Result :: Status code: 200"}
{"level":"info","time":"2025-05-25T09:35:20+02:00","message":" - Headers :\r\nDate:Sun, 25 May 2025 07:35:20 GMT\nConnection:keep-alive\nAccess-Control-Allow-Origin:*\nAccess-Control-Allow-Credentials:true\n"}
{"level":"info","time":"2025-05-25T09:35:20+02:00","message":" - DoPost Result :: Status code: 200"}
{"level":"info","time":"2025-05-25T09:35:20+02:00","message":" - Headers :\r\nDate:Sun, 25 May 2025 07:35:20 GMT\nConnection:keep-alive\nAccess-Control-Allow-Origin:*\nAccess-Control-Allow-Credentials:true\n"}
{"level":"info","time":"2025-05-25T09:35:24+02:00","message":" - DoPost Result :: Status code: 200"}
{"level":"info","time":"2025-05-25T09:35:24+02:00","message":" - Headers :\r\nDate:Sun, 25 May 2025 07:35:23 GMT\nConnection:keep-alive\nAccess-Control-Allow-Origin:*\nAccess-Control-Allow-Credentials:true\n"}
{"level":"info","time":"2025-05-25T09:35:24+02:00","message":" - [16] - GET Result :: Status code: 200"}
{"level":"info","time":"2025-05-25T09:35:24+02:00","message":" - Headers :\r\nDate:Sun, 25 May 2025 07:35:24 GMT\nConnection:keep-alive\nAccess-Control-Allow-Origin:*\nAccess-Control-Allow-Credentials:true\n"}
{"level":"info","time":"2025-05-25T09:35:26+02:00","message":" - DoPost Result :: Status code: 200"}
{"level":"info","time":"2025-05-25T09:35:26+02:00","message":" - Headers :\r\nDate:Sun, 25 May 2025 07:35:26 GMT\nConnection:keep-alive\nAccess-Control-Allow-Origin:*\nAccess-Control-Allow-Credentials:true\n"}
{"level":"info","time":"2025-05-25T09:35:27+02:00","message":" - [17] - GET Result :: Status code: 200"}
{"level":"info","time":"2025-05-25T09:35:27+02:00","message":" - Headers :\r\nDate:Sun, 25 May 2025 07:35:27 GMT\nConnection:keep-alive\nAccess-Control-Allow-Origin:*\nAccess-Control-Allow-Credentials:true\n"}
{"level":"info","time":"2025-05-25T09:35:29+02:00","message":" - [18] - GET Result :: Status code: 200"}
{"level":"info","time":"2025-05-25T09:35:29+02:00","message":" - DoPost Result :: Status code: 200"}
{"level":"info","time":"2025-05-25T09:35:29+02:00","message":" - Headers :\r\nAccess-Control-Allow-Origin:*\nAccess-Control-Allow-Credentials:true\nDate:Sun, 25 May 2025 07:35:29 GMT\nConnection:keep-alive\n"}
{"level":"info","time":"2025-05-25T09:35:29+02:00","message":" - Headers :\r\nAccess-Control-Allow-Credentials:true\nDate:Sun, 25 May 2025 07:35:29 GMT\nConnection:keep-alive\nAccess-Control-Allow-Origin:*\n"}
{"level":"info","time":"2025-05-25T09:35:32+02:00","message":" - [19] - GET Result :: Status code: 200"}
{"level":"info","time":"2025-05-25T09:35:32+02:00","message":" - Headers :\r\nDate:Sun, 25 May 2025 07:35:32 GMT\nConnection:keep-alive\nAccess-Control-Allow-Origin:*\nAccess-Control-Allow-Credentials:true\n"}
{"level":"info","time":"2025-05-25T09:35:32+02:00","message":" - DoPost Result :: Status code: 200"}
{"level":"info","time":"2025-05-25T09:35:32+02:00","message":" - Headers :\r\nDate:Sun, 25 May 2025 07:35:32 GMT\nConnection:keep-alive\nAccess-Control-Allow-Origin:*\nAccess-Control-Allow-Credentials:true\n"}
{"level":"info","time":"2025-05-25T09:35:35+02:00","message":" - [20] - GET Result :: Status code: 200"}
{"level":"info","time":"2025-05-25T09:35:35+02:00","message":" - Headers :\r\nDate:Sun, 25 May 2025 07:35:35 GMT\nConnection:keep-alive\nAccess-Control-Allow-Origin:*\nAccess-Control-Allow-Credentials:true\n"}
{"level":"info","time":"2025-05-25T09:35:36+02:00","message":" - DoPost Result :: Status code: 200"}
{"level":"info","time":"2025-05-25T09:35:36+02:00","message":" - Headers :\r\nDate:Sun, 25 May 2025 07:35:35 GMT\nConnection:keep-alive\nAccess-Control-Allow-Origin:*\nAccess-Control-Allow-Credentials:true\n"}
{"level":"info","time":"2025-05-25T09:35:38+02:00","message":" - [21] - GET Result :: Status code: 200"}
{"level":"info","time":"2025-05-25T09:35:38+02:00","message":" - Headers :\r\nDate:Sun, 25 May 2025 07:35:38 GMT\nConnection:keep-alive\nAccess-Control-Allow-Origin:*\nAccess-Control-Allow-Credentials:true\n"}
{"level":"info","time":"2025-05-25T09:35:38+02:00","message":" - DoPost Result :: Status code: 200"}
{"level":"info","time":"2025-05-25T09:35:38+02:00","message":" - Headers :\r\nDate:Sun, 25 May 2025 07:35:38 GMT\nConnection:keep-alive\nAccess-Control-Allow-Origin:*\nAccess-Control-Allow-Credentials:true\n"}
{"level":"info","time":"2025-05-25T09:35:41+02:00","message":" - DoPost Result :: Status code: 200"}
{"level":"info","time":"2025-05-25T09:35:41+02:00","message":" - Headers :\r\nAccess-Control-Allow-Origin:*\nAccess-Control-Allow-Credentials:true\nDate:Sun, 25 May 2025 07:35:41 GMT\nConnection:keep-alive\n"}
{"level":"info","time":"2025-05-25T09:35:42+02:00","message":" - [22] - GET Result :: Status code: 200"}
{"level":"info","time":"2025-05-25T09:35:42+02:00","message":" - Headers :\r\nAccess-Control-Allow-Credentials:true\nDate:Sun, 25 May 2025 07:35:42 GMT\nConnection:keep-alive\nAccess-Control-Allow-Origin:*\n"}
{"level":"info","time":"2025-05-25T09:35:44+02:00","message":" - [23] - GET Result :: Status code: 200"}
{"level":"info","time":"2025-05-25T09:35:44+02:00","message":" - Headers :\r\nAccess-Control-Allow-Origin:*\nAccess-Control-Allow-Credentials:true\nDate:Sun, 25 May 2025 07:35:44 GMT\nConnection:keep-alive\n"}
{"level":"info","time":"2025-05-25T09:35:44+02:00","message":" - DoPost Result :: Status code: 200"}
{"level":"info","time":"2025-05-25T09:35:44+02:00","message":" - Headers :\r\nDate:Sun, 25 May 2025 07:35:44 GMT\nConnection:keep-alive\nAccess-Control-Allow-Origin:*\nAccess-Control-Allow-Credentials:true\n"}
{"level":"info","time":"2025-05-25T09:35:47+02:00","message":" - [24] - GET Result :: Status code: 200"}
{"level":"info","time":"2025-05-25T09:35:47+02:00","message":" - Headers :\r\nDate:Sun, 25 May 2025 07:35:47 GMT\nConnection:keep-alive\nAccess-Control-Allow-Origin:*\nAccess-Control-Allow-Credentials:true\n"}
{"level":"info","time":"2025-05-25T09:35:47+02:00","message":" - DoPost Result :: Status code: 200"}
{"level":"info","time":"2025-05-25T09:35:47+02:00","message":" - Headers :\r\nDate:Sun, 25 May 2025 07:35:47 GMT\nConnection:keep-alive\nAccess-Control-Allow-Origin:*\nAccess-Control-Allow-Credentials:true\n"}
{"level":"info","time":"2025-05-25T09:35:50+02:00","message":" - [25] - GET Result :: Status code: 200"}
{"level":"info","time":"2025-05-25T09:35:50+02:00","message":" - Headers :\r\nDate:Sun, 25 May 2025 07:35:50 GMT\nConnection:keep-alive\nAccess-Control-Allow-Origin:*\nAccess-Control-Allow-Credentials:true\n"}
{"level":"info","time":"2025-05-25T09:35:51+02:00","message":" - DoPost Result :: Status code: 200"}
{"level":"info","time":"2025-05-25T09:35:51+02:00","message":" - Headers :\r\nDate:Sun, 25 May 2025 07:35:51 GMT\nConnection:keep-alive\nAccess-Control-Allow-Origin:*\nAccess-Control-Allow-Credentials:true\n"}
{"level":"info","time":"2025-05-25T09:35:53+02:00","message":" - DoPost Result :: Status code: 200"}
{"level":"info","time":"2025-05-25T09:35:53+02:00","message":" - Headers :\r\nAccess-Control-Allow-Credentials:true\nDate:Sun, 25 May 2025 07:35:53 GMT\nConnection:keep-alive\nAccess-Control-Allow-Origin:*\n"}
{"level":"info","time":"2025-05-25T09:35:53+02:00","message":" - [26] - GET Result :: Status code: 200"}
{"level":"info","time":"2025-05-25T09:35:53+02:00","message":" - Headers :\r\nDate:Sun, 25 May 2025 07:35:53 GMT\nConnection:keep-alive\nAccess-Control-Allow-Origin:*\nAccess-Control-Allow-Credentials:true\n"}
{"level":"info","time":"2025-05-25T09:35:56+02:00","message":" - [27] - GET Result :: Status code: 200"}
{"level":"info","time":"2025-05-25T09:35:56+02:00","message":" - Headers :\r\nConnection:keep-alive\nAccess-Control-Allow-Origin:*\nAccess-Control-Allow-Credentials:true\nDate:Sun, 25 May 2025 07:35:56 GMT\n"}
{"level":"info","time":"2025-05-25T09:35:56+02:00","message":" - DoPost Result :: Status code: 200"}
{"level":"info","time":"2025-05-25T09:35:56+02:00","message":" - Headers :\r\nDate:Sun, 25 May 2025 07:35:56 GMT\nConnection:keep-alive\nAccess-Control-Allow-Origin:*\nAccess-Control-Allow-Credentials:true\n"}
{"level":"info","time":"2025-05-25T09:35:59+02:00","message":" - DoPost Result :: Status code: 200"}
{"level":"info","time":"2025-05-25T09:35:59+02:00","message":" - Headers :\r\nDate:Sun, 25 May 2025 07:35:59 GMT\nConnection:keep-alive\nAccess-Control-Allow-Origin:*\nAccess-Control-Allow-Credentials:true\n"}
{"level":"info","time":"2025-05-25T09:35:59+02:00","message":" - [28] - GET Result :: Status code: 200"}
{"level":"info","time":"2025-05-25T09:35:59+02:00","message":" - Headers :\r\nDate:Sun, 25 May 2025 07:35:59 GMT\nConnection:keep-alive\nAccess-Control-Allow-Origin:*\nAccess-Control-Allow-Credentials:true\n"}
{"level":"info","time":"2025-05-25T09:36:02+02:00","message":" - DoPost Result :: Status code: 200"}
{"level":"info","time":"2025-05-25T09:36:02+02:00","message":" - Headers :\r\nDate:Sun, 25 May 2025 07:36:02 GMT\nConnection:keep-alive\nAccess-Control-Allow-Origin:*\nAccess-Control-Allow-Credentials:true\n"}
{"level":"info","time":"2025-05-25T09:36:02+02:00","message":" - [29] - GET Result :: Status code: 200"}
{"level":"info","time":"2025-05-25T09:36:02+02:00","message":" - Headers :\r\nDate:Sun, 25 May 2025 07:36:02 GMT\nConnection:keep-alive\nAccess-Control-Allow-Origin:*\nAccess-Control-Allow-Credentials:true\n"}
{"level":"info","time":"2025-05-25T09:36:05+02:00","message":" - [30] - GET Result :: Status code: 200"}
{"level":"info","time":"2025-05-25T09:36:05+02:00","message":" - Headers :\r\nConnection:keep-alive\nAccess-Control-Allow-Origin:*\nAccess-Control-Allow-Credentials:true\nDate:Sun, 25 May 2025 07:36:05 GMT\n"}
{"level":"info","time":"2025-05-25T09:36:05+02:00","message":" - DoPost Result :: Status code: 200"}
{"level":"info","time":"2025-05-25T09:36:05+02:00","message":" - Headers :\r\nAccess-Control-Allow-Credentials:true\nDate:Sun, 25 May 2025 07:36:05 GMT\nConnection:keep-alive\nAccess-Control-Allow-Origin:*\n"}
{"level":"info","time":"2025-05-25T09:36:08+02:00","message":" - DoPost Result :: Status code: 200"}
{"level":"info","time":"2025-05-25T09:36:08+02:00","message":" - Headers :\r\nDate:Sun, 25 May 2025 07:36:08 GMT\nConnection:keep-alive\nAccess-Control-Allow-Origin:*\nAccess-Control-Allow-Credentials:true\n"}
{"level":"info","time":"2025-05-25T09:36:08+02:00","message":" - [31] - GET Result :: Status code: 200"}
{"level":"info","time":"2025-05-25T09:36:08+02:00","message":" - Headers :\r\nDate:Sun, 25 May 2025 07:36:08 GMT\nConnection:keep-alive\nAccess-Control-Allow-Origin:*\nAccess-Control-Allow-Credentials:true\n"}
{"level":"info","time":"2025-05-25T09:36:11+02:00","message":" - DoPost Result :: Status code: 200"}
{"level":"info","time":"2025-05-25T09:36:11+02:00","message":" - Headers :\r\nDate:Sun, 25 May 2025 07:36:11 GMT\nConnection:keep-alive\nAccess-Control-Allow-Origin:*\nAccess-Control-Allow-Credentials:true\n"}
{"level":"info","time":"2025-05-25T09:36:12+02:00","message":" - [32] - GET Result :: Status code: 200"}
{"level":"info","time":"2025-05-25T09:36:12+02:00","message":" - Headers :\r\nAccess-Control-Allow-Credentials:true\nDate:Sun, 25 May 2025 07:36:12 GMT\nConnection:keep-alive\nAccess-Control-Allow-Origin:*\n"}
{"level":"info","time":"2025-05-25T09:36:14+02:00","message":" - DoPost Result :: Status code: 200"}
{"level":"info","time":"2025-05-25T09:36:14+02:00","message":" - [33] - GET Result :: Status code: 200"}
{"level":"info","time":"2025-05-25T09:36:14+02:00","message":" - Headers :\r\nAccess-Control-Allow-Origin:*\nAccess-Control-Allow-Credentials:true\nDate:Sun, 25 May 2025 07:36:14 GMT\nConnection:keep-alive\n"}
{"level":"info","time":"2025-05-25T09:36:14+02:00","message":" - Headers :\r\nDate:Sun, 25 May 2025 07:36:14 GMT\nConnection:keep-alive\nAccess-Control-Allow-Origin:*\nAccess-Control-Allow-Credentials:true\n"}
{"level":"info","time":"2025-05-25T09:36:17+02:00","message":" - [34] - GET Result :: Status code: 200"}
{"level":"info","time":"2025-05-25T09:36:17+02:00","message":" - Headers :\r\nAccess-Control-Allow-Origin:*\nAccess-Control-Allow-Credentials:true\nDate:Sun, 25 May 2025 07:36:17 GMT\nConnection:keep-alive\n"}
{"level":"info","time":"2025-05-25T09:36:17+02:00","message":" - DoPost Result :: Status code: 200"}
{"level":"info","time":"2025-05-25T09:36:17+02:00","message":" - Headers :\r\nAccess-Control-Allow-Origin:*\nAccess-Control-Allow-Credentials:true\nDate:Sun, 25 May 2025 07:36:17 GMT\nConnection:keep-alive\n"}
{"level":"info","time":"2025-05-25T09:36:20+02:00","message":" - DoPost Result :: Status code: 200"}
{"level":"info","time":"2025-05-25T09:36:20+02:00","message":" - Headers :\r\nDate:Sun, 25 May 2025 07:36:20 GMT\nConnection:keep-alive\nAccess-Control-Allow-Origin:*\nAccess-Control-Allow-Credentials:true\n"}
{"level":"info","time":"2025-05-25T09:36:21+02:00","message":" - [35] - GET Result :: Status code: 200"}
{"level":"info","time":"2025-05-25T09:36:21+02:00","message":" - Headers :\r\nAccess-Control-Allow-Credentials:true\nDate:Sun, 25 May 2025 07:36:21 GMT\nConnection:keep-alive\nAccess-Control-Allow-Origin:*\n"}
{"level":"info","time":"2025-05-25T09:36:23+02:00","message":"Application Framework stopped called......"}
{"level":"info","time":"2025-05-25T09:36:23+02:00","message":"Found AppUnits 1 in pool"}
{"level":"info","time":"2025-05-25T09:36:23+02:00","message":"AppUnit - [0] Stop called"}
{"level":"info","time":"2025-05-25T09:36:23+02:00","message":" - Stopping HTTP demo......"}
{"level":"info","time":"2025-05-25T09:36:23+02:00","message":" - Stopping HTTP demo........... DONE"}
{"level":"info","time":"2025-05-25T09:36:23+02:00","message":" - demo http stopped. stopper channel closed "}
{"level":"info","time":"2025-05-25T09:36:23+02:00","message":" - demo http stopped"}
{"level":"info","time":"2025-05-25T09:36:23+02:00","message":"Stopping SSE monitoring ........"}
{"level":"info","time":"2025-05-25T09:36:23+02:00","message":"Stopping SSE monitoring ....... DONE"}
{"level":"info","time":"2025-05-25T09:36:23+02:00","message":"Stopping HTTP monitoring server........"}
{"level":"info","time":"2025-05-25T09:36:25+02:00","message":"stopping the status broadcasting SSE"}
{"level":"info","time":"2025-05-25T09:36:25+02:00","message":"broadcasting status via SSE stopped"}
{"level":"info","time":"2025-05-25T09:36:42+02:00","message":"Logger Initialized & Started"}
{"level":"info","time":"2025-05-25T09:36:42+02:00","message":"Found 1 pool setting for appunit Http_demo"}
{"level":"info","time":"2025-05-25T09:36:42+02:00","message":"Loading the 0 appunit of pool [1] of Http_demo"}
{"level":"info","time":"2025-05-25T09:36:42+02:00","message":"Starting (0) of [1] - Http_demo.............\nAppunit info -> "}
{"level":"info","time":"2025-05-25T09:36:42+02:00","message":" - Starting ....."}
{"level":"info","time":"2025-05-25T09:36:42+02:00","message":" - Starting the ........... DONE"}
{"level":"info","time":"2025-05-25T09:36:42+02:00","message":"Started ------ (0) of [1] - Http_demo successfully"}
{"level":"info","time":"2025-05-25T09:36:42+02:00","message":"Started\t1 out of 1 pool of appunit Http_demo\n"}
{"level":"info","time":"2025-05-25T09:36:42+02:00","message":"Loaded & started 1 pool of appunits"}
{"level":"info","time":"2025-05-25T09:36:42+02:00","message":"starting the DoGet routine"}
{"level":"info","time":"2025-05-25T09:36:43+02:00","message":"starting HTTP monitoring ......"}
{"level":"info","time":"2025-05-25T09:36:43+02:00","message":"HTTP monitoring started on 127.0.0.1:8080"}
{"level":"info","time":"2025-05-25T09:36:45+02:00","message":"broadcasting event messages via SSE started"}
{"level":"info","time":"2025-05-25T09:36:45+02:00","message":"broadcasting status via SSE started"}
{"level":"info","time":"2025-05-25T09:36:45+02:00","message":"broadcasting log messages via SSE started"}
{"level":"info","time":"2025-05-25T09:36:45+02:00","message":" - DoPost Result :: Status code: 200"}
{"level":"info","time":"2025-05-25T09:36:45+02:00","message":" - Headers :\r\nDate:Sun, 25 May 2025 07:36:45 GMT\nConnection:keep-alive\nAccess-Control-Allow-Origin:*\nAccess-Control-Allow-Credentials:true\n"}
{"level":"info","time":"2025-05-25T09:36:45+02:00","message":" - [0] - GET Result :: Status code: 200"}
{"level":"info","time":"2025-05-25T09:36:45+02:00","message":" - Headers :\r\nAccess-Control-Allow-Credentials:true\nDate:Sun, 25 May 2025 07:36:45 GMT\nConnection:keep-alive\nAccess-Control-Allow-Origin:*\n"}
{"level":"info","time":"2025-05-25T09:36:48+02:00","message":" - [1] - GET Result :: Status code: 200"}
{"level":"info","time":"2025-05-25T09:36:48+02:00","message":" - Headers :\r\nDate:Sun, 25 May 2025 07:36:48 GMT\nConnection:keep-alive\nAccess-Control-Allow-Origin:*\nAccess-Control-Allow-Credentials:true\n"}
{"level":"info","time":"2025-05-25T09:36:49+02:00","message":" - DoPost Result :: Status code: 200"}
{"level":"info","time":"2025-05-25T09:36:49+02:00","message":" - Headers :\r\nAccess-Control-Allow-Origin:*\nAccess-Control-Allow-Credentials:true\nDate:Sun, 25 May 2025 07:36:48 GMT\nConnection:keep-alive\n"}
{"level":"info","time":"2025-05-25T09:36:51+02:00","message":" - DoPost Result :: Status code: 200"}
{"level":"info","time":"2025-05-25T09:36:51+02:00","message":" - Headers :\r\nDate:Sun, 25 May 2025 07:36:51 GMT\nConnection:keep-alive\nAccess-Control-Allow-Origin:*\nAccess-Control-Allow-Credentials:true\n"}
{"level":"info","time":"2025-05-25T09:36:52+02:00","message":" - [2] - GET Result :: Status code: 200"}
{"level":"info","time":"2025-05-25T09:36:52+02:00","message":" - Headers :\r\nDate:Sun, 25 May 2025 07:36:52 GMT\nConnection:keep-alive\nAccess-Control-Allow-Origin:*\nAccess-Control-Allow-Credentials:true\n"}
{"level":"info","time":"2025-05-25T09:36:54+02:00","message":" - DoPost Result :: Status code: 200"}
{"level":"info","time":"2025-05-25T09:36:54+02:00","message":" - Headers :\r\nDate:Sun, 25 May 2025 07:36:54 GMT\nConnection:keep-alive\nAccess-Control-Allow-Origin:*\nAccess-Control-Allow-Credentials:true\n"}
{"level":"info","time":"2025-05-25T09:36:54+02:00","message":" - [3] - GET Result :: Status code: 200"}
{"level":"info","time":"2025-05-25T09:36:54+02:00","message":" - Headers :\r\nDate:Sun, 25 May 2025 07:36:54 GMT\nConnection:keep-alive\nAccess-Control-Allow-Origin:*\nAccess-Control-Allow-Credentials:true\n"}
{"level":"info","time":"2025-05-25T09:36:57+02:00","message":" - DoPost Result :: Status code: 200"}
{"level":"info","time":"2025-05-25T09:36:57+02:00","message":" - Headers :\r\nDate:Sun, 25 May 2025 07:36:57 GMT\nConnection:keep-alive\nAccess-Control-Allow-Origin:*\nAccess-Control-Allow-Credentials:true\n"}
{"level":"info","time":"2025-05-25T09:36:57+02:00","message":" - [4] - GET Result :: Status code: 200"}
{"level":"info","time":"2025-05-25T09:36:57+02:00","message":" - Headers :\r\nConnection:keep-alive\nAccess-Control-Allow-Origin:*\nAccess-Control-Allow-Credentials:true\nDate:Sun, 25 May 2025 07:36:57 GMT\n"}
{"level":"info","time":"2025-05-25T09:37:00+02:00","message":" - DoPost Result :: Status code: 200"}
{"level":"info","time":"2025-05-25T09:37:00+02:00","message":" - Headers :\r\nDate:Sun, 25 May 2025 07:37:00 GMT\nConnection:keep-alive\nAccess-Control-Allow-Origin:*\nAccess-Control-Allow-Credentials:true\n"}
{"level":"info","time":"2025-05-25T09:37:00+02:00","message":" - [5] - GET Result :: Status code: 200"}
{"level":"info","time":"2025-05-25T09:37:00+02:00","message":" - Headers :\r\nConnection:keep-alive\nAccess-Control-Allow-Origin:*\nAccess-Control-Allow-Credentials:true\nDate:Sun, 25 May 2025 07:37:00 GMT\n"}
{"level":"info","time":"2025-05-25T09:37:03+02:00","message":" - DoPost Result :: Status code: 200"}
{"level":"info","time":"2025-05-25T09:37:03+02:00","message":" - Headers :\r\nDate:Sun, 25 May 2025 07:37:03 GMT\nConnection:keep-alive\nAccess-Control-Allow-Origin:*\nAccess-Control-Allow-Credentials:true\n"}
{"level":"info","time":"2025-05-25T09:37:03+02:00","message":" - [6] - GET Result :: Status code: 200"}
{"level":"info","time":"2025-05-25T09:37:03+02:00","message":" - Headers :\r\nDate:Sun, 25 May 2025 07:37:03 GMT\nConnection:keep-alive\nAccess-Control-Allow-Origin:*\nAccess-Control-Allow-Credentials:true\n"}
{"level":"info","time":"2025-05-25T09:37:06+02:00","message":" - DoPost Result :: Status code: 200"}
{"level":"info","time":"2025-05-25T09:37:06+02:00","message":" - Headers :\r\nDate:Sun, 25 May 2025 07:37:06 GMT\nConnection:keep-alive\nAccess-Control-Allow-Origin:*\nAccess-Control-Allow-Credentials:true\n"}
{"level":"info","time":"2025-05-25T09:37:06+02:00","message":" - [7] - GET Result :: Status code: 200"}
{"level":"info","time":"2025-05-25T09:37:06+02:00","message":" - Headers :\r\nDate:Sun, 25 May 2025 07:37:06 GMT\nConnection:keep-alive\nAccess-Control-Allow-Origin:*\nAccess-Control-Allow-Credentials:true\n"}
{"level":"info","time":"2025-05-25T09:37:09+02:00","message":" - [8] - GET Result :: Status code: 200"}
{"level":"info","time":"2025-05-25T09:37:09+02:00","message":" - Headers :\r\nDate:Sun, 25 May 2025 07:37:09 GMT\nConnection:keep-alive\nAccess-Control-Allow-Origin:*\nAccess-Control-Allow-Credentials:true\n"}
{"level":"info","time":"2025-05-25T09:37:09+02:00","message":" - DoPost Result :: Status code: 200"}
{"level":"info","time":"2025-05-25T09:37:09+02:00","message":" - Headers :\r\nAccess-Control-Allow-Credentials:true\nDate:Sun, 25 May 2025 07:37:09 GMT\nConnection:keep-alive\nAccess-Control-Allow-Origin:*\n"}
{"level":"info","time":"2025-05-25T09:37:12+02:00","message":" - [9] - GET Result :: Status code: 200"}
{"level":"info","time":"2025-05-25T09:37:12+02:00","message":" - Headers :\r\nConnection:keep-alive\nAccess-Control-Allow-Origin:*\nAccess-Control-Allow-Credentials:true\nDate:Sun, 25 May 2025 07:37:12 GMT\n"}
{"level":"info","time":"2025-05-25T09:37:12+02:00","message":" - DoPost Result :: Status code: 200"}
{"level":"info","time":"2025-05-25T09:37:12+02:00","message":" - Headers :\r\nDate:Sun, 25 May 2025 07:37:12 GMT\nConnection:keep-alive\nAccess-Control-Allow-Origin:*\nAccess-Control-Allow-Credentials:true\n"}
{"level":"info","time":"2025-05-25T09:37:15+02:00","message":" - [10] - GET Result :: Status code: 200"}
{"level":"info","time":"2025-05-25T09:37:15+02:00","message":" - Headers :\r\nDate:Sun, 25 May 2025 07:37:15 GMT\nConnection:keep-alive\nAccess-Control-Allow-Origin:*\nAccess-Control-Allow-Credentials:true\n"}
{"level":"info","time":"2025-05-25T09:37:16+02:00","message":" - DoPost Result :: Status code: 200"}
{"level":"info","time":"2025-05-25T09:37:16+02:00","message":" - Headers :\r\nDate:Sun, 25 May 2025 07:37:16 GMT\nConnection:keep-alive\nAccess-Control-Allow-Origin:*\nAccess-Control-Allow-Credentials:true\n"}
{"level":"info","time":"2025-05-25T09:37:18+02:00","message":" - [11] - GET Result :: Status code: 200"}
{"level":"info","time":"2025-05-25T09:37:18+02:00","message":" - Headers :\r\nConnection:keep-alive\nAccess-Control-Allow-Origin:*\nAccess-Control-Allow-Credentials:true\nDate:Sun, 25 May 2025 07:37:18 GMT\n"}
{"level":"info","time":"2025-05-25T09:37:18+02:00","message":" - DoPost Result :: Status code: 200"}
{"level":"info","time":"2025-05-25T09:37:18+02:00","message":" - Headers :\r\nDate:Sun, 25 May 2025 07:37:18 GMT\nConnection:keep-alive\nAccess-Control-Allow-Origin:*\nAccess-Control-Allow-Credentials:true\n"}
{"level":"info","time":"2025-05-25T09:37:21+02:00","message":" - [12] - GET Result :: Status code: 200"}
{"level":"info","time":"2025-05-25T09:37:21+02:00","message":" - Headers :\r\nDate:Sun, 25 May 2025 07:37:21 GMT\nConnection:keep-alive\nAccess-Control-Allow-Origin:*\nAccess-Control-Allow-Credentials:true\n"}
{"level":"info","time":"2025-05-25T09:37:21+02:00","message":" - DoPost Result :: Status code: 200"}
{"level":"info","time":"2025-05-25T09:37:21+02:00","message":" - Headers :\r\nDate:Sun, 25 May 2025 07:37:21 GMT\nConnection:keep-alive\nAccess-Control-Allow-Origin:*\nAccess-Control-Allow-Credentials:true\n"}
{"level":"info","time":"2025-05-25T09:37:24+02:00","message":" - [13] - GET Result :: Status code: 200"}
{"level":"info","time":"2025-05-25T09:37:24+02:00","message":" - Headers :\r\nDate:Sun, 25 May 2025 07:37:24 GMT\nConnection:keep-alive\nAccess-Control-Allow-Origin:*\nAccess-Control-Allow-Credentials:true\n"}
{"level":"info","time":"2025-05-25T09:37:24+02:00","message":" - DoPost Result :: Status code: 200"}
{"level":"info","time":"2025-05-25T09:37:24+02:00","message":" - Headers :\r\nDate:Sun, 25 May 2025 07:37:24 GMT\nConnection:keep-alive\nAccess-Control-Allow-Origin:*\nAccess-Control-Allow-Credentials:true\n"}
{"level":"info","time":"2025-05-25T09:37:27+02:00","message":" - DoPost Result :: Status code: 200"}
{"level":"info","time":"2025-05-25T09:37:27+02:00","message":" - Headers :\r\nAccess-Control-Allow-Origin:*\nAccess-Control-Allow-Credentials:true\nDate:Sun, 25 May 2025 07:37:27 GMT\nConnection:keep-alive\n"}
{"level":"info","time":"2025-05-25T09:37:27+02:00","message":" - [14] - GET Result :: Status code: 200"}
{"level":"info","time":"2025-05-25T09:37:27+02:00","message":" - Headers :\r\nConnection:keep-alive\nAccess-Control-Allow-Origin:*\nAccess-Control-Allow-Credentials:true\nDate:Sun, 25 May 2025 07:37:27 GMT\n"}
{"level":"info","time":"2025-05-25T09:37:30+02:00","message":" - DoPost Result :: Status code: 200"}
{"level":"info","time":"2025-05-25T09:37:30+02:00","message":" - Headers :\r\nAccess-Control-Allow-Credentials:true\nDate:Sun, 25 May 2025 07:37:30 GMT\nConnection:keep-alive\nAccess-Control-Allow-Origin:*\n"}
{"level":"info","time":"2025-05-25T09:37:30+02:00","message":" - [15] - GET Result :: Status code: 200"}
{"level":"info","time":"2025-05-25T09:37:30+02:00","message":" - Headers :\r\nDate:Sun, 25 May 2025 07:37:30 GMT\nConnection:keep-alive\nAccess-Control-Allow-Origin:*\nAccess-Control-Allow-Credentials:true\n"}
{"level":"info","time":"2025-05-25T09:37:33+02:00","message":" - [16] - GET Result :: Status code: 200"}
{"level":"info","time":"2025-05-25T09:37:33+02:00","message":" - Headers :\r\nConnection:keep-alive\nAccess-Control-Allow-Origin:*\nAccess-Control-Allow-Credentials:true\nDate:Sun, 25 May 2025 07:37:33 GMT\n"}
{"level":"info","time":"2025-05-25T09:37:33+02:00","message":" - DoPost Result :: Status code: 200"}
{"level":"info","time":"2025-05-25T09:37:33+02:00","message":" - Headers :\r\nConnection:keep-alive\nAccess-Control-Allow-Origin:*\nAccess-Control-Allow-Credentials:true\nDate:Sun, 25 May 2025 07:37:33 GMT\n"}
{"level":"info","time":"2025-05-25T09:37:36+02:00","message":" - DoPost Result :: Status code: 200"}
{"level":"info","time":"2025-05-25T09:37:36+02:00","message":" - Headers :\r\nDate:Sun, 25 May 2025 07:37:36 GMT\nConnection:keep-alive\nAccess-Control-Allow-Origin:*\nAccess-Control-Allow-Credentials:true\n"}
{"level":"info","time":"2025-05-25T09:37:36+02:00","message":" - [17] - GET Result :: Status code: 200"}
{"level":"info","time":"2025-05-25T09:37:36+02:00","message":" - Headers :\r\nDate:Sun, 25 May 2025 07:37:36 GMT\nConnection:keep-alive\nAccess-Control-Allow-Origin:*\nAccess-Control-Allow-Credentials:true\n"}
{"level":"info","time":"2025-05-25T09:37:38+02:00","message":"Application Framework stopped called......"}
{"level":"info","time":"2025-05-25T09:37:38+02:00","message":"Found AppUnits 1 in pool"}
{"level":"info","time":"2025-05-25T09:37:38+02:00","message":"AppUnit - [0] Stop called"}
{"level":"info","time":"2025-05-25T09:37:38+02:00","message":" - Stopping HTTP demo......"}
{"level":"info","time":"2025-05-25T09:37:38+02:00","message":" - Stopping HTTP demo........... DONE"}
{"level":"info","time":"2025-05-25T09:37:38+02:00","message":" - demo http stopped. stopper channel closed "}
{"level":"info","time":"2025-05-25T09:37:38+02:00","message":" - demo http stopped"}
{"level":"info","time":"2025-05-25T09:37:38+02:00","message":"Stopping SSE monitoring ........"}
{"level":"info","time":"2025-05-25T09:37:38+02:00","message":"Stopping SSE monitoring ....... DONE"}
{"level":"info","time":"2025-05-25T09:37:38+02:00","message":"Stopping HTTP monitoring server........"}
{"level":"info","time":"2025-05-25T09:37:40+02:00","message":"stopping the status broadcasting SSE"}
{"level":"info","time":"2025-05-25T09:37:40+02:00","message":"broadcasting status via SSE stopped"}
{"level":"info","time":"2025-05-25T09:37:54+02:00","message":"Logger Initialized & Started"}
{"level":"info","time":"2025-05-25T09:37:54+02:00","message":"Found 1 pool setting for appunit Http_demo"}
{"level":"info","time":"2025-05-25T09:37:54+02:00","message":"Loading the 0 appunit of pool [1] of Http_demo"}
{"level":"info","time":"2025-05-25T09:37:54+02:00","message":"Starting (0) of [1] - Http_demo.............\nAppunit info -> "}
{"level":"info","time":"2025-05-25T09:37:54+02:00","message":" - Starting ....."}
{"level":"info","time":"2025-05-25T09:37:54+02:00","message":" - Starting the ........... DONE"}
{"level":"info","time":"2025-05-25T09:37:54+02:00","message":"Started ------ (0) of [1] - Http_demo successfully"}
{"level":"info","time":"2025-05-25T09:37:54+02:00","message":"Started\t1 out of 1 pool of appunit Http_demo\n"}
{"level":"info","time":"2025-05-25T09:37:54+02:00","message":"Loaded & started 1 pool of appunits"}
{"level":"info","time":"2025-05-25T09:37:54+02:00","message":"starting the DoGet routine"}
{"level":"info","time":"2025-05-25T09:37:55+02:00","message":"starting HTTP monitoring ......"}
{"level":"info","time":"2025-05-25T09:37:55+02:00","message":"HTTP monitoring started on 127.0.0.1:8080"}
{"level":"info","time":"2025-05-25T09:37:57+02:00","message":"broadcasting event messages via SSE started"}
{"level":"info","time":"2025-05-25T09:37:57+02:00","message":"broadcasting status via SSE started"}
{"level":"info","time":"2025-05-25T09:37:57+02:00","message":"broadcasting log messages via SSE started"}
{"level":"info","time":"2025-05-25T09:37:58+02:00","message":" - DoPost Result :: Status code: 200"}
{"level":"info","time":"2025-05-25T09:37:58+02:00","message":" - Headers :\r\nDate:Sun, 25 May 2025 07:37:58 GMT\nConnection:keep-alive\nAccess-Control-Allow-Origin:*\nAccess-Control-Allow-Credentials:true\n"}
{"level":"info","time":"2025-05-25T09:37:58+02:00","message":" - [0] - GET Result :: Status code: 200"}
{"level":"info","time":"2025-05-25T09:37:58+02:00","message":" - Headers :\r\nAccess-Control-Allow-Origin:*\nAccess-Control-Allow-Credentials:true\nDate:Sun, 25 May 2025 07:37:58 GMT\nConnection:keep-alive\n"}
{"level":"info","time":"2025-05-25T09:38:00+02:00","message":" - [1] - GET Result :: Status code: 200"}
{"level":"info","time":"2025-05-25T09:38:00+02:00","message":" - Headers :\r\nDate:Sun, 25 May 2025 07:38:00 GMT\nConnection:keep-alive\nAccess-Control-Allow-Origin:*\nAccess-Control-Allow-Credentials:true\n"}
{"level":"info","time":"2025-05-25T09:38:01+02:00","message":" - DoPost Result :: Status code: 200"}
{"level":"info","time":"2025-05-25T09:38:01+02:00","message":" - Headers :\r\nDate:Sun, 25 May 2025 07:38:01 GMT\nConnection:keep-alive\nAccess-Control-Allow-Origin:*\nAccess-Control-Allow-Credentials:true\n"}
{"level":"info","time":"2025-05-25T09:38:03+02:00","message":" - DoPost Result :: Status code: 200"}
{"level":"info","time":"2025-05-25T09:38:03+02:00","message":" - Headers :\r\nDate:Sun, 25 May 2025 07:38:03 GMT\nConnection:keep-alive\nAccess-Control-Allow-Origin:*\nAccess-Control-Allow-Credentials:true\n"}
{"level":"info","time":"2025-05-25T09:38:04+02:00","message":" - [2] - GET Result :: Status code: 200"}
{"level":"info","time":"2025-05-25T09:38:04+02:00","message":" - Headers :\r\nConnection:keep-alive\nAccess-Control-Allow-Origin:*\nAccess-Control-Allow-Credentials:true\nDate:Sun, 25 May 2025 07:38:04 GMT\n"}
{"level":"info","time":"2025-05-25T09:38:06+02:00","message":" - [3] - GET Result :: Status code: 200"}
{"level":"info","time":"2025-05-25T09:38:06+02:00","message":" - Headers :\r\nDate:Sun, 25 May 2025 07:38:06 GMT\nConnection:keep-alive\nAccess-Control-Allow-Origin:*\nAccess-Control-Allow-Credentials:true\n"}
{"level":"info","time":"2025-05-25T09:38:06+02:00","message":" - DoPost Result :: Status code: 200"}
{"level":"info","time":"2025-05-25T09:38:06+02:00","message":" - Headers :\r\nAccess-Control-Allow-Origin:*\nAccess-Control-Allow-Credentials:true\nDate:Sun, 25 May 2025 07:38:06 GMT\nConnection:keep-alive\n"}
{"level":"info","time":"2025-05-25T09:38:09+02:00","message":" - DoPost Result :: Status code: 200"}
{"level":"info","time":"2025-05-25T09:38:09+02:00","message":" - Headers :\r\nDate:Sun, 25 May 2025 07:38:09 GMT\nConnection:keep-alive\nAccess-Control-Allow-Origin:*\nAccess-Control-Allow-Credentials:true\n"}
{"level":"info","time":"2025-05-25T09:38:10+02:00","message":" - [4] - GET Result :: Status code: 200"}
{"level":"info","time":"2025-05-25T09:38:10+02:00","message":" - Headers :\r\nDate:Sun, 25 May 2025 07:38:10 GMT\nConnection:keep-alive\nAccess-Control-Allow-Origin:*\nAccess-Control-Allow-Credentials:true\n"}
{"level":"info","time":"2025-05-25T09:38:12+02:00","message":" - [5] - GET Result :: Status code: 200"}
{"level":"info","time":"2025-05-25T09:38:12+02:00","message":" - Headers :\r\nDate:Sun, 25 May 2025 07:38:12 GMT\nConnection:keep-alive\nAccess-Control-Allow-Origin:*\nAccess-Control-Allow-Credentials:true\n"}
{"level":"info","time":"2025-05-25T09:38:12+02:00","message":" - DoPost Result :: Status code: 200"}
{"level":"info","time":"2025-05-25T09:38:12+02:00","message":" - Headers :\r\nConnection:keep-alive\nAccess-Control-Allow-Origin:*\nAccess-Control-Allow-Credentials:true\nDate:Sun, 25 May 2025 07:38:12 GMT\n"}
{"level":"info","time":"2025-05-25T09:38:15+02:00","message":" - [6] - GET Result :: Status code: 200"}
{"level":"info","time":"2025-05-25T09:38:15+02:00","message":" - DoPost Result :: Status code: 200"}
{"level":"info","time":"2025-05-25T09:38:15+02:00","message":" - Headers :\r\nConnection:keep-alive\nAccess-Control-Allow-Origin:*\nAccess-Control-Allow-Credentials:true\nDate:Sun, 25 May 2025 07:38:15 GMT\n"}
{"level":"info","time":"2025-05-25T09:38:15+02:00","message":" - Headers :\r\nDate:Sun, 25 May 2025 07:38:15 GMT\nConnection:keep-alive\nAccess-Control-Allow-Origin:*\nAccess-Control-Allow-Credentials:true\n"}
{"level":"info","time":"2025-05-25T09:38:18+02:00","message":" - DoPost Result :: Status code: 200"}
{"level":"info","time":"2025-05-25T09:38:18+02:00","message":" - Headers :\r\nDate:Sun, 25 May 2025 07:38:18 GMT\nConnection:keep-alive\nAccess-Control-Allow-Origin:*\nAccess-Control-Allow-Credentials:true\n"}
{"level":"info","time":"2025-05-25T09:38:18+02:00","message":" - [7] - GET Result :: Status code: 200"}
{"level":"info","time":"2025-05-25T09:38:18+02:00","message":" - Headers :\r\nConnection:keep-alive\nAccess-Control-Allow-Origin:*\nAccess-Control-Allow-Credentials:true\nDate:Sun, 25 May 2025 07:38:18 GMT\n"}
{"level":"info","time":"2025-05-25T09:38:21+02:00","message":" - [8] - GET Result :: Status code: 200"}
{"level":"info","time":"2025-05-25T09:38:21+02:00","message":" - Headers :\r\nDate:Sun, 25 May 2025 07:38:21 GMT\nConnection:keep-alive\nAccess-Control-Allow-Origin:*\nAccess-Control-Allow-Credentials:true\n"}
{"level":"info","time":"2025-05-25T09:38:21+02:00","message":" - DoPost Result :: Status code: 200"}
{"level":"info","time":"2025-05-25T09:38:21+02:00","message":" - Headers :\r\nAccess-Control-Allow-Origin:*\nAccess-Control-Allow-Credentials:true\nDate:Sun, 25 May 2025 07:38:21 GMT\nConnection:keep-alive\n"}
{"level":"info","time":"2025-05-25T09:38:24+02:00","message":" - [9] - GET Result :: Status code: 200"}
{"level":"info","time":"2025-05-25T09:38:24+02:00","message":" - Headers :\r\nDate:Sun, 25 May 2025 07:38:24 GMT\nConnection:keep-alive\nAccess-Control-Allow-Origin:*\nAccess-Control-Allow-Credentials:true\n"}
{"level":"info","time":"2025-05-25T09:38:24+02:00","message":" - DoPost Result :: Status code: 200"}
{"level":"info","time":"2025-05-25T09:38:24+02:00","message":" - Headers :\r\nDate:Sun, 25 May 2025 07:38:24 GMT\nConnection:keep-alive\nAccess-Control-Allow-Origin:*\nAccess-Control-Allow-Credentials:true\n"}
{"level":"info","time":"2025-05-25T09:38:27+02:00","message":" - [10] - GET Result :: Status code: 200"}
{"level":"info","time":"2025-05-25T09:38:27+02:00","message":" - Headers :\r\nAccess-Control-Allow-Credentials:true\nDate:Sun, 25 May 2025 07:38:27 GMT\nConnection:keep-alive\nAccess-Control-Allow-Origin:*\n"}
{"level":"info","time":"2025-05-25T09:38:27+02:00","message":" - DoPost Result :: Status code: 200"}
{"level":"info","time":"2025-05-25T09:38:27+02:00","message":" - Headers :\r\nAccess-Control-Allow-Origin:*\nAccess-Control-Allow-Credentials:true\nDate:Sun, 25 May 2025 07:38:27 GMT\nConnection:keep-alive\n"}
{"level":"info","time":"2025-05-25T09:38:30+02:00","message":" - DoPost Result :: Status code: 200"}
{"level":"info","time":"2025-05-25T09:38:30+02:00","message":" - Headers :\r\nDate:Sun, 25 May 2025 07:38:30 GMT\nConnection:keep-alive\nAccess-Control-Allow-Origin:*\nAccess-Control-Allow-Credentials:true\n"}
{"level":"info","time":"2025-05-25T09:38:30+02:00","message":" - [11] - GET Result :: Status code: 200"}
{"level":"info","time":"2025-05-25T09:38:30+02:00","message":" - Headers :\r\nConnection:keep-alive\nAccess-Control-Allow-Origin:*\nAccess-Control-Allow-Credentials:true\nDate:Sun, 25 May 2025 07:38:30 GMT\n"}
{"level":"info","time":"2025-05-25T09:38:33+02:00","message":"Application Framework stopped called......"}
{"level":"info","time":"2025-05-25T09:38:33+02:00","message":"Found AppUnits 1 in pool"}
{"level":"info","time":"2025-05-25T09:38:33+02:00","message":"AppUnit - [0] Stop called"}
{"level":"info","time":"2025-05-25T09:38:33+02:00","message":" - Stopping HTTP demo......"}
{"level":"info","time":"2025-05-25T09:38:33+02:00","message":" - Stopping HTTP demo........... DONE"}
{"level":"info","time":"2025-05-25T09:38:33+02:00","message":" - demo http stopped. stopper channel closed "}
{"level":"info","time":"2025-05-25T09:38:33+02:00","message":" - demo http stopped"}
{"level":"info","time":"2025-05-25T09:38:33+02:00","message":"Stopping SSE monitoring ........"}
{"level":"info","time":"2025-05-25T09:38:33+02:00","message":"Stopping SSE monitoring ....... DONE"}
{"level":"info","time":"2025-05-25T09:38:33+02:00","message":"Stopping HTTP monitoring server........"}
{"level":"info","time":"2025-05-25T09:38:37+02:00","message":"stopping the status broadcasting SSE"}
{"level":"info","time":"2025-05-25T09:38:37+02:00","message":"broadcasting status via SSE stopped"}
{"level":"info","time":"2025-05-25T09:38:51+02:00","message":"Logger Initialized & Started"}
{"level":"info","time":"2025-05-25T09:38:51+02:00","message":"Found 1 pool setting for appunit Http_demo"}
{"level":"info","time":"2025-05-25T09:38:51+02:00","message":"Loading the 0 appunit of pool [1] of Http_demo"}
{"level":"info","time":"2025-05-25T09:38:51+02:00","message":"Starting (0) of [1] - Http_demo.............\nAppunit info -> "}
{"level":"info","time":"2025-05-25T09:38:51+02:00","message":" - Starting ....."}
{"level":"info","time":"2025-05-25T09:38:51+02:00","message":" - Starting the ........... DONE"}
{"level":"info","time":"2025-05-25T09:38:51+02:00","message":"Started ------ (0) of [1] - Http_demo successfully"}
{"level":"info","time":"2025-05-25T09:38:51+02:00","message":"Started\t1 out of 1 pool of appunit Http_demo\n"}
{"level":"info","time":"2025-05-25T09:38:51+02:00","message":"Loaded & started 1 pool of appunits"}
{"level":"info","time":"2025-05-25T09:38:51+02:00","message":"starting the DoGet routine"}
{"level":"info","time":"2025-05-25T09:38:52+02:00","message":"starting HTTP monitoring ......"}
{"level":"info","time":"2025-05-25T09:38:52+02:00","message":"HTTP monitoring started on 127.0.0.1:8080"}
{"level":"info","time":"2025-05-25T09:38:54+02:00","message":"broadcasting log messages via SSE started"}
{"level":"info","time":"2025-05-25T09:38:54+02:00","message":"broadcasting event messages via SSE started"}
{"level":"info","time":"2025-05-25T09:38:54+02:00","message":"broadcasting status via SSE started"}
{"level":"info","time":"2025-05-25T09:38:55+02:00","message":" - DoPost Result :: Status code: 200"}
{"level":"info","time":"2025-05-25T09:38:55+02:00","message":" - Headers :\r\nDate:Sun, 25 May 2025 07:38:55 GMT\nConnection:keep-alive\nAccess-Control-Allow-Origin:*\nAccess-Control-Allow-Credentials:true\n"}
{"level":"info","time":"2025-05-25T09:38:55+02:00","message":" - [0] - GET Result :: Status code: 200"}
{"level":"info","time":"2025-05-25T09:38:55+02:00","message":" - Headers :\r\nAccess-Control-Allow-Credentials:true\nDate:Sun, 25 May 2025 07:38:55 GMT\nConnection:keep-alive\nAccess-Control-Allow-Origin:*\n"}
{"level":"info","time":"2025-05-25T09:38:57+02:00","message":" - [1] - GET Result :: Status code: 200"}
{"level":"info","time":"2025-05-25T09:38:57+02:00","message":" - Headers :\r\nAccess-Control-Allow-Origin:*\nAccess-Control-Allow-Credentials:true\nDate:Sun, 25 May 2025 07:38:57 GMT\nConnection:keep-alive\n"}
{"level":"info","time":"2025-05-25T09:38:58+02:00","message":" - DoPost Result :: Status code: 200"}
{"level":"info","time":"2025-05-25T09:38:58+02:00","message":" - Headers :\r\nAccess-Control-Allow-Credentials:true\nDate:Sun, 25 May 2025 07:38:58 GMT\nConnection:keep-alive\nAccess-Control-Allow-Origin:*\n"}
{"level":"info","time":"2025-05-25T09:39:00+02:00","message":" - DoPost Result :: Status code: 200"}
{"level":"info","time":"2025-05-25T09:39:00+02:00","message":" - Headers :\r\nDate:Sun, 25 May 2025 07:39:00 GMT\nConnection:keep-alive\nAccess-Control-Allow-Origin:*\nAccess-Control-Allow-Credentials:true\n"}
{"level":"info","time":"2025-05-25T09:39:01+02:00","message":" - [2] - GET Result :: Status code: 200"}
{"level":"info","time":"2025-05-25T09:39:01+02:00","message":" - Headers :\r\nConnection:keep-alive\nAccess-Control-Allow-Origin:*\nAccess-Control-Allow-Credentials:true\nDate:Sun, 25 May 2025 07:39:01 GMT\n"}
{"level":"info","time":"2025-05-25T09:39:03+02:00","message":" - [3] - GET Result :: Status code: 200"}
{"level":"info","time":"2025-05-25T09:39:03+02:00","message":" - Headers :\r\nDate:Sun, 25 May 2025 07:39:03 GMT\nConnection:keep-alive\nAccess-Control-Allow-Origin:*\nAccess-Control-Allow-Credentials:true\n"}
{"level":"info","time":"2025-05-25T09:39:04+02:00","message":" - DoPost Result :: Status code: 200"}
{"level":"info","time":"2025-05-25T09:39:04+02:00","message":" - Headers :\r\nDate:Sun, 25 May 2025 07:39:04 GMT\nConnection:keep-alive\nAccess-Control-Allow-Origin:*\nAccess-Control-Allow-Credentials:true\n"}
{"level":"info","time":"2025-05-25T09:39:06+02:00","message":" - [4] - GET Result :: Status code: 200"}
{"level":"info","time":"2025-05-25T09:39:06+02:00","message":" - Headers :\r\nDate:Sun, 25 May 2025 07:39:06 GMT\nConnection:keep-alive\nAccess-Control-Allow-Origin:*\nAccess-Control-Allow-Credentials:true\n"}
{"level":"info","time":"2025-05-25T09:39:07+02:00","message":" - DoPost Result :: Status code: 200"}
{"level":"info","time":"2025-05-25T09:39:07+02:00","message":" - Headers :\r\nConnection:keep-alive\nAccess-Control-Allow-Origin:*\nAccess-Control-Allow-Credentials:true\nDate:Sun, 25 May 2025 07:39:07 GMT\n"}
{"level":"info","time":"2025-05-25T09:39:09+02:00","message":" - [5] - GET Result :: Status code: 200"}
{"level":"info","time":"2025-05-25T09:39:09+02:00","message":" - Headers :\r\nConnection:keep-alive\nAccess-Control-Allow-Origin:*\nAccess-Control-Allow-Credentials:true\nDate:Sun, 25 May 2025 07:39:09 GMT\n"}
{"level":"info","time":"2025-05-25T09:39:09+02:00","message":" - DoPost Result :: Status code: 200"}
{"level":"info","time":"2025-05-25T09:39:09+02:00","message":" - Headers :\r\nDate:Sun, 25 May 2025 07:39:09 GMT\nConnection:keep-alive\nAccess-Control-Allow-Origin:*\nAccess-Control-Allow-Credentials:true\n"}
{"level":"info","time":"2025-05-25T09:39:12+02:00","message":" - [6] - GET Result :: Status code: 200"}
{"level":"info","time":"2025-05-25T09:39:12+02:00","message":" - Headers :\r\nDate:Sun, 25 May 2025 07:39:12 GMT\nConnection:keep-alive\nAccess-Control-Allow-Origin:*\nAccess-Control-Allow-Credentials:true\n"}
{"level":"info","time":"2025-05-25T09:39:12+02:00","message":" - DoPost Result :: Status code: 200"}
{"level":"info","time":"2025-05-25T09:39:12+02:00","message":" - Headers :\r\nDate:Sun, 25 May 2025 07:39:12 GMT\nConnection:keep-alive\nAccess-Control-Allow-Origin:*\nAccess-Control-Allow-Credentials:true\n"}
{"level":"info","time":"2025-05-25T09:39:15+02:00","message":" - [7] - GET Result :: Status code: 200"}
{"level":"info","time":"2025-05-25T09:39:15+02:00","message":" - Headers :\r\nDate:Sun, 25 May 2025 07:39:15 GMT\nConnection:keep-alive\nAccess-Control-Allow-Origin:*\nAccess-Control-Allow-Credentials:true\n"}
{"level":"info","time":"2025-05-25T09:39:15+02:00","message":" - DoPost Result :: Status code: 200"}
{"level":"info","time":"2025-05-25T09:39:15+02:00","message":" - Headers :\r\nDate:Sun, 25 May 2025 07:39:15 GMT\nConnection:keep-alive\nAccess-Control-Allow-Origin:*\nAccess-Control-Allow-Credentials:true\n"}
{"level":"info","time":"2025-05-25T09:39:18+02:00","message":" - DoPost Result :: Status code: 200"}
{"level":"info","time":"2025-05-25T09:39:18+02:00","message":" - Headers :\r\nDate:Sun, 25 May 2025 07:39:18 GMT\nConnection:keep-alive\nAccess-Control-Allow-Origin:*\nAccess-Control-Allow-Credentials:true\n"}
{"level":"info","time":"2025-05-25T09:39:18+02:00","message":" - [8] - GET Result :: Status code: 200"}
{"level":"info","time":"2025-05-25T09:39:18+02:00","message":" - Headers :\r\nDate:Sun, 25 May 2025 07:39:18 GMT\nConnection:keep-alive\nAccess-Control-Allow-Origin:*\nAccess-Control-Allow-Credentials:true\n"}
{"level":"info","time":"2025-05-25T09:39:21+02:00","message":" - [9] - GET Result :: Status code: 200"}
{"level":"info","time":"2025-05-25T09:39:21+02:00","message":" - Headers :\r\nDate:Sun, 25 May 2025 07:39:21 GMT\nConnection:keep-alive\nAccess-Control-Allow-Origin:*\nAccess-Control-Allow-Credentials:true\n"}
{"level":"info","time":"2025-05-25T09:39:22+02:00","message":" - DoPost Result :: Status code: 200"}
{"level":"info","time":"2025-05-25T09:39:22+02:00","message":" - Headers :\r\nAccess-Control-Allow-Credentials:true\nDate:Sun, 25 May 2025 07:39:22 GMT\nConnection:keep-alive\nAccess-Control-Allow-Origin:*\n"}
{"level":"info","time":"2025-05-25T09:39:24+02:00","message":" - DoPost Result :: Status code: 200"}
{"level":"info","time":"2025-05-25T09:39:24+02:00","message":" - Headers :\r\nAccess-Control-Allow-Credentials:true\nDate:Sun, 25 May 2025 07:39:24 GMT\nConnection:keep-alive\nAccess-Control-Allow-Origin:*\n"}
{"level":"info","time":"2025-05-25T09:39:25+02:00","message":" - [10] - GET Result :: Status code: 200"}
{"level":"info","time":"2025-05-25T09:39:25+02:00","message":" - Headers :\r\nDate:Sun, 25 May 2025 07:39:25 GMT\nConnection:keep-alive\nAccess-Control-Allow-Origin:*\nAccess-Control-Allow-Credentials:true\n"}
{"level":"info","time":"2025-05-25T09:39:26+02:00","message":"Application Framework stopped called......"}
{"level":"info","time":"2025-05-25T09:39:26+02:00","message":"Found AppUnits 1 in pool"}
{"level":"info","time":"2025-05-25T09:39:26+02:00","message":"AppUnit - [0] Stop called"}
{"level":"info","time":"2025-05-25T09:39:26+02:00","message":" - Stopping HTTP demo......"}
{"level":"info","time":"2025-05-25T09:39:26+02:00","message":" - Stopping HTTP demo........... DONE"}
{"level":"info","time":"2025-05-25T09:39:26+02:00","message":" - demo http stopped. stopper channel closed "}
{"level":"info","time":"2025-05-25T09:39:26+02:00","message":" - demo http stopped"}
{"level":"info","time":"2025-05-25T09:39:26+02:00","message":"Stopping SSE monitoring ........"}
{"level":"info","time":"2025-05-25T09:39:26+02:00","message":"Stopping SSE monitoring ....... DONE"}
{"level":"info","time":"2025-05-25T09:39:26+02:00","message":"Stopping HTTP monitoring server........"}
{"level":"info","time":"2025-05-25T09:39:29+02:00","message":"stopping the status broadcasting SSE"}
{"level":"info","time":"2025-05-25T09:39:29+02:00","message":"broadcasting status via SSE stopped"}
{"level":"info","time":"2025-05-25T09:39:37+02:00","message":"Logger Initialized & Started"}
{"level":"info","time":"2025-05-25T09:39:37+02:00","message":"Found 1 pool setting for appunit Http_demo"}
{"level":"info","time":"2025-05-25T09:39:37+02:00","message":"Loading the 0 appunit of pool [1] of Http_demo"}
{"level":"info","time":"2025-05-25T09:39:37+02:00","message":"Starting (0) of [1] - Http_demo.............\nAppunit info -> "}
{"level":"info","time":"2025-05-25T09:39:37+02:00","message":" - Starting ....."}
{"level":"info","time":"2025-05-25T09:39:37+02:00","message":" - Starting the ........... DONE"}
{"level":"info","time":"2025-05-25T09:39:37+02:00","message":"Started ------ (0) of [1] - Http_demo successfully"}
{"level":"info","time":"2025-05-25T09:39:37+02:00","message":"Started\t1 out of 1 pool of appunit Http_demo\n"}
{"level":"info","time":"2025-05-25T09:39:37+02:00","message":"Loaded & started 1 pool of appunits"}
{"level":"info","time":"2025-05-25T09:39:37+02:00","message":"starting the DoGet routine"}
{"level":"info","time":"2025-05-25T09:39:38+02:00","message":"starting HTTP monitoring ......"}
{"level":"info","time":"2025-05-25T09:39:38+02:00","message":"HTTP monitoring started on 127.0.0.1:8080"}
{"level":"info","time":"2025-05-25T09:39:40+02:00","message":"broadcasting status via SSE started"}
{"level":"info","time":"2025-05-25T09:39:40+02:00","message":"broadcasting event messages via SSE started"}
{"level":"info","time":"2025-05-25T09:39:40+02:00","message":"broadcasting log messages via SSE started"}
{"level":"info","time":"2025-05-25T09:39:41+02:00","message":" - [0] - GET Result :: Status code: 200"}
{"level":"info","time":"2025-05-25T09:39:41+02:00","message":" - Headers :\r\nDate:Sun, 25 May 2025 07:39:41 GMT\nConnection:keep-alive\nAccess-Control-Allow-Origin:*\nAccess-Control-Allow-Credentials:true\n"}
{"level":"info","time":"2025-05-25T09:39:41+02:00","message":" - DoPost Result :: Status code: 200"}
{"level":"info","time":"2025-05-25T09:39:41+02:00","message":" - Headers :\r\nDate:Sun, 25 May 2025 07:39:41 GMT\nConnection:keep-alive\nAccess-Control-Allow-Origin:*\nAccess-Control-Allow-Credentials:true\n"}
{"level":"info","time":"2025-05-25T09:39:43+02:00","message":" - DoPost Result :: Status code: 200"}
{"level":"info","time":"2025-05-25T09:39:43+02:00","message":" - Headers :\r\nDate:Sun, 25 May 2025 07:39:43 GMT\nConnection:keep-alive\nAccess-Control-Allow-Origin:*\nAccess-Control-Allow-Credentials:true\n"}
{"level":"info","time":"2025-05-25T09:39:43+02:00","message":" - [1] - GET Result :: Status code: 200"}
{"level":"info","time":"2025-05-25T09:39:43+02:00","message":" - Headers :\r\nAccess-Control-Allow-Credentials:true\nDate:Sun, 25 May 2025 07:39:43 GMT\nConnection:keep-alive\nAccess-Control-Allow-Origin:*\n"}
{"level":"info","time":"2025-05-25T09:39:46+02:00","message":" - DoPost Result :: Status code: 200"}
{"level":"info","time":"2025-05-25T09:39:46+02:00","message":" - Headers :\r\nDate:Sun, 25 May 2025 07:39:46 GMT\nConnection:keep-alive\nAccess-Control-Allow-Origin:*\nAccess-Control-Allow-Credentials:true\n"}
{"level":"info","time":"2025-05-25T09:39:46+02:00","message":" - [2] - GET Result :: Status code: 200"}
{"level":"info","time":"2025-05-25T09:39:46+02:00","message":" - Headers :\r\nDate:Sun, 25 May 2025 07:39:46 GMT\nConnection:keep-alive\nAccess-Control-Allow-Origin:*\nAccess-Control-Allow-Credentials:true\n"}
{"level":"info","time":"2025-05-25T09:39:49+02:00","message":" - [3] - GET Result :: Status code: 200"}
{"level":"info","time":"2025-05-25T09:39:49+02:00","message":" - Headers :\r\nAccess-Control-Allow-Credentials:true\nDate:Sun, 25 May 2025 07:39:49 GMT\nConnection:keep-alive\nAccess-Control-Allow-Origin:*\n"}
{"level":"info","time":"2025-05-25T09:39:49+02:00","message":" - DoPost Result :: Status code: 200"}
{"level":"info","time":"2025-05-25T09:39:49+02:00","message":" - Headers :\r\nDate:Sun, 25 May 2025 07:39:49 GMT\nConnection:keep-alive\nAccess-Control-Allow-Origin:*\nAccess-Control-Allow-Credentials:true\n"}
{"level":"info","time":"2025-05-25T09:39:52+02:00","message":" - DoPost Result :: Status code: 200"}
{"level":"info","time":"2025-05-25T09:39:52+02:00","message":" - Headers :\r\nAccess-Control-Allow-Credentials:true\nDate:Sun, 25 May 2025 07:39:52 GMT\nConnection:keep-alive\nAccess-Control-Allow-Origin:*\n"}
{"level":"info","time":"2025-05-25T09:39:52+02:00","message":" - [4] - GET Result :: Status code: 200"}
{"level":"info","time":"2025-05-25T09:39:52+02:00","message":" - Headers :\r\nDate:Sun, 25 May 2025 07:39:52 GMT\nConnection:keep-alive\nAccess-Control-Allow-Origin:*\nAccess-Control-Allow-Credentials:true\n"}
{"level":"info","time":"2025-05-25T09:39:56+02:00","message":" - DoPost Result :: Status code: 200"}
{"level":"info","time":"2025-05-25T09:39:56+02:00","message":" - Headers :\r\nDate:Sun, 25 May 2025 07:39:56 GMT\nConnection:keep-alive\nAccess-Control-Allow-Origin:*\nAccess-Control-Allow-Credentials:true\n"}
{"level":"info","time":"2025-05-25T09:39:56+02:00","message":" - [5] - GET Result :: Status code: 200"}
{"level":"info","time":"2025-05-25T09:39:56+02:00","message":" - Headers :\r\nConnection:keep-alive\nAccess-Control-Allow-Origin:*\nAccess-Control-Allow-Credentials:true\nDate:Sun, 25 May 2025 07:39:56 GMT\n"}
{"level":"info","time":"2025-05-25T09:39:59+02:00","message":" - [6] - GET Result :: Status code: 200"}
{"level":"info","time":"2025-05-25T09:39:59+02:00","message":" - Headers :\r\nDate:Sun, 25 May 2025 07:39:59 GMT\nConnection:keep-alive\nAccess-Control-Allow-Origin:*\nAccess-Control-Allow-Credentials:true\n"}
{"level":"info","time":"2025-05-25T09:40:00+02:00","message":" - DoPost Result :: Status code: 200"}
{"level":"info","time":"2025-05-25T09:40:00+02:00","message":" - Headers :\r\nDate:Sun, 25 May 2025 07:39:59 GMT\nConnection:keep-alive\nAccess-Control-Allow-Origin:*\nAccess-Control-Allow-Credentials:true\n"}
{"level":"info","time":"2025-05-25T09:40:01+02:00","message":" - DoPost Result :: Status code: 200"}
{"level":"info","time":"2025-05-25T09:40:01+02:00","message":" - Headers :\r\nDate:Sun, 25 May 2025 07:40:01 GMT\nConnection:keep-alive\nAccess-Control-Allow-Origin:*\nAccess-Control-Allow-Credentials:true\n"}
{"level":"info","time":"2025-05-25T09:40:02+02:00","message":" - [7] - GET Result :: Status code: 200"}
{"level":"info","time":"2025-05-25T09:40:02+02:00","message":" - Headers :\r\nDate:Sun, 25 May 2025 07:40:02 GMT\nConnection:keep-alive\nAccess-Control-Allow-Origin:*\nAccess-Control-Allow-Credentials:true\n"}
{"level":"info","time":"2025-05-25T09:40:04+02:00","message":" - DoPost Result :: Status code: 200"}
{"level":"info","time":"2025-05-25T09:40:04+02:00","message":" - Headers :\r\nDate:Sun, 25 May 2025 07:40:04 GMT\nConnection:keep-alive\nAccess-Control-Allow-Origin:*\nAccess-Control-Allow-Credentials:true\n"}
{"level":"info","time":"2025-05-25T09:40:06+02:00","message":" - [8] - GET Result :: Status code: 200"}
{"level":"info","time":"2025-05-25T09:40:06+02:00","message":" - Headers :\r\nDate:Sun, 25 May 2025 07:40:06 GMT\nConnection:keep-alive\nAccess-Control-Allow-Origin:*\nAccess-Control-Allow-Credentials:true\n"}
{"level":"info","time":"2025-05-25T09:40:07+02:00","message":" - DoPost Result :: Status code: 200"}
{"level":"info","time":"2025-05-25T09:40:07+02:00","message":" - Headers :\r\nAccess-Control-Allow-Credentials:true\nDate:Sun, 25 May 2025 07:40:07 GMT\nConnection:keep-alive\nAccess-Control-Allow-Origin:*\n"}
{"level":"info","time":"2025-05-25T09:40:07+02:00","message":" - [9] - GET Result :: Status code: 200"}
{"level":"info","time":"2025-05-25T09:40:07+02:00","message":" - Headers :\r\nDate:Sun, 25 May 2025 07:40:07 GMT\nConnection:keep-alive\nAccess-Control-Allow-Origin:*\nAccess-Control-Allow-Credentials:true\n"}
{"level":"info","time":"2025-05-25T09:40:10+02:00","message":" - [10] - GET Result :: Status code: 200"}
{"level":"info","time":"2025-05-25T09:40:10+02:00","message":" - Headers :\r\nAccess-Control-Allow-Credentials:true\nDate:Sun, 25 May 2025 07:40:10 GMT\nConnection:keep-alive\nAccess-Control-Allow-Origin:*\n"}
{"level":"info","time":"2025-05-25T09:40:10+02:00","message":" - DoPost Result :: Status code: 200"}
{"level":"info","time":"2025-05-25T09:40:10+02:00","message":" - Headers :\r\nConnection:keep-alive\nAccess-Control-Allow-Origin:*\nAccess-Control-Allow-Credentials:true\nDate:Sun, 25 May 2025 07:40:10 GMT\n"}
{"level":"info","time":"2025-05-25T09:40:13+02:00","message":" - [11] - GET Result :: Status code: 200"}
{"level":"info","time":"2025-05-25T09:40:13+02:00","message":" - Headers :\r\nAccess-Control-Allow-Credentials:true\nDate:Sun, 25 May 2025 07:40:13 GMT\nConnection:keep-alive\nAccess-Control-Allow-Origin:*\n"}
{"level":"info","time":"2025-05-25T09:40:14+02:00","message":" - DoPost Result :: Status code: 200"}
{"level":"info","time":"2025-05-25T09:40:14+02:00","message":" - Headers :\r\nAccess-Control-Allow-Origin:*\nAccess-Control-Allow-Credentials:true\nDate:Sun, 25 May 2025 07:40:14 GMT\nConnection:keep-alive\n"}
{"level":"info","time":"2025-05-25T09:40:16+02:00","message":" - DoPost Result :: Status code: 200"}
{"level":"info","time":"2025-05-25T09:40:16+02:00","message":" - Headers :\r\nDate:Sun, 25 May 2025 07:40:16 GMT\nConnection:keep-alive\nAccess-Control-Allow-Origin:*\nAccess-Control-Allow-Credentials:true\n"}
{"level":"info","time":"2025-05-25T09:40:17+02:00","message":" - [12] - GET Result :: Status code: 200"}
{"level":"info","time":"2025-05-25T09:40:17+02:00","message":" - Headers :\r\nConnection:keep-alive\nAccess-Control-Allow-Origin:*\nAccess-Control-Allow-Credentials:true\nDate:Sun, 25 May 2025 07:40:17 GMT\n"}
{"level":"info","time":"2025-05-25T09:40:19+02:00","message":" - [13] - GET Result :: Status code: 200"}
{"level":"info","time":"2025-05-25T09:40:19+02:00","message":" - Headers :\r\nDate:Sun, 25 May 2025 07:40:19 GMT\nConnection:keep-alive\nAccess-Control-Allow-Origin:*\nAccess-Control-Allow-Credentials:true\n"}
{"level":"info","time":"2025-05-25T09:40:19+02:00","message":" - DoPost Result :: Status code: 200"}
{"level":"info","time":"2025-05-25T09:40:19+02:00","message":" - Headers :\r\nDate:Sun, 25 May 2025 07:40:19 GMT\nConnection:keep-alive\nAccess-Control-Allow-Origin:*\nAccess-Control-Allow-Credentials:true\n"}
{"level":"info","time":"2025-05-25T09:40:22+02:00","message":"Application Framework stopped called......"}
{"level":"info","time":"2025-05-25T09:40:22+02:00","message":"Found AppUnits 1 in pool"}
{"level":"info","time":"2025-05-25T09:40:22+02:00","message":"AppUnit - [0] Stop called"}
{"level":"info","time":"2025-05-25T09:40:22+02:00","message":" - Stopping HTTP demo......"}
{"level":"info","time":"2025-05-25T09:40:22+02:00","message":" - Stopping HTTP demo........... DONE"}
{"level":"info","time":"2025-05-25T09:40:22+02:00","message":" - demo http stopped"}
{"level":"info","time":"2025-05-25T09:40:22+02:00","message":" - demo http stopped. stopper channel closed "}
{"level":"info","time":"2025-05-25T09:40:22+02:00","message":"Stopping SSE monitoring ........"}
{"level":"info","time":"2025-05-25T09:40:22+02:00","message":"Stopping SSE monitoring ....... DONE"}
{"level":"info","time":"2025-05-25T09:40:22+02:00","message":"Stopping HTTP monitoring server........"}
{"level":"info","time":"2025-05-25T09:40:25+02:00","message":"stopping the status broadcasting SSE"}
{"level":"info","time":"2025-05-25T09:40:25+02:00","message":"broadcasting status via SSE stopped"}
{"level":"info","time":"2025-05-25T09:45:36+02:00","message":"Logger Initialized & Started"}
{"level":"info","time":"2025-05-25T09:45:36+02:00","message":"Found 1 pool setting for appunit Http_demo"}
{"level":"info","time":"2025-05-25T09:45:36+02:00","message":"Loading the 0 appunit of pool [1] of Http_demo"}
{"level":"info","time":"2025-05-25T09:45:36+02:00","message":"Starting (0) of [1] - Http_demo.............\nAppunit info -> "}
{"level":"info","time":"2025-05-25T09:45:36+02:00","message":"Http_demo-0-126856 - Starting ....."}
{"level":"info","time":"2025-05-25T09:45:36+02:00","message":"Http_demo-0-126856 - Starting the ........... DONE"}
{"level":"info","time":"2025-05-25T09:45:36+02:00","message":"Started ------ (0) of [1] - Http_demo successfully"}
{"level":"info","time":"2025-05-25T09:45:36+02:00","message":"Started\t1 out of 1 pool of appunit Http_demo\n"}
{"level":"info","time":"2025-05-25T09:45:36+02:00","message":"Loaded & started 1 pool of appunits"}
{"level":"info","time":"2025-05-25T09:45:36+02:00","message":"starting the DoGet routine"}
{"level":"info","time":"2025-05-25T09:45:37+02:00","message":"starting HTTP monitoring ......"}
{"level":"info","time":"2025-05-25T09:45:37+02:00","message":"HTTP monitoring started on 127.0.0.1:8080"}
{"level":"info","time":"2025-05-25T09:45:39+02:00","message":"broadcasting status via SSE started"}
{"level":"info","time":"2025-05-25T09:45:39+02:00","message":"broadcasting event messages via SSE started"}
{"level":"info","time":"2025-05-25T09:45:39+02:00","message":"broadcasting log messages via SSE started"}
{"level":"info","time":"2025-05-25T09:45:40+02:00","message":"Http_demo-0-126856 - [0] - GET Result :: Status code: 200"}
{"level":"info","time":"2025-05-25T09:45:40+02:00","message":"Http_demo-0-126856 - Headers :\r\nConnection:keep-alive\nAccess-Control-Allow-Origin:*\nAccess-Control-Allow-Credentials:true\nDate:Sun, 25 May 2025 07:45:39 GMT\n"}
{"level":"info","time":"2025-05-25T09:45:40+02:00","message":"Http_demo-0-126856 - DoPost Result :: Status code: 200"}
{"level":"info","time":"2025-05-25T09:45:40+02:00","message":"Http_demo-0-126856 - Headers :\r\nDate:Sun, 25 May 2025 07:45:40 GMT\nConnection:keep-alive\nAccess-Control-Allow-Origin:*\nAccess-Control-Allow-Credentials:true\n"}
{"level":"info","time":"2025-05-25T09:45:42+02:00","message":"Http_demo-0-126856 - [1] - GET Result :: Status code: 200"}
{"level":"info","time":"2025-05-25T09:45:42+02:00","message":"Http_demo-0-126856 - Headers :\r\nDate:Sun, 25 May 2025 07:45:42 GMT\nConnection:keep-alive\nAccess-Control-Allow-Origin:*\nAccess-Control-Allow-Credentials:true\n"}
{"level":"info","time":"2025-05-25T09:45:42+02:00","message":"Http_demo-0-126856 - DoPost Result :: Status code: 200"}
{"level":"info","time":"2025-05-25T09:45:42+02:00","message":"Http_demo-0-126856 - Headers :\r\nDate:Sun, 25 May 2025 07:45:42 GMT\nConnection:keep-alive\nAccess-Control-Allow-Origin:*\nAccess-Control-Allow-Credentials:true\n"}
{"level":"info","time":"2025-05-25T09:45:45+02:00","message":"Http_demo-0-126856 - [2] - GET Result :: Status code: 200"}
{"level":"info","time":"2025-05-25T09:45:45+02:00","message":"Http_demo-0-126856 - Headers :\r\nDate:Sun, 25 May 2025 07:45:45 GMT\nConnection:keep-alive\nAccess-Control-Allow-Origin:*\nAccess-Control-Allow-Credentials:true\n"}
{"level":"info","time":"2025-05-25T09:45:45+02:00","message":"Http_demo-0-126856 - DoPost Result :: Status code: 200"}
{"level":"info","time":"2025-05-25T09:45:45+02:00","message":"Http_demo-0-126856 - Headers :\r\nDate:Sun, 25 May 2025 07:45:45 GMT\nConnection:keep-alive\nAccess-Control-Allow-Origin:*\nAccess-Control-Allow-Credentials:true\n"}
{"level":"info","time":"2025-05-25T09:45:48+02:00","message":"Http_demo-0-126856 - DoPost Result :: Status code: 200"}
{"level":"info","time":"2025-05-25T09:45:48+02:00","message":"Http_demo-0-126856 - Headers :\r\nDate:Sun, 25 May 2025 07:45:48 GMT\nConnection:keep-alive\nAccess-Control-Allow-Origin:*\nAccess-Control-Allow-Credentials:true\n"}
{"level":"info","time":"2025-05-25T09:45:48+02:00","message":"Http_demo-0-126856 - [3] - GET Result :: Status code: 200"}
{"level":"info","time":"2025-05-25T09:45:48+02:00","message":"Http_demo-0-126856 - Headers :\r\nDate:Sun, 25 May 2025 07:45:48 GMT\nConnection:keep-alive\nAccess-Control-Allow-Origin:*\nAccess-Control-Allow-Credentials:true\n"}
{"level":"info","time":"2025-05-25T09:45:51+02:00","message":"Http_demo-0-126856 - DoPost Result :: Status code: 200"}
{"level":"info","time":"2025-05-25T09:45:51+02:00","message":"Http_demo-0-126856 - Headers :\r\nDate:Sun, 25 May 2025 07:45:51 GMT\nConnection:keep-alive\nAccess-Control-Allow-Origin:*\nAccess-Control-Allow-Credentials:true\n"}
{"level":"info","time":"2025-05-25T09:45:52+02:00","message":"Application Framework stopped called......"}
{"level":"info","time":"2025-05-25T09:45:52+02:00","message":"Found AppUnits 1 in pool"}
{"level":"info","time":"2025-05-25T09:45:52+02:00","message":"AppUnit - [0] Stop called"}
{"level":"info","time":"2025-05-25T09:45:52+02:00","message":"Http_demo-0-126856 - Stopping HTTP demo......"}
{"level":"info","time":"2025-05-25T09:45:52+02:00","message":"Http_demo-0-126856 - Stopping HTTP demo........... DONE"}
{"level":"info","time":"2025-05-25T09:45:52+02:00","message":"Http_demo-0-126856 - demo http stopped. stopper channel closed "}
{"level":"info","time":"2025-05-25T09:45:52+02:00","message":"Http_demo-0-126856 - [4] - GET Result :: Status code: 200"}
{"level":"info","time":"2025-05-25T09:45:52+02:00","message":"Http_demo-0-126856 - Headers :\r\nDate:Sun, 25 May 2025 07:45:52 GMT\nConnection:keep-alive\nAccess-Control-Allow-Origin:*\nAccess-Control-Allow-Credentials:true\n"}
{"level":"info","time":"2025-05-25T09:45:52+02:00","message":"Http_demo-0-126856 - demo http stopped"}
{"level":"info","time":"2025-05-25T09:45:52+02:00","message":"Stopping SSE monitoring ........"}
{"level":"info","time":"2025-05-25T09:45:52+02:00","message":"Stopping SSE monitoring ....... DONE"}
{"level":"info","time":"2025-05-25T09:45:52+02:00","message":"Stopping HTTP monitoring server........"}
{"level":"info","time":"2025-05-25T09:45:54+02:00","message":"stopping the status broadcasting SSE"}
{"level":"info","time":"2025-05-25T09:45:54+02:00","message":"broadcasting status via SSE stopped"}
{"level":"info","time":"2025-05-25T09:46:04+02:00","message":"Logger Initialized & Started"}
{"level":"info","time":"2025-05-25T09:46:04+02:00","message":"Found 1 pool setting for appunit Http_demo"}
{"level":"info","time":"2025-05-25T09:46:04+02:00","message":"Loading the 0 appunit of pool [1] of Http_demo"}
{"level":"info","time":"2025-05-25T09:46:04+02:00","message":"Starting (0) of [1] - Http_demo.............\nAppunit info -> "}
{"level":"info","time":"2025-05-25T09:46:04+02:00","message":"Http_demo-0-127162 - Starting ....."}
{"level":"info","time":"2025-05-25T09:46:04+02:00","message":"Http_demo-0-127162 - Starting the ........... DONE"}
{"level":"info","time":"2025-05-25T09:46:04+02:00","message":"Started ------ (0) of [1] - Http_demo successfully"}
{"level":"info","time":"2025-05-25T09:46:04+02:00","message":"Started\t1 out of 1 pool of appunit Http_demo\n"}
{"level":"info","time":"2025-05-25T09:46:04+02:00","message":"Loaded & started 1 pool of appunits"}
{"level":"info","time":"2025-05-25T09:46:04+02:00","message":"starting the DoGet routine"}
{"level":"info","time":"2025-05-25T09:46:05+02:00","message":"starting HTTP monitoring ......"}
{"level":"info","time":"2025-05-25T09:46:05+02:00","message":"HTTP monitoring started on 127.0.0.1:8080"}
{"level":"info","time":"2025-05-25T09:46:07+02:00","message":"broadcasting status via SSE started"}
{"level":"info","time":"2025-05-25T09:46:07+02:00","message":"broadcasting log messages via SSE started"}
{"level":"info","time":"2025-05-25T09:46:07+02:00","message":"broadcasting event messages via SSE started"}
{"level":"info","time":"2025-05-25T09:46:08+02:00","message":"Http_demo-0-127162 - [0] - GET Result :: Status code: 200"}
{"level":"info","time":"2025-05-25T09:46:08+02:00","message":"Http_demo-0-127162 - Headers :\r\nDate:Sun, 25 May 2025 07:46:08 GMT\nConnection:keep-alive\nAccess-Control-Allow-Origin:*\nAccess-Control-Allow-Credentials:true\n"}
{"level":"info","time":"2025-05-25T09:46:08+02:00","message":"Http_demo-0-127162 - DoPost Result :: Status code: 200"}
{"level":"info","time":"2025-05-25T09:46:08+02:00","message":"Http_demo-0-127162 - Headers :\r\nConnection:keep-alive\nAccess-Control-Allow-Origin:*\nAccess-Control-Allow-Credentials:true\nDate:Sun, 25 May 2025 07:46:08 GMT\n"}
{"level":"info","time":"2025-05-25T09:46:10+02:00","message":"Http_demo-0-127162 - [1] - GET Result :: Status code: 200"}
{"level":"info","time":"2025-05-25T09:46:10+02:00","message":"Http_demo-0-127162 - Headers :\r\nAccess-Control-Allow-Origin:*\nAccess-Control-Allow-Credentials:true\nDate:Sun, 25 May 2025 07:46:10 GMT\nConnection:keep-alive\n"}
{"level":"info","time":"2025-05-25T09:46:11+02:00","message":"Http_demo-0-127162 - DoPost Result :: Status code: 200"}
{"level":"info","time":"2025-05-25T09:46:11+02:00","message":"Http_demo-0-127162 - Headers :\r\nDate:Sun, 25 May 2025 07:46:11 GMT\nConnection:keep-alive\nAccess-Control-Allow-Origin:*\nAccess-Control-Allow-Credentials:true\n"}
{"level":"info","time":"2025-05-25T09:46:13+02:00","message":"Http_demo-0-127162 - [2] - GET Result :: Status code: 200"}
{"level":"info","time":"2025-05-25T09:46:13+02:00","message":"Http_demo-0-127162 - Headers :\r\nDate:Sun, 25 May 2025 07:46:13 GMT\nConnection:keep-alive\nAccess-Control-Allow-Origin:*\nAccess-Control-Allow-Credentials:true\n"}
{"level":"info","time":"2025-05-25T09:46:14+02:00","message":"Http_demo-0-127162 - DoPost Result :: Status code: 200"}
{"level":"info","time":"2025-05-25T09:46:14+02:00","message":"Http_demo-0-127162 - Headers :\r\nDate:Sun, 25 May 2025 07:46:14 GMT\nConnection:keep-alive\nAccess-Control-Allow-Origin:*\nAccess-Control-Allow-Credentials:true\n"}
{"level":"info","time":"2025-05-25T09:46:16+02:00","message":"Http_demo-0-127162 - DoPost Result :: Status code: 200"}
{"level":"info","time":"2025-05-25T09:46:16+02:00","message":"Http_demo-0-127162 - Headers :\r\nDate:Sun, 25 May 2025 07:46:16 GMT\nConnection:keep-alive\nAccess-Control-Allow-Origin:*\nAccess-Control-Allow-Credentials:true\n"}
{"level":"info","time":"2025-05-25T09:46:16+02:00","message":"Http_demo-0-127162 - [3] - GET Result :: Status code: 200"}
{"level":"info","time":"2025-05-25T09:46:16+02:00","message":"Http_demo-0-127162 - Headers :\r\nDate:Sun, 25 May 2025 07:46:16 GMT\nConnection:keep-alive\nAccess-Control-Allow-Origin:*\nAccess-Control-Allow-Credentials:true\n"}
{"level":"info","time":"2025-05-25T09:46:19+02:00","message":"Http_demo-0-127162 - [4] - GET Result :: Status code: 200"}
{"level":"info","time":"2025-05-25T09:46:19+02:00","message":"Http_demo-0-127162 - Headers :\r\nDate:Sun, 25 May 2025 07:46:19 GMT\nConnection:keep-alive\nAccess-Control-Allow-Origin:*\nAccess-Control-Allow-Credentials:true\n"}
{"level":"info","time":"2025-05-25T09:46:20+02:00","message":"Http_demo-0-127162 - DoPost Result :: Status code: 200"}
{"level":"info","time":"2025-05-25T09:46:20+02:00","message":"Http_demo-0-127162 - Headers :\r\nDate:Sun, 25 May 2025 07:46:20 GMT\nConnection:keep-alive\nAccess-Control-Allow-Origin:*\nAccess-Control-Allow-Credentials:true\n"}
{"level":"info","time":"2025-05-25T09:46:22+02:00","message":"Http_demo-0-127162 - DoPost Result :: Status code: 200"}
{"level":"info","time":"2025-05-25T09:46:22+02:00","message":"Http_demo-0-127162 - Headers :\r\nDate:Sun, 25 May 2025 07:46:22 GMT\nConnection:keep-alive\nAccess-Control-Allow-Origin:*\nAccess-Control-Allow-Credentials:true\n"}
{"level":"info","time":"2025-05-25T09:46:22+02:00","message":"Http_demo-0-127162 - [5] - GET Result :: Status code: 200"}
{"level":"info","time":"2025-05-25T09:46:22+02:00","message":"Http_demo-0-127162 - Headers :\r\nDate:Sun, 25 May 2025 07:46:22 GMT\nConnection:keep-alive\nAccess-Control-Allow-Origin:*\nAccess-Control-Allow-Credentials:true\n"}
{"level":"info","time":"2025-05-25T09:46:25+02:00","message":"Http_demo-0-127162 - [6] - GET Result :: Status code: 200"}
{"level":"info","time":"2025-05-25T09:46:25+02:00","message":"Http_demo-0-127162 - Headers :\r\nDate:Sun, 25 May 2025 07:46:25 GMT\nConnection:keep-alive\nAccess-Control-Allow-Origin:*\nAccess-Control-Allow-Credentials:true\n"}
{"level":"info","time":"2025-05-25T09:46:25+02:00","message":"Http_demo-0-127162 - DoPost Result :: Status code: 200"}
{"level":"info","time":"2025-05-25T09:46:25+02:00","message":"Http_demo-0-127162 - Headers :\r\nDate:Sun, 25 May 2025 07:46:25 GMT\nConnection:keep-alive\nAccess-Control-Allow-Origin:*\nAccess-Control-Allow-Credentials:true\n"}
{"level":"info","time":"2025-05-25T09:46:28+02:00","message":"Http_demo-0-127162 - [7] - GET Result :: Status code: 200"}
{"level":"info","time":"2025-05-25T09:46:28+02:00","message":"Http_demo-0-127162 - Headers :\r\nDate:Sun, 25 May 2025 07:46:28 GMT\nConnection:keep-alive\nAccess-Control-Allow-Origin:*\nAccess-Control-Allow-Credentials:true\n"}
{"level":"info","time":"2025-05-25T09:46:29+02:00","message":"Http_demo-0-127162 - DoPost Result :: Status code: 200"}
{"level":"info","time":"2025-05-25T09:46:29+02:00","message":"Http_demo-0-127162 - Headers :\r\nAccess-Control-Allow-Origin:*\nAccess-Control-Allow-Credentials:true\nDate:Sun, 25 May 2025 07:46:29 GMT\nConnection:keep-alive\n"}
{"level":"info","time":"2025-05-25T09:46:31+02:00","message":"Http_demo-0-127162 - DoPost Result :: Status code: 200"}
{"level":"info","time":"2025-05-25T09:46:31+02:00","message":"Http_demo-0-127162 - Headers :\r\nAccess-Control-Allow-Origin:*\nAccess-Control-Allow-Credentials:true\nDate:Sun, 25 May 2025 07:46:31 GMT\nConnection:keep-alive\n"}
{"level":"info","time":"2025-05-25T09:46:32+02:00","message":"Http_demo-0-127162 - [8] - GET Result :: Status code: 200"}
{"level":"info","time":"2025-05-25T09:46:32+02:00","message":"Http_demo-0-127162 - Headers :\r\nDate:Sun, 25 May 2025 07:46:32 GMT\nConnection:keep-alive\nAccess-Control-Allow-Origin:*\nAccess-Control-Allow-Credentials:true\n"}
{"level":"info","time":"2025-05-25T09:46:34+02:00","message":"Http_demo-0-127162 - DoPost Result :: Status code: 200"}
{"level":"info","time":"2025-05-25T09:46:34+02:00","message":"Http_demo-0-127162 - Headers :\r\nAccess-Control-Allow-Origin:*\nAccess-Control-Allow-Credentials:true\nDate:Sun, 25 May 2025 07:46:34 GMT\nConnection:keep-alive\n"}
{"level":"info","time":"2025-05-25T09:46:34+02:00","message":"Http_demo-0-127162 - [9] - GET Result :: Status code: 200"}
{"level":"info","time":"2025-05-25T09:46:34+02:00","message":"Http_demo-0-127162 - Headers :\r\nDate:Sun, 25 May 2025 07:46:34 GMT\nConnection:keep-alive\nAccess-Control-Allow-Origin:*\nAccess-Control-Allow-Credentials:true\n"}
{"level":"info","time":"2025-05-25T09:46:37+02:00","message":"Http_demo-0-127162 - DoPost Result :: Status code: 200"}
{"level":"info","time":"2025-05-25T09:46:37+02:00","message":"Http_demo-0-127162 - Headers :\r\nAccess-Control-Allow-Origin:*\nAccess-Control-Allow-Credentials:true\nDate:Sun, 25 May 2025 07:46:37 GMT\nConnection:keep-alive\n"}
{"level":"info","time":"2025-05-25T09:46:38+02:00","message":"Http_demo-0-127162 - [10] - GET Result :: Status code: 200"}
{"level":"info","time":"2025-05-25T09:46:38+02:00","message":"Http_demo-0-127162 - Headers :\r\nAccess-Control-Allow-Credentials:true\nDate:Sun, 25 May 2025 07:46:38 GMT\nConnection:keep-alive\nAccess-Control-Allow-Origin:*\n"}
{"level":"info","time":"2025-05-25T09:46:40+02:00","message":"Http_demo-0-127162 - [11] - GET Result :: Status code: 200"}
{"level":"info","time":"2025-05-25T09:46:40+02:00","message":"Http_demo-0-127162 - Headers :\r\nAccess-Control-Allow-Origin:*\nAccess-Control-Allow-Credentials:true\nDate:Sun, 25 May 2025 07:46:40 GMT\nConnection:keep-alive\n"}
{"level":"info","time":"2025-05-25T09:46:41+02:00","message":"Http_demo-0-127162 - DoPost Result :: Status code: 200"}
{"level":"info","time":"2025-05-25T09:46:41+02:00","message":"Http_demo-0-127162 - Headers :\r\nDate:Sun, 25 May 2025 07:46:41 GMT\nConnection:keep-alive\nAccess-Control-Allow-Origin:*\nAccess-Control-Allow-Credentials:true\n"}
{"level":"info","time":"2025-05-25T09:46:43+02:00","message":"Http_demo-0-127162 - DoPost Result :: Status code: 200"}
{"level":"info","time":"2025-05-25T09:46:43+02:00","message":"Http_demo-0-127162 - Headers :\r\nDate:Sun, 25 May 2025 07:46:43 GMT\nConnection:keep-alive\nAccess-Control-Allow-Origin:*\nAccess-Control-Allow-Credentials:true\n"}
{"level":"info","time":"2025-05-25T09:46:43+02:00","message":"Http_demo-0-127162 - [12] - GET Result :: Status code: 200"}
{"level":"info","time":"2025-05-25T09:46:43+02:00","message":"Http_demo-0-127162 - Headers :\r\nAccess-Control-Allow-Credentials:true\nDate:Sun, 25 May 2025 07:46:43 GMT\nConnection:keep-alive\nAccess-Control-Allow-Origin:*\n"}
{"level":"info","time":"2025-05-25T09:46:46+02:00","message":"Http_demo-0-127162 - DoPost Result :: Status code: 200"}
{"level":"info","time":"2025-05-25T09:46:46+02:00","message":"Http_demo-0-127162 - Headers :\r\nAccess-Control-Allow-Credentials:true\nDate:Sun, 25 May 2025 07:46:46 GMT\nConnection:keep-alive\nAccess-Control-Allow-Origin:*\n"}
{"level":"info","time":"2025-05-25T09:46:46+02:00","message":"Http_demo-0-127162 - [13] - GET Result :: Status code: 200"}
{"level":"info","time":"2025-05-25T09:46:46+02:00","message":"Http_demo-0-127162 - Headers :\r\nDate:Sun, 25 May 2025 07:46:46 GMT\nConnection:keep-alive\nAccess-Control-Allow-Origin:*\nAccess-Control-Allow-Credentials:true\n"}
{"level":"info","time":"2025-05-25T09:46:47+02:00","message":"Application Framework stopped called......"}
{"level":"info","time":"2025-05-25T09:46:47+02:00","message":"Found AppUnits 1 in pool"}
{"level":"info","time":"2025-05-25T09:46:47+02:00","message":"AppUnit - [0] Stop called"}
{"level":"info","time":"2025-05-25T09:46:47+02:00","message":"Http_demo-0-127162 - Stopping HTTP demo......"}
{"level":"info","time":"2025-05-25T09:46:47+02:00","message":"Http_demo-0-127162 - Stopping HTTP demo........... DONE"}
{"level":"info","time":"2025-05-25T09:46:47+02:00","message":"Http_demo-0-127162 - demo http stopped. stopper channel closed "}
{"level":"info","time":"2025-05-25T09:46:47+02:00","message":"Http_demo-0-127162 - demo http stopped"}
{"level":"info","time":"2025-05-25T09:46:48+02:00","message":"Stopping SSE monitoring ........"}
{"level":"info","time":"2025-05-25T09:46:48+02:00","message":"Stopping SSE monitoring ....... DONE"}
{"level":"info","time":"2025-05-25T09:46:48+02:00","message":"Stopping HTTP monitoring server........"}
{"level":"info","time":"2025-05-25T09:46:52+02:00","message":"stopping the status broadcasting SSE"}
{"level":"info","time":"2025-05-25T09:46:52+02:00","message":"broadcasting status via SSE stopped"}
{"level":"info","time":"2025-06-06T20:02:09+02:00","message":"Logger Initialized & Started"}
{"level":"info","time":"2025-06-06T20:02:09+02:00","message":"Found 1 pool setting for appunit Http_demo"}
{"level":"error","time":"2025-06-06T20:02:09+02:00","message":"Failed to load AgniOne Http_demo - /media/ajith/work/developments/go/AgniOne/GitHub4/agnione/apps/units/demohttp.so. plugin.Open(\"/media/ajith/work/developments/go/AgniOne/GitHub4/agnione/apps/units/demohttp.so\"): realpath failed"}
{"level":"warn","time":"2025-06-06T20:02:09+02:00","message":"No AgniOne Units loaded"}
{"level":"info","time":"2025-06-06T20:02:10+02:00","message":"starting HTTP monitoring ......"}
{"level":"info","time":"2025-06-06T20:02:10+02:00","message":"HTTP monitoring started on 127.0.0.1:8080"}
{"level":"info","time":"2025-06-06T20:02:12+02:00","message":"broadcasting event messages via SSE started"}
{"level":"info","time":"2025-06-06T20:02:12+02:00","message":"broadcasting status via SSE started"}
{"level":"info","time":"2025-06-06T20:02:12+02:00","message":"broadcasting log messages via SSE started"}
{"level":"info","time":"2025-06-06T20:05:31+02:00","message":"Application Framework stopped called......"}
{"level":"info","time":"2025-06-06T20:05:31+02:00","message":"No AppUnits loaded"}
{"level":"info","time":"2025-06-06T20:05:31+02:00","message":"Stopping SSE monitoring ........"}
{"level":"info","time":"2025-06-06T20:05:31+02:00","message":"Stopping SSE monitoring ....... DONE"}
{"level":"info","time":"2025-06-06T20:05:31+02:00","message":"Stopping HTTP monitoring server........"}
